"C:/Game projects/Grand-City-Mobile-RP-UE5/Content/Characters/Mannequins/Meshes/SK_Mannequin.uasset" 0
"C:/Game projects/Grand-City-Mobile-RP-UE5/Content/Characters/Mannequins/Meshes/SK_Mannequin.uexp" 1
"C:/Game projects/Grand-City-Mobile-RP-UE5/Content/Characters/Mannequins/Rigs/PA_Mannequin.uasset" 2
"C:/Game projects/Grand-City-Mobile-RP-UE5/Content/Characters/Mannequins/Rigs/PA_Mannequin.uexp" 3
"../../../Engine/Content/Functions/Engine_MaterialFunctions02/Utility/BreakOutFloat2Components.uasset" 4
"../../../Engine/Content/Functions/Engine_MaterialFunctions02/Utility/BreakOutFloat2Components.uexp" 5
"../../../Engine/Content/Functions/Engine_MaterialFunctions01/Opacity/CameraDepthFade.uasset" 6
"../../../Engine/Content/Functions/Engine_MaterialFunctions01/Opacity/CameraDepthFade.uexp" 7
"../../../Engine/Content/Functions/Engine_MaterialFunctions01/Texturing/ScaleUVsByCenter.uasset" 8
"../../../Engine/Content/Functions/Engine_MaterialFunctions01/Texturing/ScaleUVsByCenter.uexp" 9
"C:/Game projects/Grand-City-Mobile-RP-UE5/Content/Characters/Mannequins/Textures/Manny/T_Manny_01_BN.ubulk" 10
"C:/Game projects/Grand-City-Mobile-RP-UE5/Content/Characters/Mannequins/Textures/Manny/T_Manny_01_BN.uasset" 11
"C:/Game projects/Grand-City-Mobile-RP-UE5/Content/Characters/Mannequins/Textures/Manny/T_Manny_01_BN.uexp" 12
"C:/Game projects/Grand-City-Mobile-RP-UE5/Content/Characters/Mannequins/Textures/Manny/T_Manny_01_D.ubulk" 13
"C:/Game projects/Grand-City-Mobile-RP-UE5/Content/Characters/Mannequins/Textures/Manny/T_Manny_01_D.uasset" 14
"C:/Game projects/Grand-City-Mobile-RP-UE5/Content/Characters/Mannequins/Textures/Manny/T_Manny_01_D.uexp" 15
"C:/Game projects/Grand-City-Mobile-RP-UE5/Content/Characters/Mannequins/Textures/Manny/T_Manny_01_MRA.ubulk" 16
"C:/Game projects/Grand-City-Mobile-RP-UE5/Content/Characters/Mannequins/Textures/Manny/T_Manny_01_MRA.uasset" 17
"C:/Game projects/Grand-City-Mobile-RP-UE5/Content/Characters/Mannequins/Textures/Manny/T_Manny_01_MRA.uexp" 18
"C:/Game projects/Grand-City-Mobile-RP-UE5/Content/Characters/Mannequins/Textures/Shared/T_UE_Logo_M.uasset" 19
"C:/Game projects/Grand-City-Mobile-RP-UE5/Content/Characters/Mannequins/Textures/Shared/T_UE_Logo_M.uexp" 20
"C:/Game projects/Grand-City-Mobile-RP-UE5/Content/Characters/Mannequins/Materials/M_Mannequin.uasset" 21
"C:/Game projects/Grand-City-Mobile-RP-UE5/Content/Characters/Mannequins/Materials/M_Mannequin.uexp" 22
"C:/Game projects/Grand-City-Mobile-RP-UE5/Content/Characters/Mannequins/Textures/Quinn/T_Quinn_01_D.ubulk" 23
"C:/Game projects/Grand-City-Mobile-RP-UE5/Content/Characters/Mannequins/Textures/Quinn/T_Quinn_01_D.uasset" 24
"C:/Game projects/Grand-City-Mobile-RP-UE5/Content/Characters/Mannequins/Textures/Quinn/T_Quinn_01_D.uexp" 25
"C:/Game projects/Grand-City-Mobile-RP-UE5/Content/Characters/Mannequins/Textures/Quinn/T_Quinn_01_MRA.ubulk" 26
"C:/Game projects/Grand-City-Mobile-RP-UE5/Content/Characters/Mannequins/Textures/Quinn/T_Quinn_01_MRA.uasset" 27
"C:/Game projects/Grand-City-Mobile-RP-UE5/Content/Characters/Mannequins/Textures/Quinn/T_Quinn_01_MRA.uexp" 28
"C:/Game projects/Grand-City-Mobile-RP-UE5/Content/Characters/Mannequins/Textures/Quinn/T_Quinn_01_N.ubulk" 29
"C:/Game projects/Grand-City-Mobile-RP-UE5/Content/Characters/Mannequins/Textures/Quinn/T_Quinn_01_N.uasset" 30
"C:/Game projects/Grand-City-Mobile-RP-UE5/Content/Characters/Mannequins/Textures/Quinn/T_Quinn_01_N.uexp" 31
"C:/Game projects/Grand-City-Mobile-RP-UE5/Content/Characters/Mannequins/Materials/Quinn/MI_Quinn_01.uasset" 32
"C:/Game projects/Grand-City-Mobile-RP-UE5/Content/Characters/Mannequins/Materials/Quinn/MI_Quinn_01.uexp" 33
"C:/Game projects/Grand-City-Mobile-RP-UE5/Content/Characters/Mannequins/Textures/Quinn/T_Quinn_02_D.ubulk" 34
"C:/Game projects/Grand-City-Mobile-RP-UE5/Content/Characters/Mannequins/Textures/Quinn/T_Quinn_02_D.uasset" 35
"C:/Game projects/Grand-City-Mobile-RP-UE5/Content/Characters/Mannequins/Textures/Quinn/T_Quinn_02_D.uexp" 36
"C:/Game projects/Grand-City-Mobile-RP-UE5/Content/Characters/Mannequins/Textures/Quinn/T_Quinn_02_MRA.ubulk" 37
"C:/Game projects/Grand-City-Mobile-RP-UE5/Content/Characters/Mannequins/Textures/Quinn/T_Quinn_02_MRA.uasset" 38
"C:/Game projects/Grand-City-Mobile-RP-UE5/Content/Characters/Mannequins/Textures/Quinn/T_Quinn_02_MRA.uexp" 39
"C:/Game projects/Grand-City-Mobile-RP-UE5/Content/Characters/Mannequins/Textures/Quinn/T_Quinn_02_N.ubulk" 40
"C:/Game projects/Grand-City-Mobile-RP-UE5/Content/Characters/Mannequins/Textures/Quinn/T_Quinn_02_N.uasset" 41
"C:/Game projects/Grand-City-Mobile-RP-UE5/Content/Characters/Mannequins/Textures/Quinn/T_Quinn_02_N.uexp" 42
"C:/Game projects/Grand-City-Mobile-RP-UE5/Content/Characters/Mannequins/Materials/Quinn/MI_Quinn_02.uasset" 43
"C:/Game projects/Grand-City-Mobile-RP-UE5/Content/Characters/Mannequins/Materials/Quinn/MI_Quinn_02.uexp" 44
"C:/Game projects/Grand-City-Mobile-RP-UE5/Content/Characters/Mannequins/Meshes/SKM_Quinn_Simple.uasset" 45
"C:/Game projects/Grand-City-Mobile-RP-UE5/Content/Characters/Mannequins/Meshes/SKM_Quinn_Simple.uexp" 46
"../../../Engine/Content/Functions/Engine_MaterialFunctions02/Utility/BreakOutFloat3Components.uasset" 47
"../../../Engine/Content/Functions/Engine_MaterialFunctions02/Utility/BreakOutFloat3Components.uexp" 48
"../../../Engine/Content/Functions/Engine_MaterialFunctions02/Math/Transform3x3Matrix.uasset" 49
"../../../Engine/Content/Functions/Engine_MaterialFunctions02/Math/Transform3x3Matrix.uexp" 50
"../../../Engine/Content/Functions/Engine_MaterialFunctions02/Utility/MakeFloat3.uasset" 51
"../../../Engine/Content/Functions/Engine_MaterialFunctions02/Utility/MakeFloat3.uexp" 52
"../../../Engine/Content/Functions/Engine_MaterialFunctions02/SplitComponents.uasset" 53
"../../../Engine/Content/Functions/Engine_MaterialFunctions02/SplitComponents.uexp" 54
"../../../Engine/Content/VREditor/SnapGrid/SnapGridMaterial.uasset" 55
"../../../Engine/Content/VREditor/SnapGrid/SnapGridMaterial.uexp" 56
"../../../Engine/Content/VREditor/SnapGrid/SnapGridPlaneMesh.ubulk" 57
"../../../Engine/Content/VREditor/SnapGrid/SnapGridPlaneMesh.uasset" 58
"../../../Engine/Content/VREditor/SnapGrid/SnapGridPlaneMesh.uexp" 59
"../../../Engine/Content/VREditor/LaserPointer/VR_LaserPower_01.ubulk" 60
"../../../Engine/Content/VREditor/LaserPointer/VR_LaserPower_01.uasset" 61
"../../../Engine/Content/VREditor/LaserPointer/VR_LaserPower_01.uexp" 62
"../../../Engine/Content/VREditor/TransformGizmo/TransformGizmoMaterial.uasset" 63
"../../../Engine/Content/VREditor/TransformGizmo/TransformGizmoMaterial.uexp" 64
"../../../Engine/Content/VREditor/TransformGizmo/TranslucentTransformGizmoMaterial.uasset" 65
"../../../Engine/Content/VREditor/TransformGizmo/TranslucentTransformGizmoMaterial.uexp" 66
"../../../Engine/Content/VREditor/TransformGizmo/PlaneTranslationHandle.ubulk" 67
"../../../Engine/Content/VREditor/TransformGizmo/PlaneTranslationHandle.uasset" 68
"../../../Engine/Content/VREditor/TransformGizmo/PlaneTranslationHandle.uexp" 69
"../../../Engine/Content/VREditor/TransformGizmo/RotationHandleFull.ubulk" 70
"../../../Engine/Content/VREditor/TransformGizmo/RotationHandleFull.uasset" 71
"../../../Engine/Content/VREditor/TransformGizmo/RotationHandleFull.uexp" 72
"../../../Engine/Content/VREditor/TransformGizmo/RotationHandleIndicator.ubulk" 73
"../../../Engine/Content/VREditor/TransformGizmo/RotationHandleIndicator.uasset" 74
"../../../Engine/Content/VREditor/TransformGizmo/RotationHandleIndicator.uexp" 75
"../../../Engine/Content/VREditor/TransformGizmo/RotationHandleQuarter.ubulk" 76
"../../../Engine/Content/VREditor/TransformGizmo/RotationHandleQuarter.uasset" 77
"../../../Engine/Content/VREditor/TransformGizmo/RotationHandleQuarter.uexp" 78
"../../../Engine/Content/VREditor/TransformGizmo/StartRotationHandleIndicator.ubulk" 79
"../../../Engine/Content/VREditor/TransformGizmo/StartRotationHandleIndicator.uasset" 80
"../../../Engine/Content/VREditor/TransformGizmo/StartRotationHandleIndicator.uexp" 81
"../../../Engine/Content/VREditor/TransformGizmo/TranslucentTransformGizmoMaterial_Inst.uasset" 82
"../../../Engine/Content/VREditor/TransformGizmo/TranslucentTransformGizmoMaterial_Inst.uexp" 83
"../../../Engine/Content/VREditor/TransformGizmo/TransformGizmoFreeRotation.ubulk" 84
"../../../Engine/Content/VREditor/TransformGizmo/TransformGizmoFreeRotation.uasset" 85
"../../../Engine/Content/VREditor/TransformGizmo/TransformGizmoFreeRotation.uexp" 86
"../../../Engine/Content/VREditor/TransformGizmo/TransformGizmoMaterial_Inst.uasset" 87
"../../../Engine/Content/VREditor/TransformGizmo/TransformGizmoMaterial_Inst.uexp" 88
"../../../Engine/Content/VREditor/TransformGizmo/TranslateArrowHandle.ubulk" 89
"../../../Engine/Content/VREditor/TransformGizmo/TranslateArrowHandle.uasset" 90
"../../../Engine/Content/VREditor/TransformGizmo/TranslateArrowHandle.uexp" 91
"../../../Engine/Content/VREditor/TransformGizmo/UniformScaleHandle.ubulk" 92
"../../../Engine/Content/VREditor/TransformGizmo/UniformScaleHandle.uasset" 93
"../../../Engine/Content/VREditor/TransformGizmo/UniformScaleHandle.uexp" 94
"../../../Engine/Content/VREditor/Sounds/UI/Drop_Item_From_ContentBrowser.ubulk" 95
"../../../Engine/Content/VREditor/Sounds/UI/Drop_Item_From_ContentBrowser.uasset" 96
"../../../Engine/Content/VREditor/Sounds/UI/Drop_Item_From_ContentBrowser.uexp" 97
"../../../Engine/Content/VREditor/Sounds/UI/Gizmo_Handle_Clicked.ubulk" 98
"../../../Engine/Content/VREditor/Sounds/UI/Gizmo_Handle_Clicked.uasset" 99
"../../../Engine/Content/VREditor/Sounds/UI/Gizmo_Handle_Clicked.uexp" 100
"../../../Engine/Content/VREditor/Sounds/UI/Object_PickUp.ubulk" 101
"../../../Engine/Content/VREditor/Sounds/UI/Object_PickUp.uasset" 102
"../../../Engine/Content/VREditor/Sounds/UI/Object_PickUp.uexp" 103
"../../../Engine/Content/VREditor/Sounds/UI/Object_Snaps_To_Another_Actor.ubulk" 104
"../../../Engine/Content/VREditor/Sounds/UI/Object_Snaps_To_Another_Actor.uasset" 105
"../../../Engine/Content/VREditor/Sounds/UI/Object_Snaps_To_Another_Actor.uexp" 106
"../../../Engine/Content/VREditor/Sounds/UI/Object_Snaps_To_Grid.ubulk" 107
"../../../Engine/Content/VREditor/Sounds/UI/Object_Snaps_To_Grid.uasset" 108
"../../../Engine/Content/VREditor/Sounds/UI/Object_Snaps_To_Grid.uexp" 109
"../../../Engine/Content/VREditor/Sounds/UI/Scaling_Down.ubulk" 110
"../../../Engine/Content/VREditor/Sounds/UI/Scaling_Down.uasset" 111
"../../../Engine/Content/VREditor/Sounds/UI/Scaling_Down.uexp" 112
"../../../Engine/Content/VREditor/Sounds/UI/Scaling_Up.ubulk" 113
"../../../Engine/Content/VREditor/Sounds/UI/Scaling_Up.uasset" 114
"../../../Engine/Content/VREditor/Sounds/UI/Scaling_Up.uexp" 115
"../../../Engine/Content/VREditor/Sounds/UI/Selection_Changes.ubulk" 116
"../../../Engine/Content/VREditor/Sounds/UI/Selection_Changes.uasset" 117
"../../../Engine/Content/VREditor/Sounds/UI/Selection_Changes.uexp" 118
"../../../Engine/Content/Functions/Engine_MaterialFunctions01/Texturing/FlattenNormal.uasset" 119
"../../../Engine/Content/Functions/Engine_MaterialFunctions01/Texturing/FlattenNormal.uexp" 120
"../../../Engine/Plugins/Interchange/Assets/Content/gltf/Textures/T_White_Linear.uasset" 121
"../../../Engine/Plugins/Interchange/Assets/Content/gltf/Textures/T_White_Linear.uexp" 122
"../../../Engine/Plugins/Interchange/Assets/Content/Utilities/New_LUT.uasset" 123
"../../../Engine/Plugins/Interchange/Assets/Content/Utilities/New_LUT.uexp" 124
"../../../Engine/Content/Functions/Engine_MaterialFunctions03/Math/RemapValueRange.uasset" 125
"../../../Engine/Content/Functions/Engine_MaterialFunctions03/Math/RemapValueRange.uexp" 126
"../../../Engine/Plugins/Interchange/Assets/Content/Functions/MF_Iridescence.uasset" 127
"../../../Engine/Plugins/Interchange/Assets/Content/Functions/MF_Iridescence.uexp" 128
"../../../Engine/Plugins/Interchange/Assets/Content/gltf/Textures/T_White_srgb.uasset" 129
"../../../Engine/Plugins/Interchange/Assets/Content/gltf/Textures/T_White_srgb.uexp" 130
"../../../Engine/Plugins/Interchange/Assets/Content/gltf/MaterialFunctions/MF_BaseColor.uasset" 131
"../../../Engine/Plugins/Interchange/Assets/Content/gltf/MaterialFunctions/MF_BaseColor.uexp" 132
"../../../Engine/Plugins/Interchange/Assets/Content/gltf/MaterialFunctions/MF_RotateNormals_TS.uasset" 133
"../../../Engine/Plugins/Interchange/Assets/Content/gltf/MaterialFunctions/MF_RotateNormals_TS.uexp" 134
"../../../Engine/Plugins/Interchange/Assets/Content/gltf/Textures/T_Generic_N.uasset" 135
"../../../Engine/Plugins/Interchange/Assets/Content/gltf/Textures/T_Generic_N.uexp" 136
"../../../Engine/Plugins/Interchange/Assets/Content/gltf/MaterialFunctions/MF_Clearcoat.uasset" 137
"../../../Engine/Plugins/Interchange/Assets/Content/gltf/MaterialFunctions/MF_Clearcoat.uexp" 138
"../../../Engine/Plugins/Interchange/Assets/Content/gltf/MaterialFunctions/MF_Emissive.uasset" 139
"../../../Engine/Plugins/Interchange/Assets/Content/gltf/MaterialFunctions/MF_Emissive.uexp" 140
"../../../Engine/Plugins/Interchange/Assets/Content/gltf/MaterialFunctions/MF_IOR.uasset" 141
"../../../Engine/Plugins/Interchange/Assets/Content/gltf/MaterialFunctions/MF_IOR.uexp" 142
"../../../Engine/Plugins/Interchange/Assets/Content/Functions/MF_IridescenceNoLUT.uasset" 143
"../../../Engine/Plugins/Interchange/Assets/Content/Functions/MF_IridescenceNoLUT.uexp" 144
"../../../Engine/Plugins/Interchange/Assets/Content/gltf/MaterialFunctions/MF_Iridescence.uasset" 145
"../../../Engine/Plugins/Interchange/Assets/Content/gltf/MaterialFunctions/MF_Iridescence.uexp" 146
"../../../Engine/Plugins/Interchange/Assets/Content/gltf/MaterialFunctions/MF_MetallicRoughness.uasset" 147
"../../../Engine/Plugins/Interchange/Assets/Content/gltf/MaterialFunctions/MF_MetallicRoughness.uexp" 148
"../../../Engine/Plugins/Interchange/Assets/Content/gltf/MaterialFunctions/MF_ScaleNormal.uasset" 149
"../../../Engine/Plugins/Interchange/Assets/Content/gltf/MaterialFunctions/MF_ScaleNormal.uexp" 150
"../../../Engine/Plugins/Interchange/Assets/Content/gltf/MaterialFunctions/MF_Normals.uasset" 151
"../../../Engine/Plugins/Interchange/Assets/Content/gltf/MaterialFunctions/MF_Normals.uexp" 152
"../../../Engine/Plugins/Interchange/Assets/Content/gltf/MaterialFunctions/MF_Occlusion.uasset" 153
"../../../Engine/Plugins/Interchange/Assets/Content/gltf/MaterialFunctions/MF_Occlusion.uexp" 154
"../../../Engine/Plugins/Interchange/Assets/Content/gltf/MaterialFunctions/MF_Specular.uasset" 155
"../../../Engine/Plugins/Interchange/Assets/Content/gltf/MaterialFunctions/MF_Specular.uexp" 156
"../../../Engine/Plugins/Interchange/Assets/Content/gltf/Textures/T_Anisotropy_Direction_Linear.uasset" 157
"../../../Engine/Plugins/Interchange/Assets/Content/gltf/Textures/T_Anisotropy_Direction_Linear.uexp" 158
"../../../Engine/Plugins/Interchange/Assets/Content/gltf/MaterialFunctions/MF_SpecularAnisotropy.uasset" 159
"../../../Engine/Plugins/Interchange/Assets/Content/gltf/MaterialFunctions/MF_SpecularAnisotropy.uexp" 160
"../../../Engine/Plugins/Interchange/Assets/Content/gltf/MaterialFunctions/MF_RotateV2.uasset" 161
"../../../Engine/Plugins/Interchange/Assets/Content/gltf/MaterialFunctions/MF_RotateV2.uexp" 162
"../../../Engine/Plugins/Interchange/Assets/Content/gltf/MaterialFunctions/MF_TransformUVs.uasset" 163
"../../../Engine/Plugins/Interchange/Assets/Content/gltf/MaterialFunctions/MF_TransformUVs.uexp" 164
"../../../Engine/Plugins/Interchange/Assets/Content/gltf/MaterialBodies/MF_ClearCoat_Body.uasset" 165
"../../../Engine/Plugins/Interchange/Assets/Content/gltf/MaterialBodies/MF_ClearCoat_Body.uexp" 166
"../../../Engine/Plugins/Interchange/Assets/Content/gltf/M_ClearCoat.uasset" 167
"../../../Engine/Plugins/Interchange/Assets/Content/gltf/M_ClearCoat.uexp" 168
"../../../Engine/Plugins/Interchange/Assets/Content/gltf/MaterialInstances/MI_ClearCoat_Opaque.uasset" 169
"../../../Engine/Plugins/Interchange/Assets/Content/gltf/MaterialInstances/MI_ClearCoat_Opaque.uexp" 170
"../../../Engine/Plugins/Interchange/Assets/Content/gltf/MaterialBodies/MF_Default_Body.uasset" 171
"../../../Engine/Plugins/Interchange/Assets/Content/gltf/MaterialBodies/MF_Default_Body.uexp" 172
"../../../Engine/Plugins/Interchange/Assets/Content/gltf/M_Default.uasset" 173
"../../../Engine/Plugins/Interchange/Assets/Content/gltf/M_Default.uexp" 174
"../../../Engine/Plugins/Interchange/Assets/Content/gltf/MaterialInstances/MI_Default_Opaque.uasset" 175
"../../../Engine/Plugins/Interchange/Assets/Content/gltf/MaterialInstances/MI_Default_Opaque.uexp" 176
"../../../Engine/Plugins/Animation/ControlRig/Content/Controls/DefaultGizmoLibraryNormalized.uasset" 177
"../../../Engine/Plugins/Animation/ControlRig/Content/Controls/DefaultGizmoLibraryNormalized.uexp" 178
"C:/Game projects/Grand-City-Mobile-RP-UE5/Content/Characters/Mannequins/Rigs/CR_Mannequin_FootIK.uasset" 179
"C:/Game projects/Grand-City-Mobile-RP-UE5/Content/Characters/Mannequins/Rigs/CR_Mannequin_FootIK.uexp" 180
"../../../Engine/Content/Animation/DefaultAnimBoneCompressionSettings.uasset" 181
"../../../Engine/Content/Animation/DefaultAnimBoneCompressionSettings.uexp" 182
"../../../Engine/Content/Animation/DefaultAnimCurveCompressionSettings.uasset" 183
"../../../Engine/Content/Animation/DefaultAnimCurveCompressionSettings.uexp" 184
"../../../Engine/Content/Animation/DefaultVariableFrameStrippingSettings.uasset" 185
"../../../Engine/Content/Animation/DefaultVariableFrameStrippingSettings.uexp" 186
"C:/Game projects/Grand-City-Mobile-RP-UE5/Content/Characters/Mannequins/Anims/Unarmed/MM_Idle.uasset" 187
"C:/Game projects/Grand-City-Mobile-RP-UE5/Content/Characters/Mannequins/Anims/Unarmed/MM_Idle.m.ubulk" 188
"C:/Game projects/Grand-City-Mobile-RP-UE5/Content/Characters/Mannequins/Anims/Unarmed/MM_Idle.uexp" 189
"C:/Game projects/Grand-City-Mobile-RP-UE5/Content/Characters/Mannequins/Anims/Unarmed/Jog/MF_Unarmed_Jog_Bwd.uasset" 190
"C:/Game projects/Grand-City-Mobile-RP-UE5/Content/Characters/Mannequins/Anims/Unarmed/Jog/MF_Unarmed_Jog_Bwd.m.ubulk" 191
"C:/Game projects/Grand-City-Mobile-RP-UE5/Content/Characters/Mannequins/Anims/Unarmed/Jog/MF_Unarmed_Jog_Bwd.uexp" 192
"../../../Engine/Plugins/Animation/ACLPlugin/Content/ACLAnimCurveCompressionSettings.uasset" 193
"../../../Engine/Plugins/Animation/ACLPlugin/Content/ACLAnimCurveCompressionSettings.uexp" 194
"../../../Engine/Content/Animation/DefaultRecorderBoneCompression.uasset" 195
"../../../Engine/Content/Animation/DefaultRecorderBoneCompression.uexp" 196
"C:/Game projects/Grand-City-Mobile-RP-UE5/Content/Characters/Mannequins/Anims/Unarmed/Jog/MF_Unarmed_Jog_Bwd_Left.uasset" 197
"C:/Game projects/Grand-City-Mobile-RP-UE5/Content/Characters/Mannequins/Anims/Unarmed/Jog/MF_Unarmed_Jog_Bwd_Left.m.ubulk" 198
"C:/Game projects/Grand-City-Mobile-RP-UE5/Content/Characters/Mannequins/Anims/Unarmed/Jog/MF_Unarmed_Jog_Bwd_Left.uexp" 199
"C:/Game projects/Grand-City-Mobile-RP-UE5/Content/Characters/Mannequins/Anims/Unarmed/Jog/MF_Unarmed_Jog_Bwd_Right.uasset" 200
"C:/Game projects/Grand-City-Mobile-RP-UE5/Content/Characters/Mannequins/Anims/Unarmed/Jog/MF_Unarmed_Jog_Bwd_Right.m.ubulk" 201
"C:/Game projects/Grand-City-Mobile-RP-UE5/Content/Characters/Mannequins/Anims/Unarmed/Jog/MF_Unarmed_Jog_Bwd_Right.uexp" 202
"C:/Game projects/Grand-City-Mobile-RP-UE5/Content/Characters/Mannequins/Anims/Unarmed/Jog/MF_Unarmed_Jog_Fwd.uasset" 203
"C:/Game projects/Grand-City-Mobile-RP-UE5/Content/Characters/Mannequins/Anims/Unarmed/Jog/MF_Unarmed_Jog_Fwd.m.ubulk" 204
"C:/Game projects/Grand-City-Mobile-RP-UE5/Content/Characters/Mannequins/Anims/Unarmed/Jog/MF_Unarmed_Jog_Fwd.uexp" 205
"C:/Game projects/Grand-City-Mobile-RP-UE5/Content/Characters/Mannequins/Anims/Unarmed/Jog/MF_Unarmed_Jog_Fwd_Left.uasset" 206
"C:/Game projects/Grand-City-Mobile-RP-UE5/Content/Characters/Mannequins/Anims/Unarmed/Jog/MF_Unarmed_Jog_Fwd_Left.m.ubulk" 207
"C:/Game projects/Grand-City-Mobile-RP-UE5/Content/Characters/Mannequins/Anims/Unarmed/Jog/MF_Unarmed_Jog_Fwd_Left.uexp" 208
"C:/Game projects/Grand-City-Mobile-RP-UE5/Content/Characters/Mannequins/Anims/Unarmed/Jog/MF_Unarmed_Jog_Fwd_Right.uasset" 209
"C:/Game projects/Grand-City-Mobile-RP-UE5/Content/Characters/Mannequins/Anims/Unarmed/Jog/MF_Unarmed_Jog_Fwd_Right.m.ubulk" 210
"C:/Game projects/Grand-City-Mobile-RP-UE5/Content/Characters/Mannequins/Anims/Unarmed/Jog/MF_Unarmed_Jog_Fwd_Right.uexp" 211
"C:/Game projects/Grand-City-Mobile-RP-UE5/Content/Characters/Mannequins/Anims/Unarmed/Jog/MF_Unarmed_Jog_Left.uasset" 212
"C:/Game projects/Grand-City-Mobile-RP-UE5/Content/Characters/Mannequins/Anims/Unarmed/Jog/MF_Unarmed_Jog_Left.m.ubulk" 213
"C:/Game projects/Grand-City-Mobile-RP-UE5/Content/Characters/Mannequins/Anims/Unarmed/Jog/MF_Unarmed_Jog_Left.uexp" 214
"C:/Game projects/Grand-City-Mobile-RP-UE5/Content/Characters/Mannequins/Anims/Unarmed/Jog/MF_Unarmed_Jog_Right.uasset" 215
"C:/Game projects/Grand-City-Mobile-RP-UE5/Content/Characters/Mannequins/Anims/Unarmed/Jog/MF_Unarmed_Jog_Right.m.ubulk" 216
"C:/Game projects/Grand-City-Mobile-RP-UE5/Content/Characters/Mannequins/Anims/Unarmed/Jog/MF_Unarmed_Jog_Right.uexp" 217
"C:/Game projects/Grand-City-Mobile-RP-UE5/Content/Characters/Mannequins/Anims/Unarmed/Walk/MF_Unarmed_Walk_Bwd.uasset" 218
"C:/Game projects/Grand-City-Mobile-RP-UE5/Content/Characters/Mannequins/Anims/Unarmed/Walk/MF_Unarmed_Walk_Bwd.m.ubulk" 219
"C:/Game projects/Grand-City-Mobile-RP-UE5/Content/Characters/Mannequins/Anims/Unarmed/Walk/MF_Unarmed_Walk_Bwd.uexp" 220
"C:/Game projects/Grand-City-Mobile-RP-UE5/Content/Characters/Mannequins/Anims/Unarmed/Walk/MF_Unarmed_Walk_Bwd_Left.uasset" 221
"C:/Game projects/Grand-City-Mobile-RP-UE5/Content/Characters/Mannequins/Anims/Unarmed/Walk/MF_Unarmed_Walk_Bwd_Left.m.ubulk" 222
"C:/Game projects/Grand-City-Mobile-RP-UE5/Content/Characters/Mannequins/Anims/Unarmed/Walk/MF_Unarmed_Walk_Bwd_Left.uexp" 223
"C:/Game projects/Grand-City-Mobile-RP-UE5/Content/Characters/Mannequins/Anims/Unarmed/Walk/MF_Unarmed_Walk_Bwd_Right.uasset" 224
"C:/Game projects/Grand-City-Mobile-RP-UE5/Content/Characters/Mannequins/Anims/Unarmed/Walk/MF_Unarmed_Walk_Bwd_Right.m.ubulk" 225
"C:/Game projects/Grand-City-Mobile-RP-UE5/Content/Characters/Mannequins/Anims/Unarmed/Walk/MF_Unarmed_Walk_Bwd_Right.uexp" 226
"C:/Game projects/Grand-City-Mobile-RP-UE5/Content/Characters/Mannequins/Anims/Unarmed/Walk/MF_Unarmed_Walk_Fwd.uasset" 227
"C:/Game projects/Grand-City-Mobile-RP-UE5/Content/Characters/Mannequins/Anims/Unarmed/Walk/MF_Unarmed_Walk_Fwd.m.ubulk" 228
"C:/Game projects/Grand-City-Mobile-RP-UE5/Content/Characters/Mannequins/Anims/Unarmed/Walk/MF_Unarmed_Walk_Fwd.uexp" 229
"C:/Game projects/Grand-City-Mobile-RP-UE5/Content/Characters/Mannequins/Anims/Unarmed/Walk/MF_Unarmed_Walk_Fwd_Left.uasset" 230
"C:/Game projects/Grand-City-Mobile-RP-UE5/Content/Characters/Mannequins/Anims/Unarmed/Walk/MF_Unarmed_Walk_Fwd_Left.m.ubulk" 231
"C:/Game projects/Grand-City-Mobile-RP-UE5/Content/Characters/Mannequins/Anims/Unarmed/Walk/MF_Unarmed_Walk_Fwd_Left.uexp" 232
"C:/Game projects/Grand-City-Mobile-RP-UE5/Content/Characters/Mannequins/Anims/Unarmed/Walk/MF_Unarmed_Walk_Fwd_Right.uasset" 233
"C:/Game projects/Grand-City-Mobile-RP-UE5/Content/Characters/Mannequins/Anims/Unarmed/Walk/MF_Unarmed_Walk_Fwd_Right.m.ubulk" 234
"C:/Game projects/Grand-City-Mobile-RP-UE5/Content/Characters/Mannequins/Anims/Unarmed/Walk/MF_Unarmed_Walk_Fwd_Right.uexp" 235
"C:/Game projects/Grand-City-Mobile-RP-UE5/Content/Characters/Mannequins/Anims/Unarmed/Walk/MF_Unarmed_Walk_Left.uasset" 236
"C:/Game projects/Grand-City-Mobile-RP-UE5/Content/Characters/Mannequins/Anims/Unarmed/Walk/MF_Unarmed_Walk_Left.m.ubulk" 237
"C:/Game projects/Grand-City-Mobile-RP-UE5/Content/Characters/Mannequins/Anims/Unarmed/Walk/MF_Unarmed_Walk_Left.uexp" 238
"C:/Game projects/Grand-City-Mobile-RP-UE5/Content/Characters/Mannequins/Anims/Unarmed/Walk/MF_Unarmed_Walk_Right.uasset" 239
"C:/Game projects/Grand-City-Mobile-RP-UE5/Content/Characters/Mannequins/Anims/Unarmed/Walk/MF_Unarmed_Walk_Right.m.ubulk" 240
"C:/Game projects/Grand-City-Mobile-RP-UE5/Content/Characters/Mannequins/Anims/Unarmed/Walk/MF_Unarmed_Walk_Right.uexp" 241
"C:/Game projects/Grand-City-Mobile-RP-UE5/Content/Characters/Mannequins/Anims/Unarmed/BS_Idle_Walk_Run.uasset" 242
"C:/Game projects/Grand-City-Mobile-RP-UE5/Content/Characters/Mannequins/Anims/Unarmed/BS_Idle_Walk_Run.uexp" 243
"C:/Game projects/Grand-City-Mobile-RP-UE5/Content/Characters/Mannequins/Anims/Unarmed/Jump/MM_Fall_Loop.uasset" 244
"C:/Game projects/Grand-City-Mobile-RP-UE5/Content/Characters/Mannequins/Anims/Unarmed/Jump/MM_Fall_Loop.m.ubulk" 245
"C:/Game projects/Grand-City-Mobile-RP-UE5/Content/Characters/Mannequins/Anims/Unarmed/Jump/MM_Fall_Loop.uexp" 246
"C:/Game projects/Grand-City-Mobile-RP-UE5/Content/Characters/Mannequins/Anims/Unarmed/Jump/MM_Jump.uasset" 247
"C:/Game projects/Grand-City-Mobile-RP-UE5/Content/Characters/Mannequins/Anims/Unarmed/Jump/MM_Jump.m.ubulk" 248
"C:/Game projects/Grand-City-Mobile-RP-UE5/Content/Characters/Mannequins/Anims/Unarmed/Jump/MM_Jump.uexp" 249
"C:/Game projects/Grand-City-Mobile-RP-UE5/Content/Characters/Mannequins/Anims/Unarmed/Jump/MM_Land.uasset" 250
"C:/Game projects/Grand-City-Mobile-RP-UE5/Content/Characters/Mannequins/Anims/Unarmed/Jump/MM_Land.m.ubulk" 251
"C:/Game projects/Grand-City-Mobile-RP-UE5/Content/Characters/Mannequins/Anims/Unarmed/Jump/MM_Land.uexp" 252
"C:/Game projects/Grand-City-Mobile-RP-UE5/Content/Characters/Mannequins/Anims/Unarmed/ABP_Unarmed.uasset" 253
"C:/Game projects/Grand-City-Mobile-RP-UE5/Content/Characters/Mannequins/Anims/Unarmed/ABP_Unarmed.uexp" 254
"C:/Game projects/Grand-City-Mobile-RP-UE5/Content/VehicleVarietyPack/Textures/Pickup/TX_Pickup_Diffuse_2.ubulk" 255
"C:/Game projects/Grand-City-Mobile-RP-UE5/Content/VehicleVarietyPack/Textures/Pickup/TX_Pickup_Diffuse_2.uasset" 256
"C:/Game projects/Grand-City-Mobile-RP-UE5/Content/VehicleVarietyPack/Textures/Pickup/TX_Pickup_Diffuse_2.uexp" 257
"C:/Game projects/Grand-City-Mobile-RP-UE5/Content/VehicleVarietyPack/Textures/Pickup/TX_Pickup_Normal_2.ubulk" 258
"C:/Game projects/Grand-City-Mobile-RP-UE5/Content/VehicleVarietyPack/Textures/Pickup/TX_Pickup_Normal_2.uasset" 259
"C:/Game projects/Grand-City-Mobile-RP-UE5/Content/VehicleVarietyPack/Textures/Pickup/TX_Pickup_Normal_2.uexp" 260
"C:/Game projects/Grand-City-Mobile-RP-UE5/Content/VehicleVarietyPack/Textures/Pickup/TX_Pickup_OPC_2.ubulk" 261
"C:/Game projects/Grand-City-Mobile-RP-UE5/Content/VehicleVarietyPack/Textures/Pickup/TX_Pickup_OPC_2.uasset" 262
"C:/Game projects/Grand-City-Mobile-RP-UE5/Content/VehicleVarietyPack/Textures/Pickup/TX_Pickup_OPC_2.uexp" 263
"C:/Game projects/Grand-City-Mobile-RP-UE5/Content/VehicleVarietyPack/Textures/Pickup/TX_Pickup_ORM.ubulk" 264
"C:/Game projects/Grand-City-Mobile-RP-UE5/Content/VehicleVarietyPack/Textures/Pickup/TX_Pickup_ORM.uasset" 265
"C:/Game projects/Grand-City-Mobile-RP-UE5/Content/VehicleVarietyPack/Textures/Pickup/TX_Pickup_ORM.uexp" 266
"C:/Game projects/Grand-City-Mobile-RP-UE5/Content/VehicleVarietyPack/Materials/Masters/M_Glass.uasset" 267
"C:/Game projects/Grand-City-Mobile-RP-UE5/Content/VehicleVarietyPack/Materials/Masters/M_Glass.uexp" 268
"C:/Game projects/Grand-City-Mobile-RP-UE5/Content/VehicleVarietyPack/Textures/Pickup/TX_Pickup_ORM_2.ubulk" 269
"C:/Game projects/Grand-City-Mobile-RP-UE5/Content/VehicleVarietyPack/Textures/Pickup/TX_Pickup_ORM_2.uasset" 270
"C:/Game projects/Grand-City-Mobile-RP-UE5/Content/VehicleVarietyPack/Textures/Pickup/TX_Pickup_ORM_2.uexp" 271
"C:/Game projects/Grand-City-Mobile-RP-UE5/Content/VehicleVarietyPack/Materials/Pickup/Mi_Pickup_Glass.uasset" 272
"C:/Game projects/Grand-City-Mobile-RP-UE5/Content/VehicleVarietyPack/Materials/Pickup/Mi_Pickup_Glass.uexp" 273
"C:/Game projects/Grand-City-Mobile-RP-UE5/Content/VehicleVarietyPack/Textures/Pickup/TX_Pickup_Diffuse.ubulk" 274
"C:/Game projects/Grand-City-Mobile-RP-UE5/Content/VehicleVarietyPack/Textures/Pickup/TX_Pickup_Diffuse.uasset" 275
"C:/Game projects/Grand-City-Mobile-RP-UE5/Content/VehicleVarietyPack/Textures/Pickup/TX_Pickup_Diffuse.uexp" 276
"C:/Game projects/Grand-City-Mobile-RP-UE5/Content/VehicleVarietyPack/Textures/Pickup/TX_Pickup_Normal.ubulk" 277
"C:/Game projects/Grand-City-Mobile-RP-UE5/Content/VehicleVarietyPack/Textures/Pickup/TX_Pickup_Normal.uasset" 278
"C:/Game projects/Grand-City-Mobile-RP-UE5/Content/VehicleVarietyPack/Textures/Pickup/TX_Pickup_Normal.uexp" 279
"C:/Game projects/Grand-City-Mobile-RP-UE5/Content/VehicleVarietyPack/Textures/Pickup/TX_Pickup_EMM.ubulk" 280
"C:/Game projects/Grand-City-Mobile-RP-UE5/Content/VehicleVarietyPack/Textures/Pickup/TX_Pickup_EMM.uasset" 281
"C:/Game projects/Grand-City-Mobile-RP-UE5/Content/VehicleVarietyPack/Textures/Pickup/TX_Pickup_EMM.uexp" 282
"C:/Game projects/Grand-City-Mobile-RP-UE5/Content/VehicleVarietyPack/Materials/Pickup/M_Pickup_Body.uasset" 283
"C:/Game projects/Grand-City-Mobile-RP-UE5/Content/VehicleVarietyPack/Materials/Pickup/M_Pickup_Body.uexp" 284
"C:/Game projects/Grand-City-Mobile-RP-UE5/Content/VehicleVarietyPack/Textures/Pickup/TX_Pickup_Interior_Diffuse.ubulk" 285
"C:/Game projects/Grand-City-Mobile-RP-UE5/Content/VehicleVarietyPack/Textures/Pickup/TX_Pickup_Interior_Diffuse.uasset" 286
"C:/Game projects/Grand-City-Mobile-RP-UE5/Content/VehicleVarietyPack/Textures/Pickup/TX_Pickup_Interior_Diffuse.uexp" 287
"C:/Game projects/Grand-City-Mobile-RP-UE5/Content/VehicleVarietyPack/Textures/Pickup/TX_Pickup_Interior_Normal.ubulk" 288
"C:/Game projects/Grand-City-Mobile-RP-UE5/Content/VehicleVarietyPack/Textures/Pickup/TX_Pickup_Interior_Normal.uasset" 289
"C:/Game projects/Grand-City-Mobile-RP-UE5/Content/VehicleVarietyPack/Textures/Pickup/TX_Pickup_Interior_Normal.uexp" 290
"C:/Game projects/Grand-City-Mobile-RP-UE5/Content/VehicleVarietyPack/Textures/Pickup/TX_Pickup_Interior_OPC.ubulk" 291
"C:/Game projects/Grand-City-Mobile-RP-UE5/Content/VehicleVarietyPack/Textures/Pickup/TX_Pickup_Interior_OPC.uasset" 292
"C:/Game projects/Grand-City-Mobile-RP-UE5/Content/VehicleVarietyPack/Textures/Pickup/TX_Pickup_Interior_OPC.uexp" 293
"C:/Game projects/Grand-City-Mobile-RP-UE5/Content/VehicleVarietyPack/Textures/Pickup/TX_Pickup_Interior_ORM.ubulk" 294
"C:/Game projects/Grand-City-Mobile-RP-UE5/Content/VehicleVarietyPack/Textures/Pickup/TX_Pickup_Interior_ORM.uasset" 295
"C:/Game projects/Grand-City-Mobile-RP-UE5/Content/VehicleVarietyPack/Textures/Pickup/TX_Pickup_Interior_ORM.uexp" 296
"C:/Game projects/Grand-City-Mobile-RP-UE5/Content/VehicleVarietyPack/Materials/Pickup/M_Pickup_Interior.uasset" 297
"C:/Game projects/Grand-City-Mobile-RP-UE5/Content/VehicleVarietyPack/Materials/Pickup/M_Pickup_Interior.uexp" 298
"C:/Game projects/Grand-City-Mobile-RP-UE5/Content/VehicleVarietyPack/Textures/Pickup/TX_Pickup_Diffuse_1.ubulk" 299
"C:/Game projects/Grand-City-Mobile-RP-UE5/Content/VehicleVarietyPack/Textures/Pickup/TX_Pickup_Diffuse_1.uasset" 300
"C:/Game projects/Grand-City-Mobile-RP-UE5/Content/VehicleVarietyPack/Textures/Pickup/TX_Pickup_Diffuse_1.uexp" 301
"C:/Game projects/Grand-City-Mobile-RP-UE5/Content/VehicleVarietyPack/Textures/Pickup/TX_Pickup_Normal_1.ubulk" 302
"C:/Game projects/Grand-City-Mobile-RP-UE5/Content/VehicleVarietyPack/Textures/Pickup/TX_Pickup_Normal_1.uasset" 303
"C:/Game projects/Grand-City-Mobile-RP-UE5/Content/VehicleVarietyPack/Textures/Pickup/TX_Pickup_Normal_1.uexp" 304
"C:/Game projects/Grand-City-Mobile-RP-UE5/Content/VehicleVarietyPack/Textures/Pickup/TX_Pickup_ORM_1.ubulk" 305
"C:/Game projects/Grand-City-Mobile-RP-UE5/Content/VehicleVarietyPack/Textures/Pickup/TX_Pickup_ORM_1.uasset" 306
"C:/Game projects/Grand-City-Mobile-RP-UE5/Content/VehicleVarietyPack/Textures/Pickup/TX_Pickup_ORM_1.uexp" 307
"C:/Game projects/Grand-City-Mobile-RP-UE5/Content/VehicleVarietyPack/Materials/Pickup/M_Pickup_Under.uasset" 308
"C:/Game projects/Grand-City-Mobile-RP-UE5/Content/VehicleVarietyPack/Materials/Pickup/M_Pickup_Under.uexp" 309
"C:/Game projects/Grand-City-Mobile-RP-UE5/Content/VehicleVarietyPack/Meshes/SM_Pickup.ubulk" 310
"C:/Game projects/Grand-City-Mobile-RP-UE5/Content/VehicleVarietyPack/Meshes/SM_Pickup.uasset" 311
"C:/Game projects/Grand-City-Mobile-RP-UE5/Content/VehicleVarietyPack/Meshes/SM_Pickup.uexp" 312
"../../../Engine/Content/EngineMaterials/T_Default_Material_Grid_M.ubulk" 313
"../../../Engine/Content/EngineMaterials/T_Default_Material_Grid_M.uasset" 314
"../../../Engine/Content/EngineMaterials/T_Default_Material_Grid_M.uexp" 315
"../../../Engine/Content/EngineMaterials/T_Default_Material_Grid_N.ubulk" 316
"../../../Engine/Content/EngineMaterials/T_Default_Material_Grid_N.uasset" 317
"../../../Engine/Content/EngineMaterials/T_Default_Material_Grid_N.uexp" 318
"../../../Engine/Content/EngineMaterials/WorldGridMaterial.uasset" 319
"../../../Engine/Content/EngineMaterials/WorldGridMaterial.uexp" 320
"../../../Engine/Content/ArtTools/RenderToTexture/Meshes/S_1_Unit_Plane.ubulk" 321
"../../../Engine/Content/ArtTools/RenderToTexture/Meshes/S_1_Unit_Plane.uasset" 322
"../../../Engine/Content/ArtTools/RenderToTexture/Meshes/S_1_Unit_Plane.uexp" 323
"../../../Engine/Plugins/Interchange/Assets/Content/gltf/MaterialFunctions/MF_Sheen.uasset" 324
"../../../Engine/Plugins/Interchange/Assets/Content/gltf/MaterialFunctions/MF_Sheen.uexp" 325
"../../../Engine/Plugins/Interchange/Assets/Content/gltf/MaterialBodies/MF_Sheen_Body.uasset" 326
"../../../Engine/Plugins/Interchange/Assets/Content/gltf/MaterialBodies/MF_Sheen_Body.uexp" 327
"../../../Engine/Plugins/Interchange/Assets/Content/gltf/M_Sheen.uasset" 328
"../../../Engine/Plugins/Interchange/Assets/Content/gltf/M_Sheen.uexp" 329
"../../../Engine/Plugins/Interchange/Assets/Content/gltf/MaterialInstances/MI_Sheen_Opaque.uasset" 330
"../../../Engine/Plugins/Interchange/Assets/Content/gltf/MaterialInstances/MI_Sheen_Opaque.uexp" 331
"../../../Engine/Content/EngineMaterials/Good64x64TilingNoiseHighFreq.uasset" 332
"../../../Engine/Content/EngineMaterials/Good64x64TilingNoiseHighFreq.uexp" 333
"../../../Engine/Content/Functions/Engine_MaterialFunctions02/Texturing/ScreenAlignedPixelToPixelUVs.uasset" 334
"../../../Engine/Content/Functions/Engine_MaterialFunctions02/Texturing/ScreenAlignedPixelToPixelUVs.uexp" 335
"../../../Engine/Content/Functions/Engine_MaterialFunctions02/Utility/CameraDirectionVector.uasset" 336
"../../../Engine/Content/Functions/Engine_MaterialFunctions02/Utility/CameraDirectionVector.uexp" 337
"../../../Engine/Plugins/Interchange/Assets/Content/gltf/MaterialFunctions/MF_Fresnel_DS.uasset" 338
"../../../Engine/Plugins/Interchange/Assets/Content/gltf/MaterialFunctions/MF_Fresnel_DS.uexp" 339
"../../../Engine/Plugins/Interchange/Assets/Content/gltf/MaterialFunctions/MF_Temporal_Blur.uasset" 340
"../../../Engine/Plugins/Interchange/Assets/Content/gltf/MaterialFunctions/MF_Temporal_Blur.uexp" 341
"../../../Engine/Plugins/Interchange/Assets/Content/gltf/MaterialFunctions/MF_Transmission.uasset" 342
"../../../Engine/Plugins/Interchange/Assets/Content/gltf/MaterialFunctions/MF_Transmission.uexp" 343
"../../../Engine/Plugins/Interchange/Assets/Content/gltf/MaterialBodies/MF_Transmission_Body.uasset" 344
"../../../Engine/Plugins/Interchange/Assets/Content/gltf/MaterialBodies/MF_Transmission_Body.uexp" 345
"../../../Engine/Plugins/Interchange/Assets/Content/gltf/M_Transmission.uasset" 346
"../../../Engine/Plugins/Interchange/Assets/Content/gltf/M_Transmission.uexp" 347
"../../../Engine/Plugins/Interchange/Assets/Content/gltf/MaterialInstances/MI_Transmission.uasset" 348
"../../../Engine/Plugins/Interchange/Assets/Content/gltf/MaterialInstances/MI_Transmission.uexp" 349
"../../../Engine/Content/Functions/Engine_MaterialFunctions02/Math/AddComponents.uasset" 350
"../../../Engine/Content/Functions/Engine_MaterialFunctions02/Math/AddComponents.uexp" 351
"../../../Engine/Plugins/Interchange/Assets/Content/gltf/MaterialFunctions/MF_DiffuseSpecGloss.uasset" 352
"../../../Engine/Plugins/Interchange/Assets/Content/gltf/MaterialFunctions/MF_DiffuseSpecGloss.uexp" 353
"../../../Engine/Plugins/Interchange/Assets/Content/gltf/MaterialFunctions/MF_MaxComponentValue.uasset" 354
"../../../Engine/Plugins/Interchange/Assets/Content/gltf/MaterialFunctions/MF_MaxComponentValue.uexp" 355
"../../../Engine/Plugins/Interchange/Assets/Content/gltf/MaterialFunctions/MF_PerceivedBrightness.uasset" 356
"../../../Engine/Plugins/Interchange/Assets/Content/gltf/MaterialFunctions/MF_PerceivedBrightness.uexp" 357
"../../../Engine/Plugins/Interchange/Assets/Content/gltf/MaterialFunctions/MF_SpecGlossToMetalRoughness.uasset" 358
"../../../Engine/Plugins/Interchange/Assets/Content/gltf/MaterialFunctions/MF_SpecGlossToMetalRoughness.uexp" 359
"../../../Engine/Plugins/Interchange/Assets/Content/gltf/MaterialBodies/MF_SpecularGlossiness_Body.uasset" 360
"../../../Engine/Plugins/Interchange/Assets/Content/gltf/MaterialBodies/MF_SpecularGlossiness_Body.uexp" 361
"../../../Engine/Plugins/Interchange/Assets/Content/gltf/M_SpecularGlossiness.uasset" 362
"../../../Engine/Plugins/Interchange/Assets/Content/gltf/M_SpecularGlossiness.uexp" 363
"../../../Engine/Plugins/Interchange/Assets/Content/gltf/MaterialInstances/MI_SpecularGlossiness_Opaque.uasset" 364
"../../../Engine/Plugins/Interchange/Assets/Content/gltf/MaterialInstances/MI_SpecularGlossiness_Opaque.uexp" 365
"../../../Engine/Plugins/Interchange/Assets/Content/Functions/MX_StandardSurface.uasset" 366
"../../../Engine/Plugins/Interchange/Assets/Content/Functions/MX_StandardSurface.uexp" 367
"../../../Engine/Plugins/Interchange/Assets/Content/Functions/MX_OpenPBR_Opaque.uasset" 368
"../../../Engine/Plugins/Interchange/Assets/Content/Functions/MX_OpenPBR_Opaque.uexp" 369
"../../../Engine/Plugins/Interchange/Assets/Content/Functions/MX_TransmissionSurface.uasset" 370
"../../../Engine/Plugins/Interchange/Assets/Content/Functions/MX_TransmissionSurface.uexp" 371
"../../../Engine/Plugins/Interchange/Assets/Content/Functions/MX_OpenPBR_Translucent.uasset" 372
"../../../Engine/Plugins/Interchange/Assets/Content/Functions/MX_OpenPBR_Translucent.uexp" 373
"../../../Engine/Plugins/Interchange/Assets/Content/gltf/MaterialBodies/MF_Unlit_Body.uasset" 374
"../../../Engine/Plugins/Interchange/Assets/Content/gltf/MaterialBodies/MF_Unlit_Body.uexp" 375
"../../../Engine/Plugins/Interchange/Assets/Content/gltf/M_Unlit.uasset" 376
"../../../Engine/Plugins/Interchange/Assets/Content/gltf/M_Unlit.uexp" 377
"../../../Engine/Plugins/Interchange/Assets/Content/gltf/MaterialInstances/MI_Unlit_Opaque.uasset" 378
"../../../Engine/Plugins/Interchange/Assets/Content/gltf/MaterialInstances/MI_Unlit_Opaque.uexp" 379
"C:/Game projects/Grand-City-Mobile-RP-UE5/Content/Characters/Mannequins/Materials/Manny/MI_Manny_01_New.uasset" 380
"C:/Game projects/Grand-City-Mobile-RP-UE5/Content/Characters/Mannequins/Materials/Manny/MI_Manny_01_New.uexp" 381
"C:/Game projects/Grand-City-Mobile-RP-UE5/Content/Characters/Mannequins/Textures/Manny/T_Manny_02_BN.ubulk" 382
"C:/Game projects/Grand-City-Mobile-RP-UE5/Content/Characters/Mannequins/Textures/Manny/T_Manny_02_BN.uasset" 383
"C:/Game projects/Grand-City-Mobile-RP-UE5/Content/Characters/Mannequins/Textures/Manny/T_Manny_02_BN.uexp" 384
"C:/Game projects/Grand-City-Mobile-RP-UE5/Content/Characters/Mannequins/Textures/Manny/T_Manny_02_D.ubulk" 385
"C:/Game projects/Grand-City-Mobile-RP-UE5/Content/Characters/Mannequins/Textures/Manny/T_Manny_02_D.uasset" 386
"C:/Game projects/Grand-City-Mobile-RP-UE5/Content/Characters/Mannequins/Textures/Manny/T_Manny_02_D.uexp" 387
"C:/Game projects/Grand-City-Mobile-RP-UE5/Content/Characters/Mannequins/Textures/Manny/T_Manny_02_MRA.ubulk" 388
"C:/Game projects/Grand-City-Mobile-RP-UE5/Content/Characters/Mannequins/Textures/Manny/T_Manny_02_MRA.uasset" 389
"C:/Game projects/Grand-City-Mobile-RP-UE5/Content/Characters/Mannequins/Textures/Manny/T_Manny_02_MRA.uexp" 390
"C:/Game projects/Grand-City-Mobile-RP-UE5/Content/Characters/Mannequins/Materials/Manny/MI_Manny_02_New.uasset" 391
"C:/Game projects/Grand-City-Mobile-RP-UE5/Content/Characters/Mannequins/Materials/Manny/MI_Manny_02_New.uexp" 392
"C:/Game projects/Grand-City-Mobile-RP-UE5/Content/Characters/Mannequins/Meshes/SKM_Manny_Simple.uasset" 393
"C:/Game projects/Grand-City-Mobile-RP-UE5/Content/Characters/Mannequins/Meshes/SKM_Manny_Simple.uexp" 394
"../../../Engine/Plugins/Experimental/Water/Content/Meshes/LakeMesh.ubulk" 395
"../../../Engine/Plugins/Experimental/Water/Content/Meshes/LakeMesh.uasset" 396
"../../../Engine/Plugins/Experimental/Water/Content/Meshes/LakeMesh.uexp" 397
"../../../Engine/Plugins/Experimental/Water/Content/Meshes/RiverMesh.ubulk" 398
"../../../Engine/Plugins/Experimental/Water/Content/Meshes/RiverMesh.uasset" 399
"../../../Engine/Plugins/Experimental/Water/Content/Meshes/RiverMesh.uexp" 400
"../../../Engine/Plugins/Media/MediaPlate/Content/SM_MediaPlateScreen.ubulk" 401
"../../../Engine/Plugins/Media/MediaPlate/Content/SM_MediaPlateScreen.uasset" 402
"../../../Engine/Plugins/Media/MediaPlate/Content/SM_MediaPlateScreen.uexp" 403
"../../../Engine/Plugins/Experimental/Landmass/Content/Landscape/Meshes/S_SpritePlane.ubulk" 404
"../../../Engine/Plugins/Experimental/Landmass/Content/Landscape/Meshes/S_SpritePlane.uasset" 405
"../../../Engine/Plugins/Experimental/Landmass/Content/Landscape/Meshes/S_SpritePlane.uexp" 406
"../../../Engine/Content/BasicShapes/Plane.ubulk" 407
"../../../Engine/Content/BasicShapes/Plane.uasset" 408
"../../../Engine/Content/BasicShapes/Plane.uexp" 409
"../../../Engine/Content/EngineMaterials/DefaultMaterial.uasset" 410
"../../../Engine/Content/EngineMaterials/DefaultMaterial.uexp" 411
"../../../Engine/Content/BasicShapes/Sphere.ubulk" 412
"../../../Engine/Content/BasicShapes/Sphere.uasset" 413
"../../../Engine/Content/BasicShapes/Sphere.uexp" 414
"../../../Engine/Content/BasicShapes/Cone.ubulk" 415
"../../../Engine/Content/BasicShapes/Cone.uasset" 416
"../../../Engine/Content/BasicShapes/Cone.uexp" 417
"../../../Engine/Content/EditorMaterials/Camera/CineMat.uasset" 418
"../../../Engine/Content/EditorMaterials/Camera/CineMat.uexp" 419
"../../../Engine/Content/EditorMaterials/Camera/MI_CineMat_Rig.uasset" 420
"../../../Engine/Content/EditorMaterials/Camera/MI_CineMat_Rig.uexp" 421
"../../../Engine/Content/EditorMeshes/Camera/SM_CraneRig_Base.ubulk" 422
"../../../Engine/Content/EditorMeshes/Camera/SM_CraneRig_Base.uasset" 423
"../../../Engine/Content/EditorMeshes/Camera/SM_CraneRig_Base.uexp" 424
"../../../Engine/Content/EditorMeshes/Camera/SM_CraneRig_Arm.ubulk" 425
"../../../Engine/Content/EditorMeshes/Camera/SM_CraneRig_Arm.uasset" 426
"../../../Engine/Content/EditorMeshes/Camera/SM_CraneRig_Arm.uexp" 427
"../../../Engine/Content/EditorMeshes/Camera/SM_CraneRig_Mount.ubulk" 428
"../../../Engine/Content/EditorMeshes/Camera/SM_CraneRig_Mount.uasset" 429
"../../../Engine/Content/EditorMeshes/Camera/SM_CraneRig_Mount.uexp" 430
"../../../Engine/Content/EditorMeshes/Camera/SM_CraneRig_Body.ubulk" 431
"../../../Engine/Content/EditorMeshes/Camera/SM_CraneRig_Body.uasset" 432
"../../../Engine/Content/EditorMeshes/Camera/SM_CraneRig_Body.uexp" 433
"../../../Engine/Content/EditorMeshes/Camera/SM_RailRig_Track.ubulk" 434
"../../../Engine/Content/EditorMeshes/Camera/SM_RailRig_Track.uasset" 435
"../../../Engine/Content/EditorMeshes/Camera/SM_RailRig_Track.uexp" 436
"../../../Engine/Content/EditorMeshes/Camera/SM_RailRig_Mount.ubulk" 437
"../../../Engine/Content/EditorMeshes/Camera/SM_RailRig_Mount.uasset" 438
"../../../Engine/Content/EditorMeshes/Camera/SM_RailRig_Mount.uexp" 439
"../../../Engine/Plugins/Animation/ControlRig/Content/Controls/ControlRig_Sphere_solid.ubulk" 440
"../../../Engine/Plugins/Animation/ControlRig/Content/Controls/ControlRig_Sphere_solid.uasset" 441
"../../../Engine/Plugins/Animation/ControlRig/Content/Controls/ControlRig_Sphere_solid.uexp" 442
"../../../Engine/Plugins/Animation/ControlRig/Content/Controls/ControlRig_Arrow_3mm.ubulk" 443
"../../../Engine/Plugins/Animation/ControlRig/Content/Controls/ControlRig_Arrow_3mm.uasset" 444
"../../../Engine/Plugins/Animation/ControlRig/Content/Controls/ControlRig_Arrow_3mm.uexp" 445
"../../../Engine/Plugins/Animation/ControlRig/Content/Controls/ControlRig_Box_1mm.ubulk" 446
"../../../Engine/Plugins/Animation/ControlRig/Content/Controls/ControlRig_Box_1mm.uasset" 447
"../../../Engine/Plugins/Animation/ControlRig/Content/Controls/ControlRig_Box_1mm.uexp" 448
"../../../Engine/Plugins/Animation/ControlRig/Content/Controls/ControlRig_Octagon_1mm.ubulk" 449
"../../../Engine/Plugins/Animation/ControlRig/Content/Controls/ControlRig_Octagon_1mm.uasset" 450
"../../../Engine/Plugins/Animation/ControlRig/Content/Controls/ControlRig_Octagon_1mm.uexp" 451
"../../../Engine/Plugins/Animation/ControlRig/Content/Controls/ControlRig_Hexagon_solid.ubulk" 452
"../../../Engine/Plugins/Animation/ControlRig/Content/Controls/ControlRig_Hexagon_solid.uasset" 453
"../../../Engine/Plugins/Animation/ControlRig/Content/Controls/ControlRig_Hexagon_solid.uexp" 454
"../../../Engine/Plugins/Animation/ControlRig/Content/Controls/ControlRig_Hexagon_3mm.ubulk" 455
"../../../Engine/Plugins/Animation/ControlRig/Content/Controls/ControlRig_Hexagon_3mm.uasset" 456
"../../../Engine/Plugins/Animation/ControlRig/Content/Controls/ControlRig_Hexagon_3mm.uexp" 457
"../../../Engine/Plugins/Animation/ControlRig/Content/Controls/ControlRig_Hexagon_1mm.ubulk" 458
"../../../Engine/Plugins/Animation/ControlRig/Content/Controls/ControlRig_Hexagon_1mm.uasset" 459
"../../../Engine/Plugins/Animation/ControlRig/Content/Controls/ControlRig_Hexagon_1mm.uexp" 460
"../../../Engine/Plugins/Animation/ControlRig/Content/Controls/ControlRig_HalfCircle_solid.ubulk" 461
"../../../Engine/Plugins/Animation/ControlRig/Content/Controls/ControlRig_HalfCircle_solid.uasset" 462
"../../../Engine/Plugins/Animation/ControlRig/Content/Controls/ControlRig_HalfCircle_solid.uexp" 463
"../../../Engine/Plugins/Animation/ControlRig/Content/Controls/ControlRig_HalfCircle_3mm.ubulk" 464
"../../../Engine/Plugins/Animation/ControlRig/Content/Controls/ControlRig_HalfCircle_3mm.uasset" 465
"../../../Engine/Plugins/Animation/ControlRig/Content/Controls/ControlRig_HalfCircle_3mm.uexp" 466
"../../../Engine/Plugins/Animation/ControlRig/Content/Controls/ControlRig_HalfCircle_1mm.ubulk" 467
"../../../Engine/Plugins/Animation/ControlRig/Content/Controls/ControlRig_HalfCircle_1mm.uasset" 468
"../../../Engine/Plugins/Animation/ControlRig/Content/Controls/ControlRig_HalfCircle_1mm.uexp" 469
"../../../Engine/Plugins/Animation/ControlRig/Content/Controls/ControlRig_Diamond_solid.ubulk" 470
"../../../Engine/Plugins/Animation/ControlRig/Content/Controls/ControlRig_Diamond_solid.uasset" 471
"../../../Engine/Plugins/Animation/ControlRig/Content/Controls/ControlRig_Diamond_solid.uexp" 472
"../../../Engine/Plugins/Animation/ControlRig/Content/Controls/ControlRig_Diamond_3mm.ubulk" 473
"../../../Engine/Plugins/Animation/ControlRig/Content/Controls/ControlRig_Diamond_3mm.uasset" 474
"../../../Engine/Plugins/Animation/ControlRig/Content/Controls/ControlRig_Diamond_3mm.uexp" 475
"../../../Engine/Plugins/Animation/ControlRig/Content/Controls/ControlRig_Diamond_1mm.ubulk" 476
"../../../Engine/Plugins/Animation/ControlRig/Content/Controls/ControlRig_Diamond_1mm.uasset" 477
"../../../Engine/Plugins/Animation/ControlRig/Content/Controls/ControlRig_Diamond_1mm.uexp" 478
"../../../Engine/Plugins/Animation/ControlRig/Content/Controls/ControlRig_Circle_solid.ubulk" 479
"../../../Engine/Plugins/Animation/ControlRig/Content/Controls/ControlRig_Circle_solid.uasset" 480
"../../../Engine/Plugins/Animation/ControlRig/Content/Controls/ControlRig_Circle_solid.uexp" 481
"../../../Engine/Plugins/Animation/ControlRig/Content/Controls/ControlRig_Circle_3mm.ubulk" 482
"../../../Engine/Plugins/Animation/ControlRig/Content/Controls/ControlRig_Circle_3mm.uasset" 483
"../../../Engine/Plugins/Animation/ControlRig/Content/Controls/ControlRig_Circle_3mm.uexp" 484
"../../../Engine/Plugins/Animation/ControlRig/Content/Controls/ControlRig_Circle_1mm.ubulk" 485
"../../../Engine/Plugins/Animation/ControlRig/Content/Controls/ControlRig_Circle_1mm.uasset" 486
"../../../Engine/Plugins/Animation/ControlRig/Content/Controls/ControlRig_Circle_1mm.uexp" 487
"../../../Engine/Plugins/Animation/ControlRig/Content/Controls/ControlRig_Box_solid.ubulk" 488
"../../../Engine/Plugins/Animation/ControlRig/Content/Controls/ControlRig_Box_solid.uasset" 489
"../../../Engine/Plugins/Animation/ControlRig/Content/Controls/ControlRig_Box_solid.uexp" 490
"../../../Engine/Plugins/Animation/ControlRig/Content/Controls/ControlRig_Box_3mm.ubulk" 491
"../../../Engine/Plugins/Animation/ControlRig/Content/Controls/ControlRig_Box_3mm.uasset" 492
"../../../Engine/Plugins/Animation/ControlRig/Content/Controls/ControlRig_Box_3mm.uexp" 493
"../../../Engine/Plugins/Animation/ControlRig/Content/Controls/ControlRig_Arrow_solid.ubulk" 494
"../../../Engine/Plugins/Animation/ControlRig/Content/Controls/ControlRig_Arrow_solid.uasset" 495
"../../../Engine/Plugins/Animation/ControlRig/Content/Controls/ControlRig_Arrow_solid.uexp" 496
"../../../Engine/Plugins/Animation/ControlRig/Content/Controls/ControlRig_Arrow_1mm.ubulk" 497
"../../../Engine/Plugins/Animation/ControlRig/Content/Controls/ControlRig_Arrow_1mm.uasset" 498
"../../../Engine/Plugins/Animation/ControlRig/Content/Controls/ControlRig_Arrow_1mm.uexp" 499
"../../../Engine/Plugins/Animation/ControlRig/Content/Controls/ControlRig_Arrow4_solid.ubulk" 500
"../../../Engine/Plugins/Animation/ControlRig/Content/Controls/ControlRig_Arrow4_solid.uasset" 501
"../../../Engine/Plugins/Animation/ControlRig/Content/Controls/ControlRig_Arrow4_solid.uexp" 502
"../../../Engine/Plugins/Animation/ControlRig/Content/Controls/ControlRig_Arrow4_3mm.ubulk" 503
"../../../Engine/Plugins/Animation/ControlRig/Content/Controls/ControlRig_Arrow4_3mm.uasset" 504
"../../../Engine/Plugins/Animation/ControlRig/Content/Controls/ControlRig_Arrow4_3mm.uexp" 505
"../../../Engine/Plugins/Animation/ControlRig/Content/Controls/ControlRig_Arrow4_1mm.ubulk" 506
"../../../Engine/Plugins/Animation/ControlRig/Content/Controls/ControlRig_Arrow4_1mm.uasset" 507
"../../../Engine/Plugins/Animation/ControlRig/Content/Controls/ControlRig_Arrow4_1mm.uexp" 508
"../../../Engine/Plugins/Animation/ControlRig/Content/Controls/ControlRig_Arrow2_solid.ubulk" 509
"../../../Engine/Plugins/Animation/ControlRig/Content/Controls/ControlRig_Arrow2_solid.uasset" 510
"../../../Engine/Plugins/Animation/ControlRig/Content/Controls/ControlRig_Arrow2_solid.uexp" 511
"../../../Engine/Plugins/Animation/ControlRig/Content/Controls/ControlRig_Arrow2_3mm.ubulk" 512
"../../../Engine/Plugins/Animation/ControlRig/Content/Controls/ControlRig_Arrow2_3mm.uasset" 513
"../../../Engine/Plugins/Animation/ControlRig/Content/Controls/ControlRig_Arrow2_3mm.uexp" 514
"../../../Engine/Plugins/Animation/ControlRig/Content/Controls/ControlRig_Arrow2_1mm.ubulk" 515
"../../../Engine/Plugins/Animation/ControlRig/Content/Controls/ControlRig_Arrow2_1mm.uasset" 516
"../../../Engine/Plugins/Animation/ControlRig/Content/Controls/ControlRig_Arrow2_1mm.uexp" 517
"../../../Engine/Content/VREditor/TransformGizmo/BoundingBoxCorner.ubulk" 518
"../../../Engine/Content/VREditor/TransformGizmo/BoundingBoxCorner.uasset" 519
"../../../Engine/Content/VREditor/TransformGizmo/BoundingBoxCorner.uexp" 520
"../../../Engine/Content/VREditor/TransformGizmo/BoundingBoxEdge.ubulk" 521
"../../../Engine/Content/VREditor/TransformGizmo/BoundingBoxEdge.uasset" 522
"../../../Engine/Content/VREditor/TransformGizmo/BoundingBoxEdge.uexp" 523
"../../../Engine/Plugins/2D/Paper2D/Content/PlaceholderTextures/DummySpriteTexture.ubulk" 524
"../../../Engine/Plugins/2D/Paper2D/Content/PlaceholderTextures/DummySpriteTexture.uasset" 525
"../../../Engine/Plugins/2D/Paper2D/Content/PlaceholderTextures/DummySpriteTexture.uexp" 526
"../../../Engine/Plugins/2D/Paper2D/Content/DefaultSpriteMaterial.uasset" 527
"../../../Engine/Plugins/2D/Paper2D/Content/DefaultSpriteMaterial.uexp" 528
"../../../Engine/Plugins/2D/Paper2D/Content/MaskedUnlitSpriteMaterial.uasset" 529
"../../../Engine/Plugins/2D/Paper2D/Content/MaskedUnlitSpriteMaterial.uexp" 530
"../../../Engine/Plugins/2D/Paper2D/Content/DummySprite.uasset" 531
"../../../Engine/Plugins/2D/Paper2D/Content/DummySprite.uexp" 532
"../../../Engine/Plugins/2D/Paper2D/Content/DefaultPaperTerrainMaterial.uasset" 533
"../../../Engine/Plugins/2D/Paper2D/Content/DefaultPaperTerrainMaterial.uexp" 534
"../../../Engine/Content/EngineResources/WhiteSquareTexture.uasset" 535
"../../../Engine/Content/EngineResources/WhiteSquareTexture.uexp" 536
"../../../Engine/Content/EngineMaterials/Widget3DPassThrough.uasset" 537
"../../../Engine/Content/EngineMaterials/Widget3DPassThrough.uexp" 538
"../../../Engine/Content/EngineMaterials/Widget3DPassThrough_Opaque.uasset" 539
"../../../Engine/Content/EngineMaterials/Widget3DPassThrough_Opaque.uexp" 540
"../../../Engine/Content/EngineMaterials/Widget3DPassThrough_Masked_OneSided.uasset" 541
"../../../Engine/Content/EngineMaterials/Widget3DPassThrough_Masked_OneSided.uexp" 542
"../../../Engine/Plugins/Animation/ControlRig/Content/Controls/ControlRig_Wedge_solid.ubulk" 543
"../../../Engine/Plugins/Animation/ControlRig/Content/Controls/ControlRig_Wedge_solid.uasset" 544
"../../../Engine/Plugins/Animation/ControlRig/Content/Controls/ControlRig_Wedge_solid.uexp" 545
"../../../Engine/Plugins/Animation/ControlRig/Content/Controls/ControlRig_Wedge_3mm.ubulk" 546
"../../../Engine/Plugins/Animation/ControlRig/Content/Controls/ControlRig_Wedge_3mm.uasset" 547
"../../../Engine/Plugins/Animation/ControlRig/Content/Controls/ControlRig_Wedge_3mm.uexp" 548
"../../../Engine/Plugins/Animation/ControlRig/Content/Controls/ControlRig_Wedge_1mm.ubulk" 549
"../../../Engine/Plugins/Animation/ControlRig/Content/Controls/ControlRig_Wedge_1mm.uasset" 550
"../../../Engine/Plugins/Animation/ControlRig/Content/Controls/ControlRig_Wedge_1mm.uexp" 551
"../../../Engine/Plugins/Animation/ControlRig/Content/Controls/ControlRig_Triangle_solid.ubulk" 552
"../../../Engine/Plugins/Animation/ControlRig/Content/Controls/ControlRig_Triangle_solid.uasset" 553
"../../../Engine/Plugins/Animation/ControlRig/Content/Controls/ControlRig_Triangle_solid.uexp" 554
"../../../Engine/Plugins/Animation/ControlRig/Content/Controls/ControlRig_Triangle_3mm.ubulk" 555
"../../../Engine/Plugins/Animation/ControlRig/Content/Controls/ControlRig_Triangle_3mm.uasset" 556
"../../../Engine/Plugins/Animation/ControlRig/Content/Controls/ControlRig_Triangle_3mm.uexp" 557
"../../../Engine/Plugins/Animation/ControlRig/Content/Controls/ControlRig_Triangle_1mm.ubulk" 558
"../../../Engine/Plugins/Animation/ControlRig/Content/Controls/ControlRig_Triangle_1mm.uasset" 559
"../../../Engine/Plugins/Animation/ControlRig/Content/Controls/ControlRig_Triangle_1mm.uexp" 560
"../../../Engine/Plugins/Animation/ControlRig/Content/Controls/ControlRig_Star4_solid.ubulk" 561
"../../../Engine/Plugins/Animation/ControlRig/Content/Controls/ControlRig_Star4_solid.uasset" 562
"../../../Engine/Plugins/Animation/ControlRig/Content/Controls/ControlRig_Star4_solid.uexp" 563
"../../../Engine/Plugins/Animation/ControlRig/Content/Controls/ControlRig_Star4_3mm.ubulk" 564
"../../../Engine/Plugins/Animation/ControlRig/Content/Controls/ControlRig_Star4_3mm.uasset" 565
"../../../Engine/Plugins/Animation/ControlRig/Content/Controls/ControlRig_Star4_3mm.uexp" 566
"../../../Engine/Plugins/Animation/ControlRig/Content/Controls/ControlRig_Star4_1mm.ubulk" 567
"../../../Engine/Plugins/Animation/ControlRig/Content/Controls/ControlRig_Star4_1mm.uasset" 568
"../../../Engine/Plugins/Animation/ControlRig/Content/Controls/ControlRig_Star4_1mm.uexp" 569
"../../../Engine/Plugins/Animation/ControlRig/Content/Controls/ControlRig_Square_solid.ubulk" 570
"../../../Engine/Plugins/Animation/ControlRig/Content/Controls/ControlRig_Square_solid.uasset" 571
"../../../Engine/Plugins/Animation/ControlRig/Content/Controls/ControlRig_Square_solid.uexp" 572
"../../../Engine/Plugins/Animation/ControlRig/Content/Controls/ControlRig_Square_3mm.ubulk" 573
"../../../Engine/Plugins/Animation/ControlRig/Content/Controls/ControlRig_Square_3mm.uasset" 574
"../../../Engine/Plugins/Animation/ControlRig/Content/Controls/ControlRig_Square_3mm.uexp" 575
"../../../Engine/Plugins/Animation/ControlRig/Content/Controls/ControlRig_Square_1mm.ubulk" 576
"../../../Engine/Plugins/Animation/ControlRig/Content/Controls/ControlRig_Square_1mm.uasset" 577
"../../../Engine/Plugins/Animation/ControlRig/Content/Controls/ControlRig_Square_1mm.uexp" 578
"../../../Engine/Content/EditorLandscapeResources/DefaultAlphaTexture.uasset" 579
"../../../Engine/Content/EditorLandscapeResources/DefaultAlphaTexture.uexp" 580
"../../../Engine/Content/Functions/Engine_MaterialFunctions03/Math/WithinRangeFloat2.uasset" 581
"../../../Engine/Content/Functions/Engine_MaterialFunctions03/Math/WithinRangeFloat2.uexp" 582
"../../../Engine/Content/EditorLandscapeResources/WhiteSquareTexture.uasset" 583
"../../../Engine/Content/EditorLandscapeResources/WhiteSquareTexture.uexp" 584
"../../../Engine/Content/EditorLandscapeResources/SelectBrushMaterial.uasset" 585
"../../../Engine/Content/EditorLandscapeResources/SelectBrushMaterial.uexp" 586
"../../../Engine/Content/EditorLandscapeResources/SelectBrushMaterial_Selected.uasset" 587
"../../../Engine/Content/EditorLandscapeResources/SelectBrushMaterial_Selected.uexp" 588
"../../../Engine/Content/EditorLandscapeResources/ColorMaskBrushMaterial.uasset" 589
"../../../Engine/Content/EditorLandscapeResources/ColorMaskBrushMaterial.uexp" 590
"../../../Engine/Content/EditorLandscapeResources/ColorMaskBrushMaterial_MaskedRegion.uasset" 591
"../../../Engine/Content/EditorLandscapeResources/ColorMaskBrushMaterial_MaskedRegion.uexp" 592
"../../../Engine/Plugins/Animation/ControlRig/Content/Controls/ControlRig_QuarterCircle_solid.ubulk" 593
"../../../Engine/Plugins/Animation/ControlRig/Content/Controls/ControlRig_QuarterCircle_solid.uasset" 594
"../../../Engine/Plugins/Animation/ControlRig/Content/Controls/ControlRig_QuarterCircle_solid.uexp" 595
"../../../Engine/Plugins/Animation/ControlRig/Content/Controls/ControlRig_QuarterCircle_1mm.ubulk" 596
"../../../Engine/Plugins/Animation/ControlRig/Content/Controls/ControlRig_QuarterCircle_1mm.uasset" 597
"../../../Engine/Plugins/Animation/ControlRig/Content/Controls/ControlRig_QuarterCircle_1mm.uexp" 598
"../../../Engine/Plugins/Animation/ControlRig/Content/Controls/ControlRig_Pyramid_solid.ubulk" 599
"../../../Engine/Plugins/Animation/ControlRig/Content/Controls/ControlRig_Pyramid_solid.uasset" 600
"../../../Engine/Plugins/Animation/ControlRig/Content/Controls/ControlRig_Pyramid_solid.uexp" 601
"../../../Engine/Plugins/Animation/ControlRig/Content/Controls/ControlRig_Pyramid_3mm.ubulk" 602
"../../../Engine/Plugins/Animation/ControlRig/Content/Controls/ControlRig_Pyramid_3mm.uasset" 603
"../../../Engine/Plugins/Animation/ControlRig/Content/Controls/ControlRig_Pyramid_3mm.uexp" 604
"../../../Engine/Plugins/Animation/ControlRig/Content/Controls/ControlRig_Pyramid_1mm.ubulk" 605
"../../../Engine/Plugins/Animation/ControlRig/Content/Controls/ControlRig_Pyramid_1mm.uasset" 606
"../../../Engine/Plugins/Animation/ControlRig/Content/Controls/ControlRig_Pyramid_1mm.uexp" 607
"../../../Engine/Plugins/Animation/ControlRig/Content/Controls/ControlRig_Octagon_solid.ubulk" 608
"../../../Engine/Plugins/Animation/ControlRig/Content/Controls/ControlRig_Octagon_solid.uasset" 609
"../../../Engine/Plugins/Animation/ControlRig/Content/Controls/ControlRig_Octagon_solid.uexp" 610
"../../../Engine/Plugins/Animation/ControlRig/Content/Controls/ControlRig_Octagon_3mm.ubulk" 611
"../../../Engine/Plugins/Animation/ControlRig/Content/Controls/ControlRig_Octagon_3mm.uasset" 612
"../../../Engine/Plugins/Animation/ControlRig/Content/Controls/ControlRig_Octagon_3mm.uexp" 613
"../../../Engine/Plugins/Animation/ControlRig/Content/Controls/ControlRig_RoundedSquare_1mm.ubulk" 614
"../../../Engine/Plugins/Animation/ControlRig/Content/Controls/ControlRig_RoundedSquare_1mm.uasset" 615
"../../../Engine/Plugins/Animation/ControlRig/Content/Controls/ControlRig_RoundedSquare_1mm.uexp" 616
"../../../Engine/Plugins/Animation/ControlRig/Content/Controls/ControlRig_RoundedTriangle_3mm.ubulk" 617
"../../../Engine/Plugins/Animation/ControlRig/Content/Controls/ControlRig_RoundedTriangle_3mm.uasset" 618
"../../../Engine/Plugins/Animation/ControlRig/Content/Controls/ControlRig_RoundedTriangle_3mm.uexp" 619
"../../../Engine/Plugins/Animation/ControlRig/Content/Controls/ControlRig_Sphere_3mm.ubulk" 620
"../../../Engine/Plugins/Animation/ControlRig/Content/Controls/ControlRig_Sphere_3mm.uasset" 621
"../../../Engine/Plugins/Animation/ControlRig/Content/Controls/ControlRig_Sphere_3mm.uexp" 622
"../../../Engine/Plugins/Animation/ControlRig/Content/Controls/ControlRig_Sphere_1mm.ubulk" 623
"../../../Engine/Plugins/Animation/ControlRig/Content/Controls/ControlRig_Sphere_1mm.uasset" 624
"../../../Engine/Plugins/Animation/ControlRig/Content/Controls/ControlRig_Sphere_1mm.uexp" 625
"../../../Engine/Plugins/Animation/ControlRig/Content/Controls/ControlRig_RoundedTriangle_solid.ubulk" 626
"../../../Engine/Plugins/Animation/ControlRig/Content/Controls/ControlRig_RoundedTriangle_solid.uasset" 627
"../../../Engine/Plugins/Animation/ControlRig/Content/Controls/ControlRig_RoundedTriangle_solid.uexp" 628
"../../../Engine/Plugins/Animation/ControlRig/Content/Controls/ControlRig_RoundedTriangle_1mm.ubulk" 629
"../../../Engine/Plugins/Animation/ControlRig/Content/Controls/ControlRig_RoundedTriangle_1mm.uasset" 630
"../../../Engine/Plugins/Animation/ControlRig/Content/Controls/ControlRig_RoundedTriangle_1mm.uexp" 631
"../../../Engine/Plugins/Animation/ControlRig/Content/Controls/ControlRig_RoundedSquare_solid.ubulk" 632
"../../../Engine/Plugins/Animation/ControlRig/Content/Controls/ControlRig_RoundedSquare_solid.uasset" 633
"../../../Engine/Plugins/Animation/ControlRig/Content/Controls/ControlRig_RoundedSquare_solid.uexp" 634
"../../../Engine/Plugins/Animation/ControlRig/Content/Controls/ControlRig_RoundedSquare_3mm.ubulk" 635
"../../../Engine/Plugins/Animation/ControlRig/Content/Controls/ControlRig_RoundedSquare_3mm.uasset" 636
"../../../Engine/Plugins/Animation/ControlRig/Content/Controls/ControlRig_RoundedSquare_3mm.uexp" 637
"../../../Engine/Content/EditorLandscapeResources/SplineEditorMeshMat.uasset" 638
"../../../Engine/Content/EditorLandscapeResources/SplineEditorMeshMat.uexp" 639
"../../../Engine/Content/EditorLandscapeResources/SplineEditorMesh.ubulk" 640
"../../../Engine/Content/EditorLandscapeResources/SplineEditorMesh.uasset" 641
"../../../Engine/Content/EditorLandscapeResources/SplineEditorMesh.uexp" 642
"../../../Engine/Plugins/Animation/ControlRig/Content/Controls/ControlRig_QuarterCircle_3mm.ubulk" 643
"../../../Engine/Plugins/Animation/ControlRig/Content/Controls/ControlRig_QuarterCircle_3mm.uasset" 644
"../../../Engine/Plugins/Animation/ControlRig/Content/Controls/ControlRig_QuarterCircle_3mm.uexp" 645
"../../../Engine/Content/EngineFonts/Faces/DroidSansFallback.uexp" 646
"../../../Engine/Content/EngineFonts/Faces/DroidSansFallback.uasset" 647
"../../../Engine/Content/EngineFonts/Faces/DroidSansFallback.ufont" 648
"../../../Engine/Content/EngineFonts/Faces/RobotoBold.uexp" 649
"../../../Engine/Content/EngineFonts/Faces/RobotoBold.uasset" 650
"../../../Engine/Content/EngineFonts/Faces/RobotoBold.ufont" 651
"../../../Engine/Content/EngineFonts/Faces/RobotoBoldItalic.uexp" 652
"../../../Engine/Content/EngineFonts/Faces/RobotoBoldItalic.uasset" 653
"../../../Engine/Content/EngineFonts/Faces/RobotoBoldItalic.ufont" 654
"../../../Engine/Content/EngineFonts/Faces/RobotoItalic.uexp" 655
"../../../Engine/Content/EngineFonts/Faces/RobotoItalic.uasset" 656
"../../../Engine/Content/EngineFonts/Faces/RobotoItalic.ufont" 657
"../../../Engine/Content/EngineFonts/Faces/RobotoLight.uexp" 658
"../../../Engine/Content/EngineFonts/Faces/RobotoLight.uasset" 659
"../../../Engine/Content/EngineFonts/Faces/RobotoLight.ufont" 660
"../../../Engine/Content/EngineFonts/Faces/RobotoRegular.uexp" 661
"../../../Engine/Content/EngineFonts/Faces/RobotoRegular.uasset" 662
"../../../Engine/Content/EngineFonts/Faces/RobotoRegular.ufont" 663
"../../../Engine/Content/EngineFonts/Roboto.uasset" 664
"../../../Engine/Content/EngineFonts/Roboto.uexp" 665
"../../../Engine/Content/VREditor/TransformGizmo/Main.uasset" 666
"../../../Engine/Content/VREditor/TransformGizmo/Main.uexp" 667
"../../../Engine/Content/VREditor/TransformGizmo/Xray.uasset" 668
"../../../Engine/Content/VREditor/TransformGizmo/Xray.uexp" 669
"../../../Engine/Content/VREditor/TransformGizmo/SM_Sequencer_Node.ubulk" 670
"../../../Engine/Content/VREditor/TransformGizmo/SM_Sequencer_Node.uasset" 671
"../../../Engine/Content/VREditor/TransformGizmo/SM_Sequencer_Node.uexp" 672
"../../../Engine/Plugins/Animation/DeformerGraph/Content/DeformerFunctions/DG_Function_LinearBlendSkin_Morph_Cloth.uasset" 673
"../../../Engine/Plugins/Animation/DeformerGraph/Content/DeformerFunctions/DG_Function_LinearBlendSkin_Morph_Cloth.uexp" 674
"../../../Engine/Plugins/Animation/DeformerGraph/Content/Deformers/DG_LinearBlendSkin_Morph_Cloth.uasset" 675
"../../../Engine/Plugins/Animation/DeformerGraph/Content/Deformers/DG_LinearBlendSkin_Morph_Cloth.uexp" 676
"../../../Engine/Plugins/Animation/DeformerGraph/Content/DeformerFunctions/DG_Function_ComputeNormalsTangents.uasset" 677
"../../../Engine/Plugins/Animation/DeformerGraph/Content/DeformerFunctions/DG_Function_ComputeNormalsTangents.uexp" 678
"../../../Engine/Plugins/Animation/DeformerGraph/Content/DeformerFunctions/DG_Function_LinearBlendSkin_Morph_Cloth_PositionOnly.uasset" 679
"../../../Engine/Plugins/Animation/DeformerGraph/Content/DeformerFunctions/DG_Function_LinearBlendSkin_Morph_Cloth_PositionOnly.uexp" 680
"../../../Engine/Plugins/Animation/DeformerGraph/Content/Deformers/DG_LinearBlendSkin_Morph_Cloth_RecomputeNormals.uasset" 681
"../../../Engine/Plugins/Animation/DeformerGraph/Content/Deformers/DG_LinearBlendSkin_Morph_Cloth_RecomputeNormals.uexp" 682
"C:/Game projects/Grand-City-Mobile-RP-UE5/Content/Characters/Mannequins/Anims/CrouchFixed/MM_Unarmed_Crouch_Entry.uasset" 683
"C:/Game projects/Grand-City-Mobile-RP-UE5/Content/Characters/Mannequins/Anims/CrouchFixed/MM_Unarmed_Crouch_Entry.m.ubulk" 684
"C:/Game projects/Grand-City-Mobile-RP-UE5/Content/Characters/Mannequins/Anims/CrouchFixed/MM_Unarmed_Crouch_Entry.uexp" 685
"C:/Game projects/Grand-City-Mobile-RP-UE5/Content/Characters/Mannequins/Anims/CrouchFixed/MM_Unarmed_Crouch_Exit.uasset" 686
"C:/Game projects/Grand-City-Mobile-RP-UE5/Content/Characters/Mannequins/Anims/CrouchFixed/MM_Unarmed_Crouch_Exit.m.ubulk" 687
"C:/Game projects/Grand-City-Mobile-RP-UE5/Content/Characters/Mannequins/Anims/CrouchFixed/MM_Unarmed_Crouch_Exit.uexp" 688
"C:/Game projects/Grand-City-Mobile-RP-UE5/Content/Characters/Mannequins/Anims/CrouchFixed/MM_Unarmed_Crouch_Idle.uasset" 689
"C:/Game projects/Grand-City-Mobile-RP-UE5/Content/Characters/Mannequins/Anims/CrouchFixed/MM_Unarmed_Crouch_Idle.m.ubulk" 690
"C:/Game projects/Grand-City-Mobile-RP-UE5/Content/Characters/Mannequins/Anims/CrouchFixed/MM_Unarmed_Crouch_Idle.uexp" 691
"C:/Game projects/Grand-City-Mobile-RP-UE5/Content/Characters/Mannequins/Anims/CrouchFixed/MM_Unarmed_Crouch_Walk_Fwd.uasset" 692
"C:/Game projects/Grand-City-Mobile-RP-UE5/Content/Characters/Mannequins/Anims/CrouchFixed/MM_Unarmed_Crouch_Walk_Fwd.m.ubulk" 693
"C:/Game projects/Grand-City-Mobile-RP-UE5/Content/Characters/Mannequins/Anims/CrouchFixed/MM_Unarmed_Crouch_Walk_Fwd.uexp" 694
"C:/Game projects/Grand-City-Mobile-RP-UE5/Content/Characters/Mannequins/Anims/CrouchFixed/MM_Unarmed_Crouch_Walk_Bwd.uasset" 695
"C:/Game projects/Grand-City-Mobile-RP-UE5/Content/Characters/Mannequins/Anims/CrouchFixed/MM_Unarmed_Crouch_Walk_Bwd.m.ubulk" 696
"C:/Game projects/Grand-City-Mobile-RP-UE5/Content/Characters/Mannequins/Anims/CrouchFixed/MM_Unarmed_Crouch_Walk_Bwd.uexp" 697
"C:/Game projects/Grand-City-Mobile-RP-UE5/Content/Characters/Mannequins/Anims/CrouchFixed/MM_Unarmed_Crouch_Walk_Left.uasset" 698
"C:/Game projects/Grand-City-Mobile-RP-UE5/Content/Characters/Mannequins/Anims/CrouchFixed/MM_Unarmed_Crouch_Walk_Left.m.ubulk" 699
"C:/Game projects/Grand-City-Mobile-RP-UE5/Content/Characters/Mannequins/Anims/CrouchFixed/MM_Unarmed_Crouch_Walk_Left.uexp" 700
"C:/Game projects/Grand-City-Mobile-RP-UE5/Content/Characters/Mannequins/Anims/CrouchFixed/MM_Unarmed_Crouch_Walk_Right.uasset" 701
"C:/Game projects/Grand-City-Mobile-RP-UE5/Content/Characters/Mannequins/Anims/CrouchFixed/MM_Unarmed_Crouch_Walk_Right.m.ubulk" 702
"C:/Game projects/Grand-City-Mobile-RP-UE5/Content/Characters/Mannequins/Anims/CrouchFixed/MM_Unarmed_Crouch_Walk_Right.uexp" 703
"../../../Engine/Content/EngineMaterials/WeightMapPlaceholderTexture.uasset" 704
"../../../Engine/Content/EngineMaterials/WeightMapPlaceholderTexture.uexp" 705
"../../../Engine/Content/EngineMaterials/WeightMapArrayPlaceholderTexture.uasset" 706
"../../../Engine/Content/EngineMaterials/WeightMapArrayPlaceholderTexture.uexp" 707
"../../../Engine/Content/EngineMaterials/Widget3DPassThrough_Translucent.uasset" 708
"../../../Engine/Content/EngineMaterials/Widget3DPassThrough_Translucent.uexp" 709
"../../../Engine/Content/EngineMaterials/Widget3DPassThrough_Translucent_OneSided.uasset" 710
"../../../Engine/Content/EngineMaterials/Widget3DPassThrough_Translucent_OneSided.uexp" 711
"../../../Engine/Content/EngineMeshes/Sphere.ubulk" 712
"../../../Engine/Content/EngineMeshes/Sphere.uasset" 713
"../../../Engine/Content/EngineMeshes/Sphere.uexp" 714
"../../../Engine/Content/EngineDamageTypes/DmgTypeBP_Environmental.uasset" 715
"../../../Engine/Content/EngineDamageTypes/DmgTypeBP_Environmental.uexp" 716
"../../../Engine/Content/EngineResources/LandscapeVisibilityLayerInfo.uasset" 717
"../../../Engine/Content/EngineResources/LandscapeVisibilityLayerInfo.uexp" 718
"../../../Engine/Content/EngineResources/DefaultVolumeTexture2D.uasset" 719
"../../../Engine/Content/EngineResources/DefaultVolumeTexture2D.uexp" 720
"../../../Engine/Content/EngineResources/DefaultVolumeTexture.uasset" 721
"../../../Engine/Content/EngineResources/DefaultVolumeTexture.uexp" 722
"../../../Engine/Plugins/PCG/Content/ComputeSources/PCGCS_ShaderUtils.uasset" 723
"../../../Engine/Plugins/PCG/Content/ComputeSources/PCGCS_ShaderUtils.uexp" 724
"../../../Engine/Plugins/PCG/Content/ComputeSources/PCGCS_ShaderUtilsInternal.uasset" 725
"../../../Engine/Plugins/PCG/Content/ComputeSources/PCGCS_ShaderUtilsInternal.uexp" 726
"../../../Engine/Plugins/PCG/Content/ComputeSources/PCGCS_Quaternion.uasset" 727
"../../../Engine/Plugins/PCG/Content/ComputeSources/PCGCS_Quaternion.uexp" 728
"../../../Engine/Plugins/Animation/ACLPlugin/Content/ACLAnimBoneCompressionSettings.uasset" 729
"../../../Engine/Plugins/Animation/ACLPlugin/Content/ACLAnimBoneCompressionSettings.uexp" 730
"C:/Game projects/Grand-City-Mobile-RP-UE5/Content/Characters/Mannequins/Anims/Vehicle/MM_Car_Enter.uasset" 731
"C:/Game projects/Grand-City-Mobile-RP-UE5/Content/Characters/Mannequins/Anims/Vehicle/MM_Car_Enter.m.ubulk" 732
"C:/Game projects/Grand-City-Mobile-RP-UE5/Content/Characters/Mannequins/Anims/Vehicle/MM_Car_Enter.uexp" 733
"C:/Game projects/Grand-City-Mobile-RP-UE5/Content/Characters/Mannequins/Anims/Vehicle/MM_Car_Exit.uasset" 734
"C:/Game projects/Grand-City-Mobile-RP-UE5/Content/Characters/Mannequins/Anims/Vehicle/MM_Car_Exit.m.ubulk" 735
"C:/Game projects/Grand-City-Mobile-RP-UE5/Content/Characters/Mannequins/Anims/Vehicle/MM_Car_Exit.uexp" 736
"../../../Engine/Content/EngineMaterials/DefaultDestructiblePhysicalMaterial.uasset" 737
"../../../Engine/Content/EngineMaterials/DefaultDestructiblePhysicalMaterial.uexp" 738
"../../../Engine/Plugins/Experimental/Water/Content/Materials/MPC/MPC_Water.uasset" 739
"../../../Engine/Plugins/Experimental/Water/Content/Materials/MPC/MPC_Water.uexp" 740
"../../../Engine/Plugins/Experimental/Water/Content/Curves/FloatCurve.uasset" 741
"../../../Engine/Plugins/Experimental/Water/Content/Curves/FloatCurve.uexp" 742
"../../../Engine/Plugins/Experimental/Water/Content/Curves/FloatCurve_WaterBodyIsland.uasset" 743
"../../../Engine/Plugins/Experimental/Water/Content/Curves/FloatCurve_WaterBodyIsland.uexp" 744
"../../../Engine/Plugins/Experimental/Water/Content/Waves/GerstnerWaves_Lake.uasset" 745
"../../../Engine/Plugins/Experimental/Water/Content/Waves/GerstnerWaves_Lake.uexp" 746
"../../../Engine/Plugins/Experimental/Water/Content/Waves/GerstnerWaves_Ocean.uasset" 747
"../../../Engine/Plugins/Experimental/Water/Content/Waves/GerstnerWaves_Ocean.uexp" 748
"../../../Engine/Content/MobileResources/HUD/VirtualJoystick_Background.uasset" 749
"../../../Engine/Content/MobileResources/HUD/VirtualJoystick_Background.uexp" 750
"../../../Engine/Content/MobileResources/HUD/VirtualJoystick_Thumb.uasset" 751
"../../../Engine/Content/MobileResources/HUD/VirtualJoystick_Thumb.uexp" 752
"../../../Engine/Content/MobileResources/HUD/LeftVirtualJoystickOnly.uasset" 753
"../../../Engine/Content/MobileResources/HUD/LeftVirtualJoystickOnly.uexp" 754
"../../../Engine/Plugins/Interchange/Assets/Content/Functions/MX_Surface.uasset" 755
"../../../Engine/Plugins/Interchange/Assets/Content/Functions/MX_Surface.uexp" 756
"../../../Engine/Plugins/Interchange/Assets/Content/Functions/MX_Displacement.uasset" 757
"../../../Engine/Plugins/Interchange/Assets/Content/Functions/MX_Displacement.uexp" 758
"../../../Engine/Plugins/Interchange/Assets/Content/Functions/MX_SurfaceUnlit.uasset" 759
"../../../Engine/Plugins/Interchange/Assets/Content/Functions/MX_SurfaceUnlit.uexp" 760
"../../../Engine/Content/EngineSounds/Master.uasset" 761
"../../../Engine/Content/EngineSounds/Master.uexp" 762
"../../../Engine/Plugins/Interchange/Assets/Content/Functions/MX_DielectricBSDF.uasset" 763
"../../../Engine/Plugins/Interchange/Assets/Content/Functions/MX_DielectricBSDF.uexp" 764
"../../../Engine/Plugins/Interchange/Assets/Content/Functions/MX_TranslucentBSDF.uasset" 765
"../../../Engine/Plugins/Interchange/Assets/Content/Functions/MX_TranslucentBSDF.uexp" 766
"../../../Engine/Plugins/Interchange/Assets/Content/Functions/MX_BurleyDiffuseBSDF.uasset" 767
"../../../Engine/Plugins/Interchange/Assets/Content/Functions/MX_BurleyDiffuseBSDF.uexp" 768
"../../../Engine/Plugins/Interchange/Assets/Content/Functions/MX_OrenNayarBSDF.uasset" 769
"../../../Engine/Plugins/Interchange/Assets/Content/Functions/MX_OrenNayarBSDF.uexp" 770
"../../../Engine/Plugins/Interchange/Assets/Content/Substrate/MX_SimpleVolume.uasset" 771
"../../../Engine/Plugins/Interchange/Assets/Content/Substrate/MX_SimpleVolume.uexp" 772
"../../../Engine/Plugins/Interchange/Assets/Content/Functions/MX_UsdPreviewSurface.uasset" 773
"../../../Engine/Plugins/Interchange/Assets/Content/Functions/MX_UsdPreviewSurface.uexp" 774
"../../../Engine/Plugins/Interchange/Assets/Content/Functions/MX_AnisotropicVDF.uasset" 775
"../../../Engine/Plugins/Interchange/Assets/Content/Functions/MX_AnisotropicVDF.uexp" 776
"../../../Engine/Plugins/Interchange/Assets/Content/Functions/MX_AbsorptionVDF.uasset" 777
"../../../Engine/Plugins/Interchange/Assets/Content/Functions/MX_AbsorptionVDF.uexp" 778
"../../../Engine/Plugins/Interchange/Assets/Content/Functions/MX_MeasuredEDF.uasset" 779
"../../../Engine/Plugins/Interchange/Assets/Content/Functions/MX_MeasuredEDF.uexp" 780
"../../../Engine/Plugins/Interchange/Assets/Content/Functions/MX_ConicalEDF.uasset" 781
"../../../Engine/Plugins/Interchange/Assets/Content/Functions/MX_ConicalEDF.uexp" 782
"../../../Engine/Plugins/Interchange/Assets/Content/Functions/MX_UniformEDF.uasset" 783
"../../../Engine/Plugins/Interchange/Assets/Content/Functions/MX_UniformEDF.uexp" 784
"../../../Engine/Plugins/Interchange/Assets/Content/Functions/MX_ChiangHairBSDF.uasset" 785
"../../../Engine/Plugins/Interchange/Assets/Content/Functions/MX_ChiangHairBSDF.uexp" 786
"../../../Engine/Plugins/Interchange/Assets/Content/Functions/MX_SheenBSDF.uasset" 787
"../../../Engine/Plugins/Interchange/Assets/Content/Functions/MX_SheenBSDF.uexp" 788
"../../../Engine/Plugins/Interchange/Assets/Content/Functions/MX_SubsurfaceBSDF.uasset" 789
"../../../Engine/Plugins/Interchange/Assets/Content/Functions/MX_SubsurfaceBSDF.uexp" 790
"../../../Engine/Plugins/Interchange/Assets/Content/Functions/MX_GeneralizedSchlickBSDF.uasset" 791
"../../../Engine/Plugins/Interchange/Assets/Content/Functions/MX_GeneralizedSchlickBSDF.uexp" 792
"../../../Engine/Plugins/Interchange/Assets/Content/Functions/MX_ConductorBSDF.uasset" 793
"../../../Engine/Plugins/Interchange/Assets/Content/Functions/MX_ConductorBSDF.uexp" 794
"../../../Engine/Content/EngineResources/GradientTexture0.uasset" 795
"../../../Engine/Content/EngineResources/GradientTexture0.uexp" 796
"../../../Engine/Content/EditorResources/S_Actor.ubulk" 797
"../../../Engine/Content/EditorResources/S_Actor.uasset" 798
"../../../Engine/Content/EditorResources/S_Actor.uexp" 799
"../../../Engine/Content/EditorResources/S_BoxReflectionCapture.uasset" 800
"../../../Engine/Content/EditorResources/S_BoxReflectionCapture.uexp" 801
"../../../Engine/Content/EditorResources/S_TriggerBox.uasset" 802
"../../../Engine/Content/EditorResources/S_TriggerBox.uexp" 803
"../../../Engine/Content/EditorResources/S_TriggerCapsule.uasset" 804
"../../../Engine/Content/EditorResources/S_TriggerCapsule.uexp" 805
"../../../Engine/Content/EditorResources/S_TriggerSphere.uasset" 806
"../../../Engine/Content/EditorResources/S_TriggerSphere.uexp" 807
"../../../Engine/Content/EditorResources/SequenceRecorder/RecordingIndicator.uasset" 808
"../../../Engine/Content/EditorResources/SequenceRecorder/RecordingIndicator.uexp" 809
"../../../Engine/Content/EditorResources/S_Trigger.ubulk" 810
"../../../Engine/Content/EditorResources/S_Trigger.uasset" 811
"../../../Engine/Content/EditorResources/S_Trigger.uexp" 812
"../../../Engine/Content/EditorResources/SequenceRecorder/Countdown.uasset" 813
"../../../Engine/Content/EditorResources/SequenceRecorder/Countdown.uexp" 814
"../../../Engine/Content/EngineResources/Black.uasset" 815
"../../../Engine/Content/EngineResources/Black.uexp" 816
"../../../Engine/Content/EngineResources/DefaultTexture.ubulk" 817
"../../../Engine/Content/EngineResources/DefaultTexture.uasset" 818
"../../../Engine/Content/EngineResources/DefaultTexture.uexp" 819
"../../../Engine/Content/EngineResources/DefaultTextureCube.uasset" 820
"../../../Engine/Content/EngineResources/DefaultTextureCube.uexp" 821
"../../../Engine/Content/EditorResources/S_Solver.ubulk" 822
"../../../Engine/Content/EditorResources/S_Solver.uasset" 823
"../../../Engine/Content/EditorResources/S_Solver.uexp" 824
"../../../Engine/Plugins/Experimental/Water/Content/Icons/WaterBodyIslandSprite.uasset" 825
"../../../Engine/Plugins/Experimental/Water/Content/Icons/WaterBodyIslandSprite.uexp" 826
"../../../Engine/Plugins/Experimental/Water/Content/Icons/WaterZoneActorSprite.ubulk" 827
"../../../Engine/Plugins/Experimental/Water/Content/Icons/WaterZoneActorSprite.uasset" 828
"../../../Engine/Plugins/Experimental/Water/Content/Icons/WaterZoneActorSprite.uexp" 829
"../../../Engine/Plugins/Experimental/Water/Content/Icons/WaterBodyExclusionVolumeSprite.uasset" 830
"../../../Engine/Plugins/Experimental/Water/Content/Icons/WaterBodyExclusionVolumeSprite.uexp" 831
"../../../Engine/Content/EditorMaterials/ParticleSystems/PSysThumbnail_NoImage.ubulk" 832
"../../../Engine/Content/EditorMaterials/ParticleSystems/PSysThumbnail_NoImage.uasset" 833
"../../../Engine/Content/EditorMaterials/ParticleSystems/PSysThumbnail_NoImage.uexp" 834
"../../../Engine/Content/EditorMaterials/ParticleSystems/PSysThumbnail_OOD.ubulk" 835
"../../../Engine/Content/EditorMaterials/ParticleSystems/PSysThumbnail_OOD.uasset" 836
"../../../Engine/Content/EditorMaterials/ParticleSystems/PSysThumbnail_OOD.uexp" 837
"../../../Engine/Plugins/Runtime/AudioWidgets/Content/Resources/ScrubHandleDown_Clamped.uasset" 838
"../../../Engine/Plugins/Runtime/AudioWidgets/Content/Resources/ScrubHandleDown_Clamped.uexp" 839
"../../../Engine/Content/Functions/Engine_MaterialFunctions02/Utility/MakeFloat2.uasset" 840
"../../../Engine/Content/Functions/Engine_MaterialFunctions02/Utility/MakeFloat2.uexp" 841
"../../../Engine/Content/Functions/Engine_MaterialFunctions02/Utility/VectorLength.uasset" 842
"../../../Engine/Content/Functions/Engine_MaterialFunctions02/Utility/VectorLength.uexp" 843
"../../../Engine/Content/EngineMaterials/BlendFunc_DefBase.uasset" 844
"../../../Engine/Content/EngineMaterials/BlendFunc_DefBase.uexp" 845
"../../../Engine/Content/EngineMaterials/BlendFunc_DefBlend.uasset" 846
"../../../Engine/Content/EngineMaterials/BlendFunc_DefBlend.uexp" 847
"../../../Engine/Content/Functions/Engine_MaterialFunctions03/Blends/Blend_Screen.uasset" 848
"../../../Engine/Content/Functions/Engine_MaterialFunctions03/Blends/Blend_Screen.uexp" 849
"../../../Engine/Content/EditorMaterials/TilingAALineIntegral.uasset" 850
"../../../Engine/Content/EditorMaterials/TilingAALineIntegral.uexp" 851
"../../../Engine/Content/EditorMaterials/TilingAALineBoxFiltered.uasset" 852
"../../../Engine/Content/EditorMaterials/TilingAALineBoxFiltered.uexp" 853
"../../../Engine/Content/Functions/Engine_MaterialFunctions03/Procedurals/ComputeFilterWidth.uasset" 854
"../../../Engine/Content/Functions/Engine_MaterialFunctions03/Procedurals/ComputeFilterWidth.uexp" 855
"../../../Engine/Content/EditorMaterials/TilingAAGrid.uasset" 856
"../../../Engine/Content/EditorMaterials/TilingAAGrid.uexp" 857
"../../../Engine/Content/Functions/Engine_MaterialFunctions02/WorldPositionOffset/V2/ObjectScale.uasset" 858
"../../../Engine/Content/Functions/Engine_MaterialFunctions02/WorldPositionOffset/V2/ObjectScale.uexp" 859
"../../../Engine/Content/EngineResources/Black_Low.uasset" 860
"../../../Engine/Content/EngineResources/Black_Low.uexp" 861
"../../../Engine/Plugins/Experimental/Landmass/Content/Landscape/BlueprintBrushes/MPC/MPC_Landscape.uasset" 862
"../../../Engine/Plugins/Experimental/Landmass/Content/Landscape/BlueprintBrushes/MPC/MPC_Landscape.uexp" 863
"../../../Engine/Plugins/Experimental/Landmass/Content/Landscape/BlueprintBrushes/MF/PointSampleLandscapeUVs.uasset" 864
"../../../Engine/Plugins/Experimental/Landmass/Content/Landscape/BlueprintBrushes/MF/PointSampleLandscapeUVs.uexp" 865
"../../../Engine/Content/Functions/Engine_MaterialFunctions01/ImageAdjustment/SCurve.uasset" 866
"../../../Engine/Content/Functions/Engine_MaterialFunctions01/ImageAdjustment/SCurve.uexp" 867
"../../../Engine/Plugins/Experimental/Landmass/Content/Landscape/OldPrototype_BP/Mats/MF/UnpackRG8Height.uasset" 868
"../../../Engine/Plugins/Experimental/Landmass/Content/Landscape/OldPrototype_BP/Mats/MF/UnpackRG8Height.uexp" 869
"../../../Engine/Content/ArtTools/RenderToTexture/Textures/T_EV_BlankWhite_01.uasset" 870
"../../../Engine/Content/ArtTools/RenderToTexture/Textures/T_EV_BlankWhite_01.uexp" 871
"../../../Engine/Plugins/Experimental/Landmass/Content/Landscape/BlueprintBrushes/MF/LandmassBrush_UVs.uasset" 872
"../../../Engine/Plugins/Experimental/Landmass/Content/Landscape/BlueprintBrushes/MF/LandmassBrush_UVs.uexp" 873
"../../../Engine/Plugins/Experimental/Landmass/Content/Landscape/BlueprintBrushes/MF/LandmassBrush_EdgeFalloff.uasset" 874
"../../../Engine/Plugins/Experimental/Landmass/Content/Landscape/BlueprintBrushes/MF/LandmassBrush_EdgeFalloff.uexp" 875
"../../../Engine/Plugins/Experimental/Landmass/Content/Landscape/BlueprintBrushes/MF/LandmassBrush_Noise.uasset" 876
"../../../Engine/Plugins/Experimental/Landmass/Content/Landscape/BlueprintBrushes/MF/LandmassBrush_Noise.uexp" 877
"../../../Engine/Plugins/Experimental/Landmass/Content/Landscape/BlueprintBrushes/MF/Landmass_BrushTilt.uasset" 878
"../../../Engine/Plugins/Experimental/Landmass/Content/Landscape/BlueprintBrushes/MF/Landmass_BrushTilt.uexp" 879
"../../../Engine/Plugins/Experimental/Landmass/Content/Landscape/BlueprintBrushes/Materials/BrushMaterials/BasicFunctions/LandmassBrush_ShapeMask.uasset" 880
"../../../Engine/Plugins/Experimental/Landmass/Content/Landscape/BlueprintBrushes/Materials/BrushMaterials/BasicFunctions/LandmassBrush_ShapeMask.uexp" 881
"../../../Engine/Plugins/Experimental/Landmass/Content/Landscape/BlueprintBrushes/Materials/Internal/BrushBounds.uasset" 882
"../../../Engine/Plugins/Experimental/Landmass/Content/Landscape/BlueprintBrushes/Materials/Internal/BrushBounds.uexp" 883
"../../../Engine/Content/EngineMaterials/DefaultBokeh.uasset" 884
"../../../Engine/Content/EngineMaterials/DefaultBokeh.uexp" 885
"../../../Engine/Content/EngineMaterials/MiniFont.uasset" 886
"../../../Engine/Content/EngineMaterials/MiniFont.uexp" 887
"../../../Engine/Content/EngineMaterials/DefaultWhiteGrid.ubulk" 888
"../../../Engine/Content/EngineMaterials/DefaultWhiteGrid.uasset" 889
"../../../Engine/Content/EngineMaterials/DefaultWhiteGrid.uexp" 890
"../../../Engine/Content/EngineMaterials/PreintegratedSkinBRDF.uasset" 891
"../../../Engine/Content/EngineMaterials/PreintegratedSkinBRDF.uexp" 892
"../../../Engine/Content/EngineMaterials/LTC/GGX_LTCAmp.uasset" 893
"../../../Engine/Content/EngineMaterials/LTC/GGX_LTCAmp.uexp" 894
"../../../Engine/Content/EngineMaterials/LTC/GGX_LTCMat.uasset" 895
"../../../Engine/Content/EngineMaterials/LTC/GGX_LTCMat.uexp" 896
"../../../Engine/Content/EngineMaterials/LTC/Sheen_LTC.uasset" 897
"../../../Engine/Content/EngineMaterials/LTC/Sheen_LTC.uexp" 898
"../../../Engine/Content/EngineMaterials/EnergyConservation/GGX_ReflectionEnergy.uasset" 899
"../../../Engine/Content/EngineMaterials/EnergyConservation/GGX_ReflectionEnergy.uexp" 900
"../../../Engine/Content/EngineMaterials/EnergyConservation/GGX_MaxSpecEnergy.uasset" 901
"../../../Engine/Content/EngineMaterials/EnergyConservation/GGX_MaxSpecEnergy.uexp" 902
"../../../Engine/Content/EngineMaterials/EnergyConservation/GGX_TransmissionEnergyArray.uasset" 903
"../../../Engine/Content/EngineMaterials/EnergyConservation/GGX_TransmissionEnergyArray.uexp" 904
"../../../Engine/Plugins/Experimental/Water/Content/Icons/WaterSprite.uasset" 905
"../../../Engine/Plugins/Experimental/Water/Content/Icons/WaterSprite.uexp" 906
"../../../Engine/Content/EngineMaterials/EnergyConservation/SheenLegacy_Energy.uasset" 907
"../../../Engine/Content/EngineMaterials/EnergyConservation/SheenLegacy_Energy.uexp" 908
"../../../Engine/Content/EngineMaterials/Substrate/GLints/AGlintTex2dArray.uasset" 909
"../../../Engine/Content/EngineMaterials/Substrate/GLints/AGlintTex2dArray.uexp" 910
"../../../Engine/Content/EngineMaterials/Substrate/Glints2/AGlintTex2dArray2.uasset" 911
"../../../Engine/Content/EngineMaterials/Substrate/Glints2/AGlintTex2dArray2.uexp" 912
"../../../Engine/Content/EngineMaterials/Substrate/Volume/SubstrateSimpleVolumeLUT3D.uasset" 913
"../../../Engine/Content/EngineMaterials/Substrate/Volume/SubstrateSimpleVolumeLUT3D.uexp" 914
"../../../Engine/Content/EngineMaterials/Hair/Hair_DirectionalAlbedo.uasset" 915
"../../../Engine/Content/EngineMaterials/Hair/Hair_DirectionalAlbedo.uexp" 916
"../../../Engine/Content/EngineMaterials/DefaultBloomKernel.uasset" 917
"../../../Engine/Content/EngineMaterials/DefaultBloomKernel.uexp" 918
"../../../Engine/Content/EngineMaterials/FastBlueNoise_vec2_128x128x64.uasset" 919
"../../../Engine/Content/EngineMaterials/FastBlueNoise_vec2_128x128x64.uexp" 920
"../../../Engine/Content/EngineMaterials/FastBlueNoise_scalar_128x128x64.uasset" 921
"../../../Engine/Content/EngineMaterials/FastBlueNoise_scalar_128x128x64.uexp" 922
"../../../Engine/Content/EngineMaterials/Hair/Hair_DualScattering.uasset" 923
"../../../Engine/Content/EngineMaterials/Hair/Hair_DualScattering.uexp" 924
"../../../Engine/Content/EngineMaterials/Substrate/Volume/SubstrateSimpleVolumeEnvLUT3D.uasset" 925
"../../../Engine/Content/EngineMaterials/Substrate/Volume/SubstrateSimpleVolumeEnvLUT3D.uexp" 926
"../../../Engine/Content/EngineMaterials/EnergyConservation/Diffuse_Energy.uasset" 927
"../../../Engine/Content/EngineMaterials/EnergyConservation/Diffuse_Energy.uexp" 928
"../../../Engine/Content/EngineMaterials/EnergyConservation/Sheen_Energy.uasset" 929
"../../../Engine/Content/EngineMaterials/EnergyConservation/Sheen_Energy.uexp" 930
"../../../Engine/Content/EngineMaterials/FastBlueNoise_scalar_128x128x8.uasset" 931
"../../../Engine/Content/EngineMaterials/FastBlueNoise_scalar_128x128x8.uexp" 932
"../../../Engine/Content/EngineMaterials/SMAASearchTex.uasset" 933
"../../../Engine/Content/EngineMaterials/SMAASearchTex.uexp" 934
"../../../Engine/Plugins/Experimental/Water/Content/Icons/WaterErrorSprite.ubulk" 935
"../../../Engine/Plugins/Experimental/Water/Content/Icons/WaterErrorSprite.uasset" 936
"../../../Engine/Plugins/Experimental/Water/Content/Icons/WaterErrorSprite.uexp" 937
"../../../Engine/Plugins/Experimental/Water/Content/Icons/WaterLandscapeBrushSprite.ubulk" 938
"../../../Engine/Plugins/Experimental/Water/Content/Icons/WaterLandscapeBrushSprite.uasset" 939
"../../../Engine/Plugins/Experimental/Water/Content/Icons/WaterLandscapeBrushSprite.uexp" 940
"../../../Engine/Content/EditorResources/BSPVertex.uasset" 941
"../../../Engine/Content/EditorResources/BSPVertex.uexp" 942
"../../../Engine/Content/EngineResources/Development/ZenLogo_64.uasset" 943
"../../../Engine/Content/EngineResources/Development/ZenLogo_64.uexp" 944
"../../../Engine/Content/EngineResources/FilmGrains/Marcie_Grain_v3_128_M2_000.uasset" 945
"../../../Engine/Content/EngineResources/FilmGrains/Marcie_Grain_v3_128_M2_000.uexp" 946
"../../../Engine/Content/EngineMaterials/SMAAAreaTex.uasset" 947
"../../../Engine/Content/EngineMaterials/SMAAAreaTex.uexp" 948
"../../../Engine/Content/EngineMaterials/Hair/Hair_Coverage.uasset" 949
"../../../Engine/Content/EngineMaterials/Hair/Hair_Coverage.uexp" 950
"../../../Engine/Content/EditorMaterials/PreviewShadowIndicator.ubulk" 951
"../../../Engine/Content/EditorMaterials/PreviewShadowIndicator.uasset" 952
"../../../Engine/Content/EditorMaterials/PreviewShadowIndicator.uexp" 953
"../../../Engine/Content/EditorMaterials/PreviewShadowIndicatorMaterial.uasset" 954
"../../../Engine/Content/EditorMaterials/PreviewShadowIndicatorMaterial.uexp" 955
"../../../Engine/Content/EditorMaterials/Dataflow/DataflowVertexMaterial.uasset" 956
"../../../Engine/Content/EditorMaterials/Dataflow/DataflowVertexMaterial.uexp" 957
"C:/Game projects/Grand-City-Mobile-RP-UE5/Content/Quests/Materials/M_QuestBeacon.uasset" 958
"C:/Game projects/Grand-City-Mobile-RP-UE5/Content/Quests/Materials/M_QuestBeacon.uexp" 959
"C:/Game projects/Grand-City-Mobile-RP-UE5/Content/LevelPrototyping/Interactable/JumpPad/Assets/Materials/M_SimpleGlow.uasset" 960
"C:/Game projects/Grand-City-Mobile-RP-UE5/Content/LevelPrototyping/Interactable/JumpPad/Assets/Materials/M_SimpleGlow.uexp" 961
"../../../Engine/Plugins/Interchange/Assets/Content/gltf/MaterialInstances/MI_Default_Mask_DS.uasset" 962
"../../../Engine/Plugins/Interchange/Assets/Content/gltf/MaterialInstances/MI_Default_Mask_DS.uexp" 963
"../../../Engine/Content/EditorMaterials/Dataflow/DataflowTwoSidedVertexMaterial.uasset" 964
"../../../Engine/Content/EditorMaterials/Dataflow/DataflowTwoSidedVertexMaterial.uexp" 965
"../../../Engine/Content/EditorMaterials/PhAT_NoCollisionMaterial.uasset" 966
"../../../Engine/Content/EditorMaterials/PhAT_NoCollisionMaterial.uexp" 967
"../../../Engine/Content/EditorLandscapeResources/MaskBrushMaterial.uasset" 968
"../../../Engine/Content/EditorLandscapeResources/MaskBrushMaterial.uexp" 969
"../../../Engine/Content/EditorLandscapeResources/MaskBrushMaterial_MaskedRegion.uasset" 970
"../../../Engine/Content/EditorLandscapeResources/MaskBrushMaterial_MaskedRegion.uexp" 971
"../../../Engine/Content/EditorMaterials/WidgetVertexColorMaterial.uasset" 972
"../../../Engine/Content/EditorMaterials/WidgetVertexColorMaterial.uexp" 973
"C:/Game projects/Grand-City-Mobile-RP-UE5/Content/LevelPrototyping/Materials/M_FlatCol.uasset" 974
"C:/Game projects/Grand-City-Mobile-RP-UE5/Content/LevelPrototyping/Materials/M_FlatCol.uexp" 975
"../../../Engine/Content/EngineMaterials/Widget3DPassThrough_Masked.uasset" 976
"../../../Engine/Content/EngineMaterials/Widget3DPassThrough_Masked.uexp" 977
"../../../Engine/Content/EditorMaterials/PhAT_UnselectedMaterial.uasset" 978
"../../../Engine/Content/EditorMaterials/PhAT_UnselectedMaterial.uexp" 979
"../../../Engine/Content/EngineMaterials/DefaultCalibrationColor.uasset" 980
"../../../Engine/Content/EngineMaterials/DefaultCalibrationColor.uexp" 981
"../../../Engine/Content/EngineMaterials/PPM_DefaultCalibrationColor.uasset" 982
"../../../Engine/Content/EngineMaterials/PPM_DefaultCalibrationColor.uexp" 983
"../../../Engine/Content/EngineMaterials/DefaultCalibrationGrayscale.uasset" 984
"../../../Engine/Content/EngineMaterials/DefaultCalibrationGrayscale.uexp" 985
"../../../Engine/Content/EngineMaterials/PPM_DefaultCalibrationGrayscale.uasset" 986
"../../../Engine/Content/EngineMaterials/PPM_DefaultCalibrationGrayscale.uexp" 987
"../../../Engine/Content/EngineMaterials/RemoveSurfaceMaterial.uasset" 988
"../../../Engine/Content/EngineMaterials/RemoveSurfaceMaterial.uexp" 989
"../../../Engine/Plugins/Experimental/MeshModelingToolsetExp/Content/Materials/GetDisplacementVectorForDepthBias.uasset" 990
"../../../Engine/Plugins/Experimental/MeshModelingToolsetExp/Content/Materials/GetDisplacementVectorForDepthBias.uexp" 991
"../../../Engine/Content/Functions/Engine_MaterialFunctions02/Math/ProjectVectorOntoPlane.uasset" 992
"../../../Engine/Content/Functions/Engine_MaterialFunctions02/Math/ProjectVectorOntoPlane.uexp" 993
"../../../Engine/Content/Functions/Engine_MaterialFunctions03/Viewport/MF_OrthoWidth.uasset" 994
"../../../Engine/Content/Functions/Engine_MaterialFunctions03/Viewport/MF_OrthoWidth.uexp" 995
"../../../Engine/Content/EngineMaterials/LineSetComponentMaterial.uasset" 996
"../../../Engine/Content/EngineMaterials/LineSetComponentMaterial.uexp" 997
"../../../Engine/Content/EngineDebugMaterials/M_SimpleUnlitTranslucent.uasset" 998
"../../../Engine/Content/EngineDebugMaterials/M_SimpleUnlitTranslucent.uexp" 999
"../../../Engine/Plugins/Animation/ControlRig/Content/Controls/ControlRigXRayMaterial.uasset" 1000
"../../../Engine/Plugins/Animation/ControlRig/Content/Controls/ControlRigXRayMaterial.uexp" 1001
"../../../Engine/Content/EngineDebugMaterials/DebugMeshMaterial.uasset" 1002
"../../../Engine/Content/EngineDebugMaterials/DebugMeshMaterial.uexp" 1003
"../../../Engine/Content/EngineMaterials/NaniteHiddenSectionMaterial.uasset" 1004
"../../../Engine/Content/EngineMaterials/NaniteHiddenSectionMaterial.uexp" 1005
"../../../Engine/Content/EngineMaterials/DefaultLightFunctionMaterial.uasset" 1006
"../../../Engine/Content/EngineMaterials/DefaultLightFunctionMaterial.uexp" 1007
"../../../Engine/Content/EngineDebugMaterials/VolumeToRender.uasset" 1008
"../../../Engine/Content/EngineDebugMaterials/VolumeToRender.uexp" 1009
"../../../Engine/Content/EngineDebugMaterials/M_VolumeRenderSphereTracePP.uasset" 1010
"../../../Engine/Content/EngineDebugMaterials/M_VolumeRenderSphereTracePP.uexp" 1011
"../../../Engine/Content/Functions/Engine_MaterialFunctions02/WorldPositionOffset/ObjectScale.uasset" 1012
"../../../Engine/Content/Functions/Engine_MaterialFunctions02/WorldPositionOffset/ObjectScale.uexp" 1013
"../../../Engine/Plugins/Editor/SpeedTreeImporter/Content/SpeedTree9/Empty.uasset" 1014
"../../../Engine/Plugins/Editor/SpeedTreeImporter/Content/SpeedTree9/Empty.uexp" 1015
"../../../Engine/Plugins/Editor/SpeedTreeImporter/Content/SpeedTree9/EmptyNormal.uasset" 1016
"../../../Engine/Plugins/Editor/SpeedTreeImporter/Content/SpeedTree9/EmptyNormal.uexp" 1017
"../../../Engine/Plugins/Editor/SpeedTreeImporter/Content/SpeedTree9/game_wind_noise.ubulk" 1018
"../../../Engine/Plugins/Editor/SpeedTreeImporter/Content/SpeedTree9/game_wind_noise.uasset" 1019
"../../../Engine/Plugins/Editor/SpeedTreeImporter/Content/SpeedTree9/game_wind_noise.uexp" 1020
"../../../Engine/Content/Functions/Engine_MaterialFunctions02/SafeNormalize.uasset" 1021
"../../../Engine/Content/Functions/Engine_MaterialFunctions02/SafeNormalize.uexp" 1022
"../../../Engine/Plugins/Editor/SpeedTreeImporter/Content/SpeedTree9/SpeedTreeWindMotion.uasset" 1023
"../../../Engine/Plugins/Editor/SpeedTreeImporter/Content/SpeedTree9/SpeedTreeWindMotion.uexp" 1024
"../../../Engine/Plugins/Editor/SpeedTreeImporter/Content/SpeedTree9/UnpackDirection.uasset" 1025
"../../../Engine/Plugins/Editor/SpeedTreeImporter/Content/SpeedTree9/UnpackDirection.uexp" 1026
"../../../Engine/Plugins/Editor/SpeedTreeImporter/Content/SpeedTree9/UnpackInteger3.uasset" 1027
"../../../Engine/Plugins/Editor/SpeedTreeImporter/Content/SpeedTree9/UnpackInteger3.uexp" 1028
"../../../Engine/Plugins/Editor/SpeedTreeImporter/Content/SpeedTree9/SpeedTreeBranchMotion.uasset" 1029
"../../../Engine/Plugins/Editor/SpeedTreeImporter/Content/SpeedTree9/SpeedTreeBranchMotion.uexp" 1030
"../../../Engine/Content/Functions/Engine_MaterialFunctions02/ObjectLocalBounds.uasset" 1031
"../../../Engine/Content/Functions/Engine_MaterialFunctions02/ObjectLocalBounds.uexp" 1032
"../../../Engine/Content/Functions/Engine_MaterialFunctions02/UVs/BoundingBoxBased_0-1_UVW.uasset" 1033
"../../../Engine/Content/Functions/Engine_MaterialFunctions02/UVs/BoundingBoxBased_0-1_UVW.uexp" 1034
"../../../Engine/Plugins/Editor/SpeedTreeImporter/Content/SpeedTree9/SpeedTreeWind.uasset" 1035
"../../../Engine/Plugins/Editor/SpeedTreeImporter/Content/SpeedTree9/SpeedTreeWind.uexp" 1036
"../../../Engine/Plugins/Editor/SpeedTreeImporter/Content/SpeedTree9/SpeedTreeCameraFacing.uasset" 1037
"../../../Engine/Plugins/Editor/SpeedTreeImporter/Content/SpeedTree9/SpeedTreeCameraFacing.uexp" 1038
"../../../Engine/Plugins/Editor/SpeedTreeImporter/Content/SpeedTree9/SpeedTreeMaster.uasset" 1039
"../../../Engine/Plugins/Editor/SpeedTreeImporter/Content/SpeedTree9/SpeedTreeMaster.uexp" 1040
"../../../Engine/Content/EngineMaterials/DefaultDiffuse.ubulk" 1041
"../../../Engine/Content/EngineMaterials/DefaultDiffuse.uasset" 1042
"../../../Engine/Content/EngineMaterials/DefaultDiffuse.uexp" 1043
"../../../Engine/Content/EngineMaterials/DefaultDeferredDecalMaterial.uasset" 1044
"../../../Engine/Content/EngineMaterials/DefaultDeferredDecalMaterial.uexp" 1045
"../../../Engine/Content/EngineMaterials/DefaultPostProcessMaterial.uasset" 1046
"../../../Engine/Content/EngineMaterials/DefaultPostProcessMaterial.uexp" 1047
"../../../Engine/Plugins/Interchange/Assets/Content/gltf/MaterialInstances/MI_Default_Opaque_DS.uasset" 1048
"../../../Engine/Plugins/Interchange/Assets/Content/gltf/MaterialInstances/MI_Default_Opaque_DS.uexp" 1049
"../../../Engine/Content/EngineMaterials/HairColorMap.uasset" 1050
"../../../Engine/Content/EngineMaterials/HairColorMap.uexp" 1051
"../../../Engine/Content/EngineMaterials/HairDebugColor.uasset" 1052
"../../../Engine/Content/EngineMaterials/HairDebugColor.uexp" 1053
"../../../Engine/Plugins/Runtime/HairStrands/Content/Materials/HairGroupColors.uasset" 1054
"../../../Engine/Plugins/Runtime/HairStrands/Content/Materials/HairGroupColors.uexp" 1055
"../../../Engine/Plugins/Runtime/HairStrands/Content/Materials/HairDebugMaterial.uasset" 1056
"../../../Engine/Plugins/Runtime/HairStrands/Content/Materials/HairDebugMaterial.uexp" 1057
"../../../Engine/Content/EngineMaterials/Widget3DPassThrough_Opaque_OneSided.uasset" 1058
"../../../Engine/Content/EngineMaterials/Widget3DPassThrough_Opaque_OneSided.uexp" 1059
"../../../Engine/Plugins/Editor/SpeedTreeImporter/Content/SpeedTree9/SpeedTreeBillboard.uasset" 1060
"../../../Engine/Plugins/Editor/SpeedTreeImporter/Content/SpeedTree9/SpeedTreeBillboard.uexp" 1061
"../../../Engine/Plugins/Editor/SpeedTreeImporter/Content/SpeedTree9/SpeedTreeBillboardMaster.uasset" 1062
"../../../Engine/Plugins/Editor/SpeedTreeImporter/Content/SpeedTree9/SpeedTreeBillboardMaster.uexp" 1063
"../../../Engine/Content/EngineMaterials/BaseFlattenDiffuseMap.uasset" 1064
"../../../Engine/Content/EngineMaterials/BaseFlattenDiffuseMap.uexp" 1065
"../../../Engine/Content/EngineMaterials/BaseFlattenEmissiveMap.uasset" 1066
"../../../Engine/Content/EngineMaterials/BaseFlattenEmissiveMap.uexp" 1067
"../../../Engine/Content/EngineMaterials/BaseFlattenGrayscaleMap.uasset" 1068
"../../../Engine/Content/EngineMaterials/BaseFlattenGrayscaleMap.uexp" 1069
"../../../Engine/Content/EngineMaterials/BaseFlattenLinearColor.uasset" 1070
"../../../Engine/Content/EngineMaterials/BaseFlattenLinearColor.uexp" 1071
"../../../Engine/Content/EngineMaterials/BaseFlattenNormalMap.uasset" 1072
"../../../Engine/Content/EngineMaterials/BaseFlattenNormalMap.uexp" 1073
"../../../Engine/Content/Functions/Engine_MaterialFunctions02/PivotPainter2/Black_1x1_EXR_Texture.uasset" 1074
"../../../Engine/Content/Functions/Engine_MaterialFunctions02/PivotPainter2/Black_1x1_EXR_Texture.uexp" 1075
"../../../Engine/Content/EngineMaterials/FlattenMaterial.uasset" 1076
"../../../Engine/Content/EngineMaterials/FlattenMaterial.uexp" 1077
"../../../Engine/Content/EngineMaterials/DefaultWhiteGrid_Low.uasset" 1078
"../../../Engine/Content/EngineMaterials/DefaultWhiteGrid_Low.uexp" 1079
"../../../Engine/Content/EngineMaterials/EmissiveMeshMaterial.uasset" 1080
"../../../Engine/Content/EngineMaterials/EmissiveMeshMaterial.uexp" 1081
"../../../Engine/Content/Functions/Engine_MaterialFunctions02/WorldPositionOffset/CameraOffset.uasset" 1082
"../../../Engine/Content/Functions/Engine_MaterialFunctions02/WorldPositionOffset/CameraOffset.uexp" 1083
"../../../Engine/Content/EngineMaterials/PhAT_JointLimitMaterial.uasset" 1084
"../../../Engine/Content/EngineMaterials/PhAT_JointLimitMaterial.uexp" 1085
"../../../Engine/Plugins/Animation/ControlRig/Content/M_Manip.uasset" 1086
"../../../Engine/Plugins/Animation/ControlRig/Content/M_Manip.uexp" 1087
"../../../Engine/Plugins/Interchange/Assets/Content/gltf/MaterialInstances/MI_ClearCoat_Blend_DS.uasset" 1088
"../../../Engine/Plugins/Interchange/Assets/Content/gltf/MaterialInstances/MI_ClearCoat_Blend_DS.uexp" 1089
"../../../Engine/Content/EditorLandscapeResources/LandscapeDirtyMaterial.uasset" 1090
"../../../Engine/Content/EditorLandscapeResources/LandscapeDirtyMaterial.uexp" 1091
"../../../Engine/Plugins/Interchange/Assets/Content/gltf/MaterialInstances/MI_Default_Blend_DS.uasset" 1092
"../../../Engine/Plugins/Interchange/Assets/Content/gltf/MaterialInstances/MI_Default_Blend_DS.uexp" 1093
"../../../Engine/Content/EditorLandscapeResources/LayerVisMaterial.uasset" 1094
"../../../Engine/Content/EditorLandscapeResources/LayerVisMaterial.uexp" 1095
"../../../Engine/Content/EditorMaterials/Dataflow/T_CheckerBoard.uasset" 1096
"../../../Engine/Content/EditorMaterials/Dataflow/T_CheckerBoard.uexp" 1097
"../../../Engine/Content/EditorMaterials/Dataflow/M_Dataflow_CheckerBoard.uasset" 1098
"../../../Engine/Content/EditorMaterials/Dataflow/M_Dataflow_CheckerBoard.uexp" 1099
"../../../Engine/Plugins/Interchange/Assets/Content/gltf/MaterialInstances/MI_Default_Blend.uasset" 1100
"../../../Engine/Plugins/Interchange/Assets/Content/gltf/MaterialInstances/MI_Default_Blend.uexp" 1101
"../../../Engine/Content/EngineMaterials/InvalidLightmapSettings.ubulk" 1102
"../../../Engine/Content/EngineMaterials/InvalidLightmapSettings.uasset" 1103
"../../../Engine/Content/EngineMaterials/InvalidLightmapSettings.uexp" 1104
"../../../Engine/Content/EngineMaterials/M_InvalidLightmapSettings.uasset" 1105
"../../../Engine/Content/EngineMaterials/M_InvalidLightmapSettings.uexp" 1106
"../../../Engine/Content/EngineMaterials/BaseFlattenDiffuseMap_VT.ubulk" 1107
"../../../Engine/Content/EngineMaterials/BaseFlattenDiffuseMap_VT.uasset" 1108
"../../../Engine/Content/EngineMaterials/BaseFlattenDiffuseMap_VT.uexp" 1109
"../../../Engine/Content/EngineMaterials/BaseFlattenEmissiveMap_VT.ubulk" 1110
"../../../Engine/Content/EngineMaterials/BaseFlattenEmissiveMap_VT.uasset" 1111
"../../../Engine/Content/EngineMaterials/BaseFlattenEmissiveMap_VT.uexp" 1112
"../../../Engine/Content/EngineMaterials/BaseFlattenGrayscaleMap_VT.ubulk" 1113
"../../../Engine/Content/EngineMaterials/BaseFlattenGrayscaleMap_VT.uasset" 1114
"../../../Engine/Content/EngineMaterials/BaseFlattenGrayscaleMap_VT.uexp" 1115
"../../../Engine/Content/EngineMaterials/BaseFlattenLinearColor_VT.ubulk" 1116
"../../../Engine/Content/EngineMaterials/BaseFlattenLinearColor_VT.uasset" 1117
"../../../Engine/Content/EngineMaterials/BaseFlattenLinearColor_VT.uexp" 1118
"../../../Engine/Content/EngineMaterials/BaseFlattenNormalMap_VT.ubulk" 1119
"../../../Engine/Content/EngineMaterials/BaseFlattenNormalMap_VT.uasset" 1120
"../../../Engine/Content/EngineMaterials/BaseFlattenNormalMap_VT.uexp" 1121
"../../../Engine/Content/EngineMaterials/Black_1x1_EXR_Texture_VT.ubulk" 1122
"../../../Engine/Content/EngineMaterials/Black_1x1_EXR_Texture_VT.uasset" 1123
"../../../Engine/Content/EngineMaterials/Black_1x1_EXR_Texture_VT.uexp" 1124
"../../../Engine/Content/EngineMaterials/FlattenMaterial_WS_Normal_VT.uasset" 1125
"../../../Engine/Content/EngineMaterials/FlattenMaterial_WS_Normal_VT.uexp" 1126
"../../../Engine/Plugins/Animation/ControlRig/Content/Controls/ControlRigGizmoMaterial.uasset" 1127
"../../../Engine/Plugins/Animation/ControlRig/Content/Controls/ControlRigGizmoMaterial.uexp" 1128
"../../../Engine/Plugins/Interchange/Assets/Content/gltf/MaterialInstances/MI_ClearCoat_Mask_DS.uasset" 1129
"../../../Engine/Plugins/Interchange/Assets/Content/gltf/MaterialInstances/MI_ClearCoat_Mask_DS.uexp" 1130
"../../../Engine/Plugins/Interchange/Assets/Content/gltf/MaterialInstances/MI_Default_Mask.uasset" 1131
"../../../Engine/Plugins/Interchange/Assets/Content/gltf/MaterialInstances/MI_Default_Mask.uexp" 1132
"../../../Engine/Content/EngineDebugMaterials/DebugEditorMaterial.uasset" 1133
"../../../Engine/Content/EngineDebugMaterials/DebugEditorMaterial.uexp" 1134
"../../../Engine/Content/EngineMaterials/GizmoMaterial.uasset" 1135
"../../../Engine/Content/EngineMaterials/GizmoMaterial.uexp" 1136
"../../../Engine/Plugins/Runtime/HairStrands/Content/Materials/HairMeshesDefaultMaterial.uasset" 1137
"../../../Engine/Plugins/Runtime/HairStrands/Content/Materials/HairMeshesDefaultMaterial.uexp" 1138
"../../../Engine/Plugins/Runtime/HairStrands/Content/Materials/HairCardsDefaultMaterial.uasset" 1139
"../../../Engine/Plugins/Runtime/HairStrands/Content/Materials/HairCardsDefaultMaterial.uexp" 1140
"../../../Engine/Plugins/Interchange/Assets/Content/gltf/MaterialInstances/MI_ClearCoat_Opaque_DS.uasset" 1141
"../../../Engine/Plugins/Interchange/Assets/Content/gltf/MaterialInstances/MI_ClearCoat_Opaque_DS.uexp" 1142
"../../../Engine/Content/Functions/Engine_MaterialFunctions01/Texturing/TextureCropping.uasset" 1143
"../../../Engine/Content/Functions/Engine_MaterialFunctions01/Texturing/TextureCropping.uexp" 1144
"../../../Engine/Content/Functions/Engine_MaterialFunctions02/ExampleContent/DebugNumberStrip.uasset" 1145
"../../../Engine/Content/Functions/Engine_MaterialFunctions02/ExampleContent/DebugNumberStrip.uexp" 1146
"../../../Engine/Content/Functions/Engine_MaterialFunctions01/Debug/DebugIntValues.uasset" 1147
"../../../Engine/Content/Functions/Engine_MaterialFunctions01/Debug/DebugIntValues.uexp" 1148
"../../../Engine/Content/Functions/Engine_MaterialFunctions02/WorldPositionOffset/LocalPosition.uasset" 1149
"../../../Engine/Content/Functions/Engine_MaterialFunctions02/WorldPositionOffset/LocalPosition.uexp" 1150
"../../../Engine/Content/EditorLandscapeResources/LandscapeLayerUsageMaterial.uasset" 1151
"../../../Engine/Content/EditorLandscapeResources/LandscapeLayerUsageMaterial.uexp" 1152
"../../../Engine/Plugins/Runtime/HairStrands/Content/Materials/HairDefaultMaterial.uasset" 1153
"../../../Engine/Plugins/Runtime/HairStrands/Content/Materials/HairDefaultMaterial.uexp" 1154
"../../../Engine/Content/EngineMaterials/FlattenMaterial_VT.uasset" 1155
"../../../Engine/Content/EngineMaterials/FlattenMaterial_VT.uexp" 1156
"../../../Engine/Plugins/Interchange/Assets/Content/gltf/MaterialInstances/MI_ClearCoat_Mask.uasset" 1157
"../../../Engine/Plugins/Interchange/Assets/Content/gltf/MaterialInstances/MI_ClearCoat_Mask.uexp" 1158
"../../../Engine/Content/EngineMaterials/Grid.ubulk" 1159
"../../../Engine/Content/EngineMaterials/Grid.uasset" 1160
"../../../Engine/Content/EngineMaterials/Grid.uexp" 1161
"../../../Engine/Content/Functions/Engine_MaterialFunctions01/Gradient/LinearGradient.uasset" 1162
"../../../Engine/Content/Functions/Engine_MaterialFunctions01/Gradient/LinearGradient.uexp" 1163
"../../../Engine/Content/Functions/Engine_MaterialFunctions01/ImageAdjustment/CheapContrast.uasset" 1164
"../../../Engine/Content/Functions/Engine_MaterialFunctions01/ImageAdjustment/CheapContrast.uexp" 1165
"../../../Engine/Content/Functions/Engine_MaterialFunctions01/Texturing/WorldAlignedTexture.uasset" 1166
"../../../Engine/Content/Functions/Engine_MaterialFunctions01/Texturing/WorldAlignedTexture.uexp" 1167
"../../../Engine/Content/EditorMaterials/Dataflow/DataflowSelection.uasset" 1168
"../../../Engine/Content/EditorMaterials/Dataflow/DataflowSelection.uexp" 1169
"../../../Engine/Plugins/Interchange/Assets/Content/gltf/MaterialInstances/MI_ClearCoat_Blend.uasset" 1170
"../../../Engine/Plugins/Interchange/Assets/Content/gltf/MaterialInstances/MI_ClearCoat_Blend.uexp" 1171
"../../../Engine/Plugins/Interchange/Assets/Content/gltf/MaterialInstances/MI_Sheen_Blend_DS.uasset" 1172
"../../../Engine/Plugins/Interchange/Assets/Content/gltf/MaterialInstances/MI_Sheen_Blend_DS.uexp" 1173
"../../../Engine/Content/EditorLandscapeResources/SelectBrushMaterial_SelectedRegion.uasset" 1174
"../../../Engine/Content/EditorLandscapeResources/SelectBrushMaterial_SelectedRegion.uexp" 1175
"../../../Engine/Plugins/Interchange/Assets/Content/gltf/MaterialInstances/MI_Sheen_Mask_DS.uasset" 1176
"../../../Engine/Plugins/Interchange/Assets/Content/gltf/MaterialInstances/MI_Sheen_Mask_DS.uexp" 1177
"../../../Engine/Plugins/Interchange/Assets/Content/gltf/MaterialInstances/MI_Sheen_Blend.uasset" 1178
"../../../Engine/Plugins/Interchange/Assets/Content/gltf/MaterialInstances/MI_Sheen_Blend.uexp" 1179
"../../../Engine/Plugins/Interchange/Assets/Content/gltf/MaterialInstances/MI_Unlit_Blend.uasset" 1180
"../../../Engine/Plugins/Interchange/Assets/Content/gltf/MaterialInstances/MI_Unlit_Blend.uexp" 1181
"../../../Engine/Content/Functions/Engine_MaterialFunctions02/Utility/FOV.uasset" 1182
"../../../Engine/Content/Functions/Engine_MaterialFunctions02/Utility/FOV.uexp" 1183
"../../../Engine/Plugins/Experimental/MeshModelingToolsetExp/Content/Materials/PointSetOverlaidComponentMaterial.uasset" 1184
"../../../Engine/Plugins/Experimental/MeshModelingToolsetExp/Content/Materials/PointSetOverlaidComponentMaterial.uexp" 1185
"../../../Engine/Content/EngineFonts/RobotoDistanceField.uasset" 1186
"../../../Engine/Content/EngineFonts/RobotoDistanceField.uexp" 1187
"../../../Engine/Content/EngineMaterials/DefaultTextMaterialOpaque.uasset" 1188
"../../../Engine/Content/EngineMaterials/DefaultTextMaterialOpaque.uexp" 1189
"../../../Engine/Plugins/Interchange/Assets/Content/gltf/MaterialInstances/MI_Transmission_DS.uasset" 1190
"../../../Engine/Plugins/Interchange/Assets/Content/gltf/MaterialInstances/MI_Transmission_DS.uexp" 1191
"../../../Engine/Plugins/Interchange/Assets/Content/gltf/MaterialInstances/MI_Sheen_Mask.uasset" 1192
"../../../Engine/Plugins/Interchange/Assets/Content/gltf/MaterialInstances/MI_Sheen_Mask.uexp" 1193
"../../../Engine/Plugins/Interchange/Assets/Content/gltf/MaterialInstances/MI_SpecularGlossiness_Blend_DS.uasset" 1194
"../../../Engine/Plugins/Interchange/Assets/Content/gltf/MaterialInstances/MI_SpecularGlossiness_Blend_DS.uexp" 1195
"../../../Engine/Plugins/Interchange/Assets/Content/gltf/MaterialInstances/MI_SpecularGlossiness_Blend.uasset" 1196
"../../../Engine/Plugins/Interchange/Assets/Content/gltf/MaterialInstances/MI_SpecularGlossiness_Blend.uexp" 1197
"../../../Engine/Plugins/2D/Paper2D/Content/OpaqueUnlitSpriteMaterial.uasset" 1198
"../../../Engine/Plugins/2D/Paper2D/Content/OpaqueUnlitSpriteMaterial.uexp" 1199
"../../../Engine/Plugins/Interchange/Assets/Content/gltf/MaterialInstances/MI_SpecularGlossiness_Mask.uasset" 1200
"../../../Engine/Plugins/Interchange/Assets/Content/gltf/MaterialInstances/MI_SpecularGlossiness_Mask.uexp" 1201
"../../../Engine/Plugins/Interchange/Assets/Content/gltf/MaterialInstances/MI_SpecularGlossiness_Mask_DS.uasset" 1202
"../../../Engine/Plugins/Interchange/Assets/Content/gltf/MaterialInstances/MI_SpecularGlossiness_Mask_DS.uexp" 1203
"../../../Engine/Plugins/Interchange/Assets/Content/gltf/MaterialInstances/MI_Unlit_Blend_DS.uasset" 1204
"../../../Engine/Plugins/Interchange/Assets/Content/gltf/MaterialInstances/MI_Unlit_Blend_DS.uexp" 1205
"../../../Engine/Plugins/Interchange/Assets/Content/gltf/MaterialInstances/MI_Unlit_Opaque_DS.uasset" 1206
"../../../Engine/Plugins/Interchange/Assets/Content/gltf/MaterialInstances/MI_Unlit_Opaque_DS.uexp" 1207
"../../../Engine/Content/Functions/Substrate/Substrate-IOR-To-F0.uasset" 1208
"../../../Engine/Content/Functions/Substrate/Substrate-IOR-To-F0.uexp" 1209
"../../../Engine/Plugins/Interchange/Assets/Content/gltf/Substrate/MF_GLTFPBR.uasset" 1210
"../../../Engine/Plugins/Interchange/Assets/Content/gltf/Substrate/MF_GLTFPBR.uexp" 1211
"../../../Engine/Plugins/Interchange/Assets/Content/gltf/Substrate/M_GLTF.uasset" 1212
"../../../Engine/Plugins/Interchange/Assets/Content/gltf/Substrate/M_GLTF.uexp" 1213
"../../../Engine/Plugins/Experimental/MeshModelingToolsetExp/Content/Materials/LineSetOverlaidComponentMaterial.uasset" 1214
"../../../Engine/Plugins/Experimental/MeshModelingToolsetExp/Content/Materials/LineSetOverlaidComponentMaterial.uexp" 1215
"../../../Engine/Plugins/Interchange/Assets/Content/gltf/MaterialInstances/MI_Unlit_Mask_DS.uasset" 1216
"../../../Engine/Plugins/Interchange/Assets/Content/gltf/MaterialInstances/MI_Unlit_Mask_DS.uexp" 1217
"../../../Engine/Plugins/Interchange/Assets/Content/gltf/MaterialInstances/MI_Unlit_Mask.uasset" 1218
"../../../Engine/Plugins/Interchange/Assets/Content/gltf/MaterialInstances/MI_Unlit_Mask.uexp" 1219
"../../../Engine/Plugins/Interchange/Assets/Content/gltf/MaterialInstances/MI_Sheen_Opaque_DS.uasset" 1220
"../../../Engine/Plugins/Interchange/Assets/Content/gltf/MaterialInstances/MI_Sheen_Opaque_DS.uexp" 1221
"../../../Engine/Plugins/Interchange/Assets/Content/gltf/MaterialInstances/MI_SpecularGlossiness_Opaque_DS.uasset" 1222
"../../../Engine/Plugins/Interchange/Assets/Content/gltf/MaterialInstances/MI_SpecularGlossiness_Opaque_DS.uexp" 1223
"../../../Engine/Content/Functions/Engine_MaterialFunctions02/WorldPositionOffset/ComponentPivotLocation.uasset" 1224
"../../../Engine/Content/Functions/Engine_MaterialFunctions02/WorldPositionOffset/ComponentPivotLocation.uexp" 1225
"../../../Engine/Content/EditorResources/S_Terrain.ubulk" 1226
"../../../Engine/Content/EditorResources/S_Terrain.uasset" 1227
"../../../Engine/Content/EditorResources/S_Terrain.uexp" 1228
"../../../Engine/Content/Functions/Engine_MaterialFunctions02/WorldPositionOffset/Sprite.uasset" 1229
"../../../Engine/Content/Functions/Engine_MaterialFunctions02/WorldPositionOffset/Sprite.uexp" 1230
"../../../Engine/Plugins/Experimental/Landmass/Content/Landscape/BlueprintBrushes/Materials/Sprite/M_BrushSprite_01.uasset" 1231
"../../../Engine/Plugins/Experimental/Landmass/Content/Landscape/BlueprintBrushes/Materials/Sprite/M_BrushSprite_01.uexp" 1232
"../../../Engine/Content/BasicShapes/Cube.ubulk" 1233
"../../../Engine/Content/BasicShapes/Cube.uasset" 1234
"../../../Engine/Content/BasicShapes/Cube.uexp" 1235
"../../../Engine/Content/BasicShapes/Cylinder.ubulk" 1236
"../../../Engine/Content/BasicShapes/Cylinder.uasset" 1237
"../../../Engine/Content/BasicShapes/Cylinder.uexp" 1238
"../../../Engine/Content/BasicShapes/BasicShapeMaterial.uasset" 1239
"../../../Engine/Content/BasicShapes/BasicShapeMaterial.uexp" 1240
"C:/Game projects/Grand-City-Mobile-RP-UE5/Content/PCGTest_City/Materials/MI_Road_Blockout.uasset" 1241
"C:/Game projects/Grand-City-Mobile-RP-UE5/Content/PCGTest_City/Materials/MI_Road_Blockout.uexp" 1242
"C:/Game projects/Grand-City-Mobile-RP-UE5/Content/PCGTest_City/Materials/MI_Sidewalk_Blockout.uasset" 1243
"C:/Game projects/Grand-City-Mobile-RP-UE5/Content/PCGTest_City/Materials/MI_Sidewalk_Blockout.uexp" 1244
"C:/Game projects/Grand-City-Mobile-RP-UE5/Content/PCGTest_City/Materials/MI_StreetLight_Head.uasset" 1245
"C:/Game projects/Grand-City-Mobile-RP-UE5/Content/PCGTest_City/Materials/MI_StreetLight_Head.uexp" 1246
"C:/Game projects/Grand-City-Mobile-RP-UE5/Content/PCGTest_City/Materials/MI_StreetLight_Pole.uasset" 1247
"C:/Game projects/Grand-City-Mobile-RP-UE5/Content/PCGTest_City/Materials/MI_StreetLight_Pole.uexp" 1248
"C:/Game projects/Grand-City-Mobile-RP-UE5/Content/PCGTest_City/BP_CitySpline.uasset" 1249
"C:/Game projects/Grand-City-Mobile-RP-UE5/Content/PCGTest_City/BP_CitySpline.uexp" 1250
"C:/Game projects/Grand-City-Mobile-RP-UE5/Content/PCGTest_City/Meshes/SM_Building_var1.ubulk" 1251
"C:/Game projects/Grand-City-Mobile-RP-UE5/Content/PCGTest_City/Meshes/SM_Building_var1.uasset" 1252
"C:/Game projects/Grand-City-Mobile-RP-UE5/Content/PCGTest_City/Meshes/SM_Building_var1.uexp" 1253
"C:/Game projects/Grand-City-Mobile-RP-UE5/Content/PCGTest_City/Meshes/SM_Building_var2.ubulk" 1254
"C:/Game projects/Grand-City-Mobile-RP-UE5/Content/PCGTest_City/Meshes/SM_Building_var2.uasset" 1255
"C:/Game projects/Grand-City-Mobile-RP-UE5/Content/PCGTest_City/Meshes/SM_Building_var2.uexp" 1256
"C:/Game projects/Grand-City-Mobile-RP-UE5/Content/PCGTest_City/Meshes/SM_Building_var3.ubulk" 1257
"C:/Game projects/Grand-City-Mobile-RP-UE5/Content/PCGTest_City/Meshes/SM_Building_var3.uasset" 1258
"C:/Game projects/Grand-City-Mobile-RP-UE5/Content/PCGTest_City/Meshes/SM_Building_var3.uexp" 1259
"C:/Game projects/Grand-City-Mobile-RP-UE5/Content/PCGTest_City/Meshes/SM_Building_var4.ubulk" 1260
"C:/Game projects/Grand-City-Mobile-RP-UE5/Content/PCGTest_City/Meshes/SM_Building_var4.uasset" 1261
"C:/Game projects/Grand-City-Mobile-RP-UE5/Content/PCGTest_City/Meshes/SM_Building_var4.uexp" 1262
"C:/Game projects/Grand-City-Mobile-RP-UE5/Content/PCGTest_City/Meshes/SM_Building_var5.ubulk" 1263
"C:/Game projects/Grand-City-Mobile-RP-UE5/Content/PCGTest_City/Meshes/SM_Building_var5.uasset" 1264
"C:/Game projects/Grand-City-Mobile-RP-UE5/Content/PCGTest_City/Meshes/SM_Building_var5.uexp" 1265
"C:/Game projects/Grand-City-Mobile-RP-UE5/Content/PCGTest_City/Meshes/SM_Building_var6.ubulk" 1266
"C:/Game projects/Grand-City-Mobile-RP-UE5/Content/PCGTest_City/Meshes/SM_Building_var6.uasset" 1267
"C:/Game projects/Grand-City-Mobile-RP-UE5/Content/PCGTest_City/Meshes/SM_Building_var6.uexp" 1268
"C:/Game projects/Grand-City-Mobile-RP-UE5/Content/PCGTest_City/BP_PCG_CitySubDistricts.uasset" 1269
"C:/Game projects/Grand-City-Mobile-RP-UE5/Content/PCGTest_City/BP_PCG_CitySubDistricts.uexp" 1270
"C:/Game projects/Grand-City-Mobile-RP-UE5/Content/PCGTest_City/PCG_CityBlockout.uasset" 1271
"C:/Game projects/Grand-City-Mobile-RP-UE5/Content/PCGTest_City/PCG_CityBlockout.uexp" 1272
"C:/Game projects/Grand-City-Mobile-RP-UE5/Content/PCGTest_City/Meshes/SM_BuildingBlock.ubulk" 1273
"C:/Game projects/Grand-City-Mobile-RP-UE5/Content/PCGTest_City/Meshes/SM_BuildingBlock.uasset" 1274
"C:/Game projects/Grand-City-Mobile-RP-UE5/Content/PCGTest_City/Meshes/SM_BuildingBlock.uexp" 1275
"C:/Game projects/Grand-City-Mobile-RP-UE5/Content/PCGTest_City/Materials/MI_District_Downtown.uasset" 1276
"C:/Game projects/Grand-City-Mobile-RP-UE5/Content/PCGTest_City/Materials/MI_District_Downtown.uexp" 1277
"C:/Game projects/Grand-City-Mobile-RP-UE5/Content/PCGTest_City/Materials/MI_District_Residential.uasset" 1278
"C:/Game projects/Grand-City-Mobile-RP-UE5/Content/PCGTest_City/Materials/MI_District_Residential.uexp" 1279
"C:/Game projects/Grand-City-Mobile-RP-UE5/Content/PCGTest_City/Materials/MI_District_Commercial.uasset" 1280
"C:/Game projects/Grand-City-Mobile-RP-UE5/Content/PCGTest_City/Materials/MI_District_Commercial.uexp" 1281
"C:/Game projects/Grand-City-Mobile-RP-UE5/Content/PCGTest_City/Materials/MI_Tree_Canopy.uasset" 1282
"C:/Game projects/Grand-City-Mobile-RP-UE5/Content/PCGTest_City/Materials/MI_Tree_Canopy.uexp" 1283
"C:/Game projects/Grand-City-Mobile-RP-UE5/Content/PCGTest_City/Materials/MI_Tree_Trunk.uasset" 1284
"C:/Game projects/Grand-City-Mobile-RP-UE5/Content/PCGTest_City/Materials/MI_Tree_Trunk.uexp" 1285
"C:/Game projects/Grand-City-Mobile-RP-UE5/Content/PCGTest_City/Meshes/SM_TreeBlock.ubulk" 1286
"C:/Game projects/Grand-City-Mobile-RP-UE5/Content/PCGTest_City/Meshes/SM_TreeBlock.uasset" 1287
"C:/Game projects/Grand-City-Mobile-RP-UE5/Content/PCGTest_City/Meshes/SM_TreeBlock.uexp" 1288
"C:/Game projects/Grand-City-Mobile-RP-UE5/Content/PCGTest_City/Materials/MI_SubDistrict_Red.uasset" 1289
"C:/Game projects/Grand-City-Mobile-RP-UE5/Content/PCGTest_City/Materials/MI_SubDistrict_Red.uexp" 1290
"C:/Game projects/Grand-City-Mobile-RP-UE5/Content/PCGTest_City/Materials/MI_SubDistrict_Green.uasset" 1291
"C:/Game projects/Grand-City-Mobile-RP-UE5/Content/PCGTest_City/Materials/MI_SubDistrict_Green.uexp" 1292
"C:/Game projects/Grand-City-Mobile-RP-UE5/Content/PCGTest_City/Materials/MI_SubDistrict_Blue.uasset" 1293
"C:/Game projects/Grand-City-Mobile-RP-UE5/Content/PCGTest_City/Materials/MI_SubDistrict_Blue.uexp" 1294
"../../../Engine/Content/EngineMaterials/DefaultPhysicalMaterial.uasset" 1295
"../../../Engine/Content/EngineMaterials/DefaultPhysicalMaterial.uexp" 1296
"C:/Game projects/Grand-City-Mobile-RP-UE5/Content/PCGTest_City/Materials/MI_Building_VehicleUpgrade.uasset" 1297
"C:/Game projects/Grand-City-Mobile-RP-UE5/Content/PCGTest_City/Materials/MI_Building_VehicleUpgrade.uexp" 1298
"C:/Game projects/Grand-City-Mobile-RP-UE5/Content/_GENERATED/Administrator/Boolean_E8F14484.ubulk" 1299
"C:/Game projects/Grand-City-Mobile-RP-UE5/Content/_GENERATED/Administrator/Boolean_E8F14484.uasset" 1300
"C:/Game projects/Grand-City-Mobile-RP-UE5/Content/_GENERATED/Administrator/Boolean_E8F14484.uexp" 1301
"C:/Game projects/Grand-City-Mobile-RP-UE5/Content/L_TestMCP.uexp" 1302
"C:/Game projects/Grand-City-Mobile-RP-UE5/Content/L_TestMCP.umap" 1303
"C:/Game projects/Grand-City-Mobile-RP-UE5/Content/L_Test.uexp" 1304
"C:/Game projects/Grand-City-Mobile-RP-UE5/Content/L_Test.umap" 1305
