"C:/Game projects/Grand-City-Mobile-RP-UE5/GrandCityMobile.uproject" 1
"../../../../../../Game projects/Grand-City-Mobile-RP-UE5/Binaries/Win64/UnrealEditor.modules" 2
"../../../Engine/Plugins/AudioGameplayVolume/AudioGameplayVolume.uplugin" 3
"../../../Engine/Plugins/AudioInsights/AudioInsights.uplugin" 4
"../../../Engine/Plugins/AutomationControllerRpc/AutomationControllerRpc.uplugin" 5
"../../../Engine/Plugins/BlueprintFileUtils/BlueprintFileUtils.uplugin" 6
"../../../Engine/Plugins/AudioGameplay/AudioGameplay.uplugin" 7
"../../../Engine/Plugins/AudioInsightsRuntime/AudioInsightsRuntime.uplugin" 8
"../../../Engine/Plugins/ChaosClothAsset/ChaosClothAsset.uplugin" 9
"../../../Engine/Plugins/ChaosCloth/ChaosCloth.uplugin" 10
"../../../Engine/Plugins/BaseMaterial/BaseMaterial.uplugin" 11
"../../../Engine/Plugins/Bridge/Bridge.uplugin" 12
"../../../Engine/Plugins/AudioModulationInsights/AudioModulationInsights.uplugin" 13
"../../../Engine/Plugins/ChaosClothAssetEditor/ChaosClothAssetEditor.uplugin" 14
"../../../Engine/Plugins/ChaosClothAssetUsdDataflowNodes/ChaosClothAssetUsdDataflowNodes.uplugin" 15
"../../../Engine/Plugins/ChaosClothAssetDataflowNodes/ChaosClothAssetDataflowNodes.uplugin" 16
"../../../Engine/Plugins/ChaosOutfitAsset/ChaosOutfitAsset.uplugin" 17
"../../../Engine/Plugins/ChaosClothAssetEditorCore/ChaosClothAssetEditorCore.uplugin" 18
"../../../Engine/Plugins/ChaosVD/ChaosVD.uplugin" 19
"../../../Engine/Plugins/ChaosInsights/ChaosInsights.uplugin" 20
"../../../Engine/Plugins/CmdLinkServer/CmdLinkServer.uplugin" 21
"../../../Engine/Plugins/Dataflow/Dataflow.uplugin" 22
"../../../Engine/Plugins/DataflowVolumetricPlugin/DataflowVolumetricPlugin.uplugin" 23
"../../../Engine/Plugins/DerivedDataBuildController/DerivedDataBuildController.uplugin" 24
"../../../Engine/Plugins/DiscoveryBeaconReceiver/DiscoveryBeaconReceiver.uplugin" 25
"../../../Engine/Plugins/EnhancedInput/EnhancedInput.uplugin" 26
"../../../Engine/Plugins/Chooser/Chooser.uplugin" 27
"../../../Engine/Plugins/GameInputWindows/GameInputWindows.uplugin" 28
"../../../Engine/Plugins/Fab/Fab.uplugin" 29
"../../../Engine/Plugins/IoStoreInsights/IoStoreInsights.uplugin" 30
"../../../Engine/Plugins/FastBuildController/FastBuildController.uplugin" 31
"../../../Engine/Plugins/LightWeightInstancesEditor/LightWeightInstancesEditor.uplugin" 32
"../../../Engine/Plugins/JsonBlueprintUtilities/JsonBlueprintUtilities.uplugin" 33
"../../../Engine/Plugins/MassInsights/MassInsights.uplugin" 34
"../../../Engine/Plugins/MemoryUsageQueries/MemoryUsageQueries.uplugin" 35
"../../../Engine/Plugins/MeshPainting/MeshPainting.uplugin" 36
"../../../Engine/Plugins/Mutable/Mutable.uplugin" 37
"../../../Engine/Plugins/RenderGraphInsights/RenderGraphInsights.uplugin" 38
"../../../Engine/Plugins/PCG/PCG.uplugin" 39
"../../../Engine/Plugins/RenderTraceInsights/RenderTraceInsights.uplugin" 40
"../../../Engine/Plugins/RPCBase/RPCBase.uplugin" 41
"../../../Engine/Plugins/SubtitlesAndClosedCaptions/SubtitlesAndClosedCaptions.uplugin" 42
"../../../Engine/Plugins/ScriptPlugin/ScriptPlugin.uplugin" 43
"../../../Engine/Plugins/TextureGraph/TextureGraph.uplugin" 44
"../../../Engine/Plugins/TraceUtilities/TraceUtilities.uplugin" 45
"../../../Engine/Plugins/WorldMetrics/WorldMetrics.uplugin" 46
"../../../Engine/Plugins/UbaController/UbaController.uplugin" 47
"../../../Engine/Plugins/WorldStreamingInsights/WorldStreamingInsights.uplugin" 48
"../../../Engine/Plugins/XGEController/XGEController.uplugin" 49
"../../../Engine/Plugins/Developer/AnimationSharing/AnimationSharing.uplugin" 50
"../../../Engine/Plugins/Developer/BlankPlugin/BlankPlugin.uplugin" 51
"../../../Engine/Plugins/Compression/OodleNetwork/OodleNetwork.uplugin" 52
"../../../Engine/Plugins/Developer/CLionSourceCodeAccess/CLionSourceCodeAccess.uplugin" 53
"../../../Engine/Plugins/Developer/DirectoryPlaceholder/DirectoryPlaceholder.uplugin" 54
"../../../Engine/Plugins/Developer/CodeLiteSourceCodeAccess/CodeLiteSourceCodeAccess.uplugin" 55
"../../../Engine/Plugins/Developer/FieldNotificationTrace/FieldNotificationTrace.uplugin" 56
"../../../Engine/Plugins/Developer/DumpGPUServices/DumpGPUServices.uplugin" 57
"../../../Engine/Plugins/Developer/NullSourceCodeAccess/NullSourceCodeAccess.uplugin" 58
"../../../Engine/Plugins/Developer/KDevelopSourceCodeAccess/KDevelopSourceCodeAccess.uplugin" 59
"../../../Engine/Plugins/Developer/OneSkyLocalizationService/OneSkyLocalizationService.uplugin" 60
"../../../Engine/Plugins/Developer/GPUReshape/GPUReshape.uplugin" 61
"../../../Engine/Plugins/Developer/PixWinPlugin/PixWinPlugin.uplugin" 62
"../../../Engine/Plugins/Developer/PlasticSourceControl/PlasticSourceControl.uplugin" 63
"../../../Engine/Plugins/Developer/PerforceSourceControl/PerforceSourceControl.uplugin" 64
"../../../Engine/Plugins/Developer/NamingTokens/NamingTokens.uplugin" 65
"../../../Engine/Plugins/Developer/GitSourceControl/GitSourceControl.uplugin" 66
"../../../Engine/Plugins/Developer/N10XSourceCodeAccess/N10XSourceCodeAccess.uplugin" 67
"../../../Engine/Plugins/Developer/PluginUtils/PluginUtils.uplugin" 68
"../../../Engine/Plugins/Developer/PropertyAccessNode/PropertyAccessNode.uplugin" 69
"../../../Engine/Plugins/Developer/ProjectLauncher/ProjectLauncher.uplugin" 70
"../../../Engine/Plugins/Developer/RenderDocPlugin/RenderDocPlugin.uplugin" 71
"../../../Engine/Plugins/Developer/RiderSourceCodeAccess/RiderSourceCodeAccess.uplugin" 72
"../../../Engine/Plugins/Developer/ShaderToolkit/ShaderToolkit.uplugin" 73
"../../../Engine/Plugins/Developer/SubversionSourceControl/SubversionSourceControl.uplugin" 74
"../../../Engine/Plugins/Developer/TextureFormatOodle/TextureFormatOodle.uplugin" 75
"../../../Engine/Plugins/Developer/TraceSourceFiltering/TraceSourceFilters.uplugin" 76
"../../../Engine/Plugins/Developer/UObjectPlugin/UObjectPlugin.uplugin" 77
"../../../Engine/Plugins/Developer/VisualStudioCodeSourceCodeAccess/VisualStudioCodeSourceCodeAccess.uplugin" 78
"../../../Engine/Plugins/Developer/XcodeGPUDebuggerPlugin/XcodeGPUDebuggerPlugin.uplugin" 79
"../../../Engine/Plugins/Developer/VisualStudioSourceCodeAccess/VisualStudioSourceCodeAccess.uplugin" 80
"../../../Engine/Plugins/Enterprise/DatasmithC4DImporter/DatasmithC4DImporter.uplugin" 81
"../../../Engine/Plugins/Enterprise/AxFImporter/AxFImporter.uplugin" 82
"../../../Engine/Plugins/Enterprise/DataprepEditor/DataprepEditor.uplugin" 83
"../../../Engine/Plugins/Developer/XCodeSourceCodeAccess/XCodeSourceCodeAccess.uplugin" 84
"../../../Engine/Plugins/Enterprise/DatasmithFBXImporter/DatasmithFBXImporter.uplugin" 85
"../../../Engine/Plugins/Enterprise/DatasmithContent/DatasmithContent.uplugin" 86
"../../../Engine/Plugins/Enterprise/DatasmithImporter/DatasmithImporter.uplugin" 87
"../../../Engine/Plugins/Enterprise/DatasmithCADImporter/DatasmithCADImporter.uplugin" 88
"../../../Engine/Plugins/Enterprise/LidarPointCloud/LidarPointCloud.uplugin" 89
"../../../Engine/Plugins/Enterprise/VariantManager/VariantManager.uplugin" 90
"../../../Engine/Plugins/Enterprise/GLTFExporter/GLTFExporter.uplugin" 91
"../../../Engine/Plugins/Enterprise/MDLImporter/MDLImporter.uplugin" 92
"../../../Engine/Plugins/FX/Cascade/Cascade.uplugin" 93
"../../../Engine/Plugins/Enterprise/VariantManagerContent/VariantManagerContent.uplugin" 94
"../../../Engine/Plugins/FX/CascadeToNiagaraConverter/CascadeToNiagaraConverter.uplugin" 95
"../../../Engine/Plugins/FX/NiagaraFluids/NiagaraFluids.uplugin" 96
"../../../Engine/Plugins/FX/ExampleCustomDataInterface/ExampleCustomDataInterface.uplugin" 97
"../../../Engine/Plugins/FX/Niagara/Niagara.uplugin" 98
"../../../Engine/Plugins/FX/NiagaraMRQ/NiagaraMRQ.uplugin" 99
"../../../Engine/Plugins/FX/NiagaraInsights/NiagaraInsights.uplugin" 100
"../../../Engine/Plugins/FX/NiagaraNanite/NiagaraNanite.uplugin" 101
"../../../Engine/Plugins/FX/NiagaraUIRenderer/NiagaraUIRenderer.uplugin" 102
"../../../Engine/Plugins/FX/NiagaraSimCaching/NiagaraSimCaching.uplugin" 103
"../../../Engine/Plugins/FX/NiagaraPreviewContent/NiagaraPreviewContent.uplugin" 104
"../../../Engine/Plugins/Importers/AlembicImporter/AlembicImporter.uplugin" 105
"../../../Engine/Plugins/Importers/AlembicHairImporter/AlembicHairImporter.uplugin" 106
"../../../Engine/Plugins/Importers/USDImporter/USDImporter.uplugin" 107
"../../../Engine/Plugins/Importers/USDImporterMDL/USDImporterMDL.uplugin" 108
"../../../Engine/Plugins/MetaHuman/MetaHumanAnimationTools/MetaHumanAnimationTools.uplugin" 109
"../../../Engine/Plugins/MetaHuman/MetaHumanAnimator/MetaHuman.uplugin" 110
"../../../Engine/Plugins/Importers/USDMultiUser/USDMultiUser.uplugin" 111
"../../../Engine/Plugins/MetaHuman/MetaHumanCoreML/MetaHumanCoreML.uplugin" 112
"../../../Engine/Plugins/MetaHuman/MetaHumanCalibrationProcessing/MetaHumanCalibrationProcessing.uplugin" 113
"../../../Engine/Plugins/MetaHuman/MetaHumanCoreTechLib/MetaHumanCoreTech.uplugin" 114
"../../../Engine/Plugins/NNE/NNEDenoiser/NNEDenoiser.uplugin" 115
"../../../Engine/Plugins/NNE/NNERuntimeORT/NNERuntimeORT.uplugin" 116
"../../../Engine/Plugins/MetaHuman/MetaHumanSDK/MetaHumanSDK.uplugin" 117
"../../../Engine/Plugins/MetaHuman/MetaHumanLiveLink/MetaHumanLiveLink.uplugin" 118
"../../../Engine/Plugins/PCGInterops/PCGExternalDataInterop/PCGExternalDataInterop.uplugin" 119
"../../../Engine/Plugins/MetaHuman/MetaHumanCrowd/MetaHumanCrowd.uplugin" 120
"../../../Engine/Plugins/PCGInterops/PCGGeometryScriptInterop/PCGGeometryScriptInterop.uplugin" 121
"../../../Engine/Plugins/MetaHuman/MetaHumanCharacter/MetaHumanCharacter.uplugin" 122
"../../../Engine/Plugins/PCGInterops/PCGPythonInterop/PCGPythonInterop.uplugin" 123
"../../../Engine/Plugins/Protocols/MQTT/MQTT.uplugin" 124
"../../../Engine/Plugins/VirtualProduction/ActorModifierCore/ActorModifierCore.uplugin" 125
"../../../Engine/Plugins/VirtualProduction/AccumulationDOF/AccumulationDOF.uplugin" 126
"../../../Engine/Plugins/VirtualProduction/ActorModifier/ActorModifier.uplugin" 127
"../../../Engine/Plugins/VirtualProduction/CameraCalibration/CameraCalibration.uplugin" 128
"../../../Engine/Plugins/VirtualProduction/AvalancheDataLink/AvalancheDataLink.uplugin" 129
"../../../Engine/Plugins/VirtualProduction/AvalancheSceneState/AvalancheSceneState.uplugin" 130
"../../../Engine/Plugins/VirtualProduction/Avalanche/Avalanche.uplugin" 131
"../../../Engine/Plugins/VirtualProduction/CameraCalibrationML/CameraCalibrationML.uplugin" 132
"../../../Engine/Plugins/VirtualProduction/CaptureData/CaptureData.uplugin" 133
"../../../Engine/Plugins/VirtualProduction/CameraCalibrationCore/CameraCalibrationCore.uplugin" 134
"../../../Engine/Plugins/VirtualProduction/ClonerEffector/ClonerEffector.uplugin" 135
"../../../Engine/Plugins/VirtualProduction/CompositePlane/CompositePlane.uplugin" 136
"../../../Engine/Plugins/VirtualProduction/CinematicAssemblyTools/CinematicAssemblyTools.uplugin" 137
"../../../Engine/Plugins/VirtualProduction/CustomDetailsView/CustomDetailsView.uplugin" 138
"../../../Engine/Plugins/VirtualProduction/DataLink/DataLink.uplugin" 139
"../../../Engine/Plugins/VirtualProduction/DataLinkOAuth/DataLinkOAuth.uplugin" 140
"../../../Engine/Plugins/VirtualProduction/DynamicMaterial/DynamicMaterial.uplugin" 141
"../../../Engine/Plugins/VirtualProduction/GeometryMask/GeometryMask.uplugin" 142
"../../../Engine/Plugins/VirtualProduction/ICVFXTesting/ICVFXTesting.uplugin" 143
"../../../Engine/Plugins/VirtualProduction/LiveLinkCamera/LiveLinkCamera.uplugin" 144
"../../../Engine/Plugins/VirtualProduction/DataCharts/DataCharts.uplugin" 145
"../../../Engine/Plugins/VirtualProduction/ICVFX/ICVFX.uplugin" 146
"../../../Engine/Plugins/VirtualProduction/LensComponent/LensComponent.uplugin" 147
"../../../Engine/Plugins/VirtualProduction/LiveLinkFreeD/LiveLinkFreeD.uplugin" 148
"../../../Engine/Plugins/VirtualProduction/EpicStageApp/EpicStageApp.uplugin" 149
"../../../Engine/Plugins/VirtualProduction/LevelSnapshots/LevelSnapshots.uplugin" 150
"../../../Engine/Plugins/VirtualProduction/LiveLinkInputDevice/LiveLinkInputDevice.uplugin" 151
"../../../Engine/Plugins/VirtualProduction/LiveLinkKiProDevice/LiveLinkKiProDevice.uplugin" 152
"../../../Engine/Plugins/VirtualProduction/LiveLinkLens/LiveLinkLens.uplugin" 153
"../../../Engine/Plugins/VirtualProduction/LiveLinkOBSDevice/LiveLinkOBSDevice.uplugin" 154
"../../../Engine/Plugins/VirtualProduction/LiveLinkMasterLockit/LiveLinkMasterLockit.uplugin" 155
"../../../Engine/Plugins/VirtualProduction/LiveLinkSoundDevice/LiveLinkSoundDevice.uplugin" 156
"../../../Engine/Plugins/VirtualProduction/MultiUserTakes/MultiUserTakes.uplugin" 157
"../../../Engine/Plugins/VirtualProduction/LiveLinkVRPN/LiveLinkVRPN.uplugin" 158
"../../../Engine/Plugins/VirtualProduction/OperatorStack/OperatorStack.uplugin" 159
"../../../Engine/Plugins/VirtualProduction/LiveLinkOpenTrackIO/LiveLinkOpenTrackIO.uplugin" 160
"../../../Engine/Plugins/VirtualProduction/LiveLinkPrestonMDR/LiveLinkPrestonMDR.uplugin" 161
"../../../Engine/Plugins/VirtualProduction/PropertyAnimator/PropertyAnimator.uplugin" 162
"../../../Engine/Plugins/VirtualProduction/PerformanceCaptureWorkflow/PerformanceCaptureWorkflow.uplugin" 163
"../../../Engine/Plugins/VirtualProduction/RemoteControlInterception/RemoteControlInterception.uplugin" 164
"../../../Engine/Plugins/VirtualProduction/LiveLinkXR/LiveLinkXR.uplugin" 165
"../../../Engine/Plugins/VirtualProduction/SceneStateDataLink/SceneStateDataLink.uplugin" 166
"../../../Engine/Plugins/VirtualProduction/RemoteControlProtocolDMX/RemoteControlProtocolDMX.uplugin" 167
"../../../Engine/Plugins/VirtualProduction/PropertyAnimatorCore/PropertyAnimatorCore.uplugin" 168
"../../../Engine/Plugins/VirtualProduction/RemoteControlProtocolOSC/RemoteControlProtocolOSC.uplugin" 169
"../../../Engine/Plugins/VirtualProduction/RemoteControlWebInterface/RemoteControlWebInterface.uplugin" 170
"../../../Engine/Plugins/VirtualProduction/SequencerPlaylists/SequencerPlaylists.uplugin" 171
"../../../Engine/Plugins/VirtualProduction/SceneState/SceneState.uplugin" 172
"../../../Engine/Plugins/VirtualProduction/RemoteControlProtocolMIDI/RemoteControlProtocolMIDI.uplugin" 173
"../../../Engine/Plugins/VirtualProduction/Switchboard/Switchboard.uplugin" 174
"../../../Engine/Plugins/VirtualProduction/StageMonitoring/StageMonitoring.uplugin" 175
"../../../Engine/Plugins/VirtualProduction/StormSync/StormSync.uplugin" 176
"../../../Engine/Plugins/VirtualProduction/StormSyncAvalancheBridge/StormSyncAvalancheBridge.uplugin" 177
"../../../Engine/Plugins/VirtualProduction/TextureShare/TextureShare.uplugin" 178
"../../../Engine/Plugins/VirtualProduction/RemoteControl/RemoteControl.uplugin" 179
"../../../Engine/Plugins/VirtualProduction/Text3D/Text3D.uplugin" 180
"../../../Engine/Plugins/VirtualProduction/TimedDataMonitor/TimedDataMonitor.uplugin" 181
"../../../Engine/Plugins/VirtualProduction/SVGImporter/SVGImporter.uplugin" 182
"../../../Engine/Plugins/VirtualProduction/VirtualCamera/VirtualCamera.uplugin" 183
"../../../Engine/Plugins/VirtualProduction/ViewportWidgetOverlay/ViewportWidgetOverlay.uplugin" 184
"../../../Engine/Plugins/VirtualProduction/VirtualCameraCore/VirtualCameraCore.uplugin" 185
"../../../Engine/Plugins/Interchange/Editor/InterchangeEditor.uplugin" 186
"../../../Engine/Plugins/VirtualProduction/Takes/Takes.uplugin" 187
"../../../Engine/Plugins/Interchange/Assets/InterchangeAssets.uplugin" 188
"../../../Engine/Plugins/Media/AjaMedia/AjaMedia.uplugin" 189
"../../../Engine/Plugins/VirtualProduction/VirtualScouting/VirtualScouting.uplugin" 190
"../../../Engine/Plugins/Interchange/Runtime/Interchange.uplugin" 191
"../../../Engine/Plugins/Media/AndroidMedia/AndroidMedia.uplugin" 192
"../../../Engine/Plugins/Media/AV1DecoderElectra/AV1DecoderElectra.uplugin" 193
"../../../Engine/Plugins/Media/AndroidCamera/AndroidCamera.uplugin" 194
"../../../Engine/Plugins/Media/AppleProResDecoderElectra/AppleProResDecoderElectra.uplugin" 195
"../../../Engine/Plugins/Media/ElectraCDM/ElectraCDM.uplugin" 196
"../../../Engine/Plugins/Media/AvfMedia/AvfMedia.uplugin" 197
"../../../Engine/Plugins/Media/BlackmagicMedia/BlackmagicMedia.uplugin" 198
"../../../Engine/Plugins/Media/AvidDNxMedia/AvidDNxMedia.uplugin" 199
"../../../Engine/Plugins/Media/AppleProResMedia/AppleProResMedia.uplugin" 200
"../../../Engine/Plugins/Media/AudioCaptureTimecodeProvider/AudioCaptureTimecodeProvider.uplugin" 201
"../../../Engine/Plugins/Media/D3D12VideoDecodersElectra/D3D12VideoDecodersElectra.uplugin" 202
"../../../Engine/Plugins/Media/ElectraCodecs/ElectraCodecs.uplugin" 203
"../../../Engine/Plugins/Media/ElectraPlayer/ElectraPlayer.uplugin" 204
"../../../Engine/Plugins/Media/BinkMedia/BinkMedia.uplugin" 205
"../../../Engine/Plugins/Media/HAPMedia/HAPMedia.uplugin" 206
"../../../Engine/Plugins/Media/ElectraUtil/ElectraUtil.uplugin" 207
"../../../Engine/Plugins/Media/ElectraSubtitles/ElectraSubtitles.uplugin" 208
"../../../Engine/Plugins/Media/APVDecoderElectra/APVDecoderElectra.uplugin" 209
"../../../Engine/Plugins/Media/LinearTimecode/LinearTimecode.uplugin" 210
"../../../Engine/Plugins/Media/MediaFrameworkUtilities/MediaFrameworkUtilities.uplugin" 211
"../../../Engine/Plugins/Media/ImgMedia/ImgMedia.uplugin" 212
"../../../Engine/Plugins/Media/AvidDNxHDDecoderElectra/AvidDNxHDDecoderElectra.uplugin" 213
"../../../Engine/Plugins/Media/MediaCompositing/MediaCompositing.uplugin" 214
"../../../Engine/Plugins/Media/MediaPlate/MediaPlate.uplugin" 215
"../../../Engine/Plugins/Media/MediaIOFramework/MediaIOFramework.uplugin" 216
"../../../Engine/Plugins/Media/MediaProfile/MediaProfile.uplugin" 217
"../../../Engine/Plugins/Media/HAPDecoderElectra/HAPDecoderElectra.uplugin" 218
"../../../Engine/Plugins/Media/MediaPlayerEditor/MediaPlayerEditor.uplugin" 219
"../../../Engine/Plugins/Media/MediaViewer/MediaViewer.uplugin" 220
"../../../Engine/Plugins/Media/MJPEGDecoderElectra/MJPEGDecoderElectra.uplugin" 221
"../../../Engine/Plugins/Media/MediaMovieStreamer/MediaMovieStreamer.uplugin" 222
"../../../Engine/Plugins/Media/HardwareEncoders/HardwareEncoders.uplugin" 223
"../../../Engine/Plugins/Media/MfMedia/MfMedia.uplugin" 224
"../../../Engine/Plugins/Media/OpusDecoderElectra/OpusDecoderElectra.uplugin" 225
"../../../Engine/Plugins/Media/NDIMedia/NDIMedia.uplugin" 226
"../../../Engine/Plugins/Media/PixelStreaming/PixelStreaming.uplugin" 227
"../../../Engine/Plugins/Media/TimecodeSynchronizer/TimecodeSynchronizer.uplugin" 228
"../../../Engine/Plugins/Media/NVDECElectra/NVDECElectra.uplugin" 229
"../../../Engine/Plugins/Media/RTSPMedia/RTSPMedia.uplugin" 230
"../../../Engine/Plugins/Media/MP4Utilities/MP4Utilities.uplugin" 231
"../../../Engine/Plugins/Media/FlacDecoderElectra/FlacDecoderElectra.uplugin" 232
"../../../Engine/Plugins/MovieScene/CustomizableSequencerTracks/CustomizableSequencerTracks.uplugin" 233
"../../../Engine/Plugins/Media/TmvMediaUtils/TmvMediaUtils.uplugin" 234
"../../../Engine/Plugins/MovieScene/LevelSequenceEditor/LevelSequenceEditor.uplugin" 235
"../../../Engine/Plugins/Media/WmfMedia/WmfMedia.uplugin" 236
"../../../Engine/Plugins/MovieScene/CinematicPrestreaming/CinematicPrestreaming.uplugin" 237
"../../../Engine/Plugins/Media/PixelCapture/PixelCapture.uplugin" 238
"../../../Engine/Plugins/Media/WebMMedia/WebMMedia.uplugin" 239
"../../../Engine/Plugins/MovieScene/MoviePipelineMaskRenderPass/MoviePipelineMaskRenderPass.uplugin" 240
"../../../Engine/Plugins/Media/VPxDecoderElectra/VPxDecoderElectra.uplugin" 241
"../../../Engine/Plugins/Media/TmvMedia/TmvMedia.uplugin" 242
"../../../Engine/Plugins/MovieScene/SequencerScripting/SequencerScripting.uplugin" 243
"../../../Engine/Plugins/MovieScene/MovieSceneTextTrack/MovieSceneTextTrack.uplugin" 244
"../../../Engine/Plugins/Media/PixelStreaming2/PixelStreaming2.uplugin" 245
"../../../Engine/Plugins/MovieScene/TemplateSequence/TemplateSequence.uplugin" 246
"../../../Engine/Plugins/MovieScene/ActorSequence/ActorSequence.uplugin" 247
"../../../Engine/Plugins/MovieScene/SequenceValidator/SequenceValidator.uplugin" 248
"../../../Engine/Plugins/NetcodeUnitTest/NetcodeUnitTest/NetcodeUnitTest.uplugin" 249
"../../../Engine/Plugins/MovieScene/MovieRenderPipeline/MovieRenderPipeline.uplugin" 250
"../../../Engine/Plugins/NetcodeUnitTest/NUTUnrealEngine/NUTUnrealEngine.uplugin" 251
"../../../Engine/Plugins/MovieScene/ReplayTracks/ReplayTracks.uplugin" 252
"../../../Engine/Plugins/Online/OnlineFrameworkCommon/OnlineFrameworkCommon.uplugin" 253
"../../../Engine/Plugins/Online/OnlineBase/OnlineBase.uplugin" 254
"../../../Engine/Plugins/Online/OnlineServicesEOS/OnlineServicesEOS.uplugin" 255
"../../../Engine/Plugins/Online/EOSOverlayInputProvider/EOSOverlayInputProvider.uplugin" 256
"../../../Engine/Plugins/Online/OnlineFramework/OnlineFramework.uplugin" 257
"../../../Engine/Plugins/Online/OnlineServicesNull/OnlineServicesNull.uplugin" 258
"../../../Engine/Plugins/Online/OnlineServices/OnlineServices.uplugin" 259
"../../../Engine/Plugins/Online/OnlineSubsystem/OnlineSubsystem.uplugin" 260
"../../../Engine/Plugins/Online/OnlineServicesEOSGS/OnlineServicesEOSGS.uplugin" 261
"../../../Engine/Plugins/Online/OnlineSubsystemApple/OnlineSubsystemApple.uplugin" 262
"../../../Engine/Plugins/Online/OnlineServicesOSSAdapter/OnlineServicesOSSAdapter.uplugin" 263
"../../../Engine/Plugins/Online/OnlineSubsystemFacebook/OnlineSubsystemFacebook.uplugin" 264
"../../../Engine/Plugins/Online/OnlineSubsystemEOS/OnlineSubsystemEOS.uplugin" 265
"../../../Engine/Plugins/Online/OnlineSubsystemNull/OnlineSubsystemNull.uplugin" 266
"../../../Engine/Plugins/Online/OnlineSubsystemAmazon/OnlineSubsystemAmazon.uplugin" 267
"../../../Engine/Plugins/Online/OnlineSubsystemGoogle/OnlineSubsystemGoogle.uplugin" 268
"../../../Engine/Plugins/Online/EOSShared/EOSShared.uplugin" 269
"../../../Engine/Plugins/Online/SocketSubsystemSteamIP/SocketSubsystemSteamIP.uplugin" 270
"../../../Engine/Plugins/Online/OnlineSubsystemTencent/OnlineSubsystemTencent.uplugin" 271
"../../../Engine/Plugins/Online/OnlineSubsystemSteam/OnlineSubsystemSteam.uplugin" 272
"../../../Engine/Plugins/Online/OnlineSubsystemUtils/OnlineSubsystemUtils.uplugin" 273
"../../../Engine/Plugins/Tests/AutomationDriverTests/AutomationDriverTests.uplugin" 274
"../../../Engine/Plugins/Online/SocketSubsystemEOS/SocketSubsystemEOS.uplugin" 275
"../../../Engine/Plugins/Tests/CQTestExperimental/CQTestExperimental.uplugin" 276
"../../../Engine/Plugins/Slate/SlateScripting/SlateScripting.uplugin" 277
"../../../Engine/Plugins/Tests/AudioCQTests/AudioCQTests.uplugin" 278
"../../../Engine/Plugins/Tests/CQTestEnhancedInput/CQTestEnhancedInput.uplugin" 279
"../../../Engine/Plugins/Tests/RHITests/RHITests.uplugin" 280
"../../../Engine/Plugins/Tests/TestFramework/TestFramework.uplugin" 281
"../../../Engine/Plugins/Tests/CQTest/CQTest.uplugin" 282
"../../../Engine/Plugins/Tests/FbxAutomationTestBuilder/FbxAutomationTestBuilder.uplugin" 283
"../../../Engine/Plugins/Tests/InterchangeTests/InterchangeTests.uplugin" 284
"../../../Engine/Plugins/Tests/FunctionalTestingEditor/FunctionalTestingEditor.uplugin" 285
"../../../Engine/Plugins/Online/WebAuth/WebAuth.uplugin" 286
"../../../Engine/Plugins/Tests/EditorTests/EditorTests.uplugin" 287
"../../../Engine/Plugins/Tests/PythonAutomationTest/PythonAutomationTest.uplugin" 288
"../../../Engine/Plugins/Tests/RuntimeTests/RuntimeTests.uplugin" 289
"../../../Engine/Plugins/Tests/WidgetAutomationTests/WidgetAutomationTests.uplugin" 290
"../../../Engine/Plugins/Slate/SlateInsights/SlateInsights.uplugin" 291
"../../../Engine/Plugins/Tests/TestSamples/TestSamples.uplugin" 292
"../../../Engine/Plugins/Tests/VerseModuleIndependenceB/VerseModuleIndependenceB.uplugin" 293
"../../../Engine/Plugins/Tests/VerseModuleIndependenceA/VerseModuleIndependenceA.uplugin" 294
"../../../Engine/Plugins/Portal/LauncherChunkInstaller/LauncherChunkInstaller.uplugin" 295
"../../../Engine/Plugins/2D/Paper2D/Paper2D.uplugin" 296
"../../../Engine/Plugins/AI/HTNPlanner/HTNPlanner.uplugin" 297
"../../../Engine/Plugins/Online/OnlineServicesEpicCommon/OnlineServicesEpicCommon.uplugin" 298
"../../../Engine/Plugins/AI/EnvironmentQueryEditor/EnvironmentQueryEditor.uplugin" 299
"../../../Engine/Plugins/AI/MassCrowd/MassCrowd.uplugin" 300
"../../../Engine/Plugins/AI/MassAI/MassAI.uplugin" 301
"../../../Engine/Plugins/AI/MLAdapter/MLAdapter.uplugin" 302
"../../../Engine/Plugins/Animation/AnimationData/AnimationData.uplugin" 303
"../../../Engine/Plugins/AI/AISupport/AISupport.uplugin" 304
"../../../Engine/Plugins/Animation/BlendSpaceMotionAnalysis/BlendSpaceMotionAnalysis.uplugin" 305
"../../../Engine/Plugins/Animation/AnimationLocomotionLibrary/AnimationLocomotionLibrary.uplugin" 306
"../../../Engine/Plugins/Animation/AnimationWarping/AnimationWarping.uplugin" 307
"../../../Engine/Plugins/Web/HttpBlueprint/HttpBlueprint.uplugin" 308
"../../../Engine/Plugins/Animation/AnimatorKit/AnimatorKit.uplugin" 309
"../../../Engine/Plugins/Animation/AnimationModifierLibrary/AnimationModifierLibrary.uplugin" 310
"../../../Engine/Plugins/Animation/BlendStack/BlendStack.uplugin" 311
"../../../Engine/Plugins/Animation/ACLPlugin/ACLPlugin.uplugin" 312
"../../../Engine/Plugins/Animation/DeformerGraph/DeformerGraph.uplugin" 313
"../../../Engine/Plugins/Animation/ControlRigSpline/ControlRigSpline.uplugin" 314
"../../../Engine/Plugins/Animation/DNACalib/DNACalib.uplugin" 315
"../../../Engine/Plugins/Animation/GeneSplicer/GeneSplicer.uplugin" 316
"../../../Engine/Plugins/Animation/EaseCurveTool/EaseCurveTool.uplugin" 317
"../../../Engine/Plugins/Animation/LiveLink/LiveLink.uplugin" 318
"../../../Engine/Plugins/Animation/ControlRigModules/ControlRigModules.uplugin" 319
"../../../Engine/Plugins/Animation/LiveLinkDevice/LiveLinkDevice.uplugin" 320
"../../../Engine/Plugins/Animation/LiveLinkUnrealDevice/LiveLinkUnrealDevice.uplugin" 321
"../../../Engine/Plugins/Animation/LiveLinkGenericRecordingDevice/LiveLinkGenericRecordingDevice.uplugin" 322
"../../../Engine/Plugins/Animation/ControlRig/ControlRig.uplugin" 323
"../../../Engine/Plugins/Animation/LiveLinkCurveDebugUI/LiveLinkCurveDebugUI.uplugin" 324
"../../../Engine/Plugins/Animation/MotionWarping/MotionWarping.uplugin" 325
"../../../Engine/Plugins/Animation/IKRig/IKRig.uplugin" 326
"../../../Engine/Plugins/Animation/GameplayInsights/GameplayInsights.uplugin" 327
"../../../Engine/Plugins/Animation/LiveLinkExampleDevice/LiveLinkExampleDevice.uplugin" 328
"../../../Engine/Plugins/Animation/PhysicsControl/PhysicsControl.uplugin" 329
"../../../Engine/Plugins/Animation/PoseSearch/PoseSearch.uplugin" 330
"../../../Engine/Plugins/Animation/LiveLinkHub/LiveLinkHub.uplugin" 331
"../../../Engine/Plugins/Animation/TweeningUtils/TweeningUtils.uplugin" 332
"../../../Engine/Plugins/Animation/RigLogic/RigLogic.uplugin" 333
"../../../Engine/Plugins/Cameras/CameraShakePreviewer/CameraShakePreviewer.uplugin" 334
"../../../Engine/Plugins/Animation/SkeletalMeshModelingTools/SkeletalMeshModelingTools.uplugin" 335
"../../../Engine/Plugins/Compositing/ComposureShared/ComposureShared.uplugin" 336
"../../../Engine/Plugins/Cameras/EngineCameras/EngineCameras.uplugin" 337
"../../../Engine/Plugins/Animation/PerformanceCaptureCore/PerformanceCaptureCore.uplugin" 338
"../../../Engine/Plugins/Cameras/GameplayCameras/GameplayCameras.uplugin" 339
"../../../Engine/Plugins/Compositing/HoldoutComposite/HoldoutComposite.uplugin" 340
"../../../Engine/Plugins/Compositing/LensDistortion/LensDistortion.uplugin" 341
"../../../Engine/Plugins/Compositing/Composite/Composite.uplugin" 342
"../../../Engine/Plugins/Compositing/Composure/Composure.uplugin" 343
"../../../Engine/Plugins/Compositing/OpenCVLensDistortion/OpenCVLensDistortion.uplugin" 344
"../../../Engine/Plugins/Compositing/OpenColorIO/OpenColorIO.uplugin" 345
"../../../Engine/Plugins/Editor/ChangelistReview/ChangelistReview.uplugin" 346
"../../../Engine/Plugins/Editor/BlueprintHeaderView/BlueprintHeaderView.uplugin" 347
"../../../Engine/Plugins/Compositing/CompositeCore/CompositeCore.uplugin" 348
"../../../Engine/Plugins/Editor/ColorGrading/ColorGrading.uplugin" 349
"../../../Engine/Plugins/Editor/AssetSearch/AssetSearch.uplugin" 350
"../../../Engine/Plugins/Editor/AssetManagerEditor/AssetManagerEditor.uplugin" 351
"../../../Engine/Plugins/Editor/AssetRegistryExport/AssetRegistryExport.uplugin" 352
"../../../Engine/Plugins/Editor/ConsoleVariablesEditor/ConsoleVariables.uplugin" 353
"../../../Engine/Plugins/Editor/BlueprintMaterialTextureNodes/BlueprintMaterialTextureNodes.uplugin" 354
"../../../Engine/Plugins/Editor/AssetReferenceRestrictions/AssetReferenceRestrictions.uplugin" 355
"../../../Engine/Plugins/Editor/DataValidation/DataValidation.uplugin" 356
"../../../Engine/Plugins/Editor/EditorScriptingUtilities/EditorScriptingUtilities.uplugin" 357
"../../../Engine/Plugins/Editor/DisplayClusterLaunch/DisplayClusterLaunch.uplugin" 358
"../../../Engine/Plugins/Editor/EditorDebugTools/EditorDebugTools.uplugin" 359
"../../../Engine/Plugins/Editor/FacialAnimation/FacialAnimation.uplugin" 360
"../../../Engine/Plugins/Editor/CurveEditorTools/CurveEditorTools.uplugin" 361
"../../../Engine/Plugins/Editor/GameplayTagsEditor/GameplayTagsEditor.uplugin" 362
"../../../Engine/Plugins/Editor/EditorSysConfigAssistant/EditorSysConfigAssistant.uplugin" 363
"../../../Engine/Plugins/Editor/CryptoKeys/CryptoKeys.uplugin" 364
"../../../Engine/Plugins/Editor/GuidedTutorials/GuidedTutorials.uplugin" 365
"../../../Engine/Plugins/Editor/GeometryMode/GeometryMode.uplugin" 366
"../../../Engine/Plugins/Editor/MacGraphicsSwitching/MacGraphicsSwitching.uplugin" 367
"../../../Engine/Plugins/Editor/LiveUpdateForSlate/LiveUpdateForSlate.uplugin" 368
"../../../Engine/Plugins/Editor/MeshLODToolset/MeshLODToolset.uplugin" 369
"../../../Engine/Plugins/Editor/MobileLauncherProfileWizard/MobileLauncherProfileWizard.uplugin" 370
"../../../Engine/Plugins/Editor/MakeCookedEditorAsDLC/MakeCookedEditorAsDLC.uplugin" 371
"../../../Engine/Plugins/Editor/ImageWidgets/ImageWidgets.uplugin" 372
"../../../Engine/Plugins/Editor/EngineAssetDefinitions/EngineAssetDefinitions.uplugin" 373
"../../../Engine/Plugins/Editor/MaterialAnalyzer/MaterialAnalyzer.uplugin" 374
"../../../Engine/Plugins/Editor/ProxyLODPlugin/ProxyLODPlugin.uplugin" 375
"../../../Engine/Plugins/Editor/LandscapePatch/LandscapePatch.uplugin" 376
"../../../Engine/Plugins/Editor/PluginBrowser/PluginBrowser.uplugin" 377
"../../../Engine/Plugins/Editor/MaterialValidation/MaterialValidation.uplugin" 378
"../../../Engine/Plugins/Editor/ScriptableToolsEditorMode/ScriptableToolsEditorMode.uplugin" 379
"../../../Engine/Plugins/Editor/MaterialAssetWizard/MaterialAssetWizard.uplugin" 380
"../../../Engine/Plugins/Editor/SampleToolsEditorMode/SampleToolsEditorMode.uplugin" 381
"../../../Engine/Plugins/Editor/ModelViewViewModelPreview/ModelViewViewModelPreview.uplugin" 382
"../../../Engine/Plugins/Editor/SequencerAnimTools/SequencerAnimTools.uplugin" 383
"../../../Engine/Plugins/Editor/SpeedTreeImporter/SpeedTreeImporter.uplugin" 384
"../../../Engine/Plugins/Editor/ModelingToolsEditorMode/ModelingToolsEditorMode.uplugin" 385
"../../../Engine/Plugins/Editor/StylusInput/StylusInput.uplugin" 386
"../../../Engine/Plugins/Editor/UMGWidgetPreview/UMGWidgetPreview.uplugin" 387
"../../../Engine/Plugins/Editor/StaticMeshEditorModeling/StaticMeshEditorModeling.uplugin" 388
"../../../Engine/Plugins/Experimental/AIAssistant/AIAssistant.uplugin" 389
"../../../Engine/Plugins/Editor/WaveformEditor/WaveformEditor.uplugin" 390
"../../../Engine/Plugins/Editor/UVEditor/UVEditor.uplugin" 391
"../../../Engine/Plugins/Experimental/AbilitySystemGameFeatureActions/AbilitySystemGameFeatureActions.uplugin" 392
"../../../Engine/Plugins/Experimental/AutomationUtils/AutomationUtils.uplugin" 393
"../../../Engine/Plugins/Experimental/AsyncMessageSystemTests/AsyncMessageSystemTests.uplugin" 394
"../../../Engine/Plugins/Experimental/AnimToTexture/AnimToTexture.uplugin" 395
"../../../Engine/Plugins/Experimental/AsyncMessageSystem/AsyncMessageSystem.uplugin" 396
"../../../Engine/Plugins/Experimental/BackChannel/BackChannel.uplugin" 397
"../../../Engine/Plugins/Editor/WorldPartitionHLODUtilities/WorldPartitionHLODUtilities.uplugin" 398
"../../../Engine/Plugins/Experimental/AdvancedRenamer/AdvancedRenamer.uplugin" 399
"../../../Engine/Plugins/Experimental/AudioProperties/AudioProperties.uplugin" 400
"../../../Engine/Plugins/Experimental/AvalancheDisplayCluster/AvalancheDisplayCluster.uplugin" 401
"../../../Engine/Plugins/Experimental/BlueprintSnapNodes/BlueprintSnapNodes.uplugin" 402
"../../../Engine/Plugins/Experimental/BlueprintStats/BlueprintStats.uplugin" 403
"../../../Engine/Plugins/Experimental/ChaosCaching/ChaosCaching.uplugin" 404
"../../../Engine/Plugins/Experimental/ChaosDataflowSolver/ChaosDataflowSolver.uplugin" 405
"../../../Engine/Plugins/Experimental/ChaosClothEditor/ChaosClothEditor.uplugin" 406
"../../../Engine/Plugins/Experimental/ChaosEditor/ChaosEditor.uplugin" 407
"../../../Engine/Plugins/Experimental/ChaosModularVehicle/ChaosModularVehicle.uplugin" 408
"../../../Engine/Plugins/Experimental/ChaosFlesh/ChaosFlesh.uplugin" 409
"../../../Engine/Plugins/Experimental/ChaosModularVehicleExamples/ChaosModularVehicleExamples.uplugin" 410
"../../../Engine/Plugins/Experimental/ChaosVehiclesPlugin/ChaosVehiclesPlugin.uplugin" 411
"../../../Engine/Plugins/Experimental/ChaosMover/ChaosMover.uplugin" 412
"../../../Engine/Plugins/Experimental/ChaosUserDataPT/ChaosUserDataPT.uplugin" 413
"../../../Engine/Plugins/Experimental/Buoyancy/Buoyancy.uplugin" 414
"../../../Engine/Plugins/Experimental/ChaosRigidAsset/ChaosRigidAsset.uplugin" 415
"../../../Engine/Plugins/Experimental/CharacterAI/CharacterAI.uplugin" 416
"../../../Engine/Plugins/Experimental/ChaosNiagara/ChaosNiagara.uplugin" 417
"../../../Engine/Plugins/Experimental/CineCameraRigs/CineCameraRigs.uplugin" 418
"../../../Engine/Plugins/Experimental/CineCameraSceneCapture/CineCameraSceneCapture.uplugin" 419
"../../../Engine/Plugins/Experimental/ChaosSolverPlugin/ChaosSolverPlugin.uplugin" 420
"../../../Engine/Plugins/Experimental/ActorPalette/ActorPalette.uplugin" 421
"../../../Engine/Plugins/Experimental/CinematicSequenceNavigator/CinematicSequenceNavigator.uplugin" 422
"../../../Engine/Plugins/Experimental/CodeView/CodeView.uplugin" 423
"../../../Engine/Plugins/Experimental/ChaosRigidPhysicsAsync/ChaosRigidPhysicsAsync.uplugin" 424
"../../../Engine/Plugins/Experimental/ControlFlows/ControlFlows.uplugin" 425
"../../../Engine/Plugins/Experimental/CodeEditor/CodeEditor.uplugin" 426
"../../../Engine/Plugins/Experimental/CommonConversation/CommonConversation.uplugin" 427
"../../../Engine/Plugins/Experimental/ColorCorrectRegions/ColorCorrectRegions.uplugin" 428
"../../../Engine/Plugins/Experimental/DaySequence/DaySequence.uplugin" 429
"../../../Engine/Plugins/Experimental/DefaultInstallBundleManager/DefaultInstallBundleManager.uplugin" 430
"../../../Engine/Plugins/Experimental/ControlRigDynamics/ControlRigDynamics.uplugin" 431
"../../../Engine/Plugins/Experimental/ControlRigPhysics/ControlRigPhysics.uplugin" 432
"../../../Engine/Plugins/Experimental/DynamicWind/DynamicWind.uplugin" 433
"../../../Engine/Plugins/Experimental/AvalancheSequenceNavigator/AvalancheSequenceNavigator.uplugin" 434
"../../../Engine/Plugins/Experimental/EditorTelemetry/EditorTelemetry.uplugin" 435
"../../../Engine/Plugins/Experimental/ChaosCachingUSD/ChaosCachingUSD.uplugin" 436
"../../../Engine/Plugins/Experimental/DynamicMaterialMediaStreamBridge/DynamicMaterialMediaStreamBridge.uplugin" 437
"../../../Engine/Plugins/Experimental/EditorDataStorageFeatures/EditorDataStorageFeatures.uplugin" 438
"../../../Engine/Plugins/Experimental/FieldSystemPlugin/FieldSystemPlugin.uplugin" 439
"../../../Engine/Plugins/Experimental/EditorPerformance/EditorPerformance.uplugin" 440
"../../../Engine/Plugins/Experimental/FloatingProperties/FloatingProperties.uplugin" 441
"../../../Engine/Plugins/Experimental/EditorTRSGizmo/EditorTRSGizmo.uplugin" 442
"../../../Engine/Plugins/Experimental/FastGeoStreaming/FastGeoStreaming.uplugin" 443
"../../../Engine/Plugins/Experimental/EditorDataStorage/EditorDataStorage.uplugin" 444
"../../../Engine/Plugins/Experimental/EvaluationNotifies/EvaluationNotifies.uplugin" 445
"../../../Engine/Plugins/Experimental/GameplayBehaviors/GameplayBehaviors.uplugin" 446
"../../../Engine/Plugins/Experimental/Gauntlet/Gauntlet.uplugin" 447
"../../../Engine/Plugins/Experimental/GameplayGraph/GameplayGraph.uplugin" 448
"../../../Engine/Plugins/Experimental/GameplayTargetingSystem/TargetingSystem.uplugin" 449
"../../../Engine/Plugins/Experimental/FullBodyIK/FullBodyIK.uplugin" 450
"../../../Engine/Plugins/Experimental/GeometryCollectionPlugin/GeometryCollectionPlugin.uplugin" 451
"../../../Engine/Plugins/Experimental/GeometryCacheLevelSequenceBaker/GeometryCacheLevelSequenceBaker.uplugin" 452
"../../../Engine/Plugins/Experimental/GizmoFramework/GizmoFramework.uplugin" 453
"../../../Engine/Plugins/Experimental/Fracture/Fracture.uplugin" 454
"../../../Engine/Plugins/Experimental/ImpostorBaker/ImpostorBaker.uplugin" 455
"../../../Engine/Plugins/Experimental/GeometryFlow/GeometryFlow.uplugin" 456
"../../../Engine/Plugins/Experimental/ImagePlate/ImagePlate.uplugin" 457
"../../../Engine/Plugins/Experimental/HairStrandsMutable/HairStrandsMutable.uplugin" 458
"../../../Engine/Plugins/Experimental/HairCardGenerator/HairCardGenerator.uplugin" 459
"../../../Engine/Plugins/Experimental/InEditorDocumentation/InEditorDocumentation.uplugin" 460
"../../../Engine/Plugins/Experimental/HairModelingToolset/HairModelingToolset.uplugin" 461
"../../../Engine/Plugins/Experimental/InlineMaterialInstance/InlineMaterialInstance.uplugin" 462
"../../../Engine/Plugins/Experimental/GlobalConfigurationData/GlobalConfigurationData.uplugin" 463
"../../../Engine/Plugins/Experimental/HttpInsights/HttpInsights.uplugin" 464
"../../../Engine/Plugins/Experimental/InteractionInterface/InteractionInterface.uplugin" 465
"../../../Engine/Plugins/Experimental/InstanceDataObjectFixupTool/InstanceDataObjectFixupTool.uplugin" 466
"../../../Engine/Plugins/Experimental/GeometryDataflow/GeometryDataflow.uplugin" 467
"../../../Engine/Plugins/Experimental/LevelSequenceNavigatorBridge/LevelSequenceNavigatorBridge.uplugin" 468
"../../../Engine/Plugins/Experimental/DrawDebugLibrary/DrawDebugLibrary.uplugin" 469
"../../../Engine/Plugins/Experimental/JWT/JWT.uplugin" 470
"../../../Engine/Plugins/Experimental/LiveLinkControlRig/LiveLinkControlRig.uplugin" 471
"../../../Engine/Plugins/Experimental/Iris/Iris.uplugin" 472
"../../../Engine/Plugins/Experimental/LiveLinkOpenVR/LiveLinkOpenVR.uplugin" 473
"../../../Engine/Plugins/Experimental/GeometryCacheAbcFile/GeometryCacheAbcFile.uplugin" 474
"../../../Engine/Plugins/Experimental/LearningCore/LearningCore.uplugin" 475
"../../../Engine/Plugins/Experimental/LocalizableMessage/LocalizableMessage.uplugin" 476
"../../../Engine/Plugins/Experimental/Landmass/Landmass.uplugin" 477
"../../../Engine/Plugins/Experimental/MediaStream/MediaStream.uplugin" 478
"../../../Engine/Plugins/Experimental/LowLevelNetTrace/LowLevelNetTrace.uplugin" 479
"../../../Engine/Plugins/Experimental/MeshPartition/MeshPartition.uplugin" 480
"../../../Engine/Plugins/Experimental/MeshModelingToolsetExp/MeshModelingToolsetExp.uplugin" 481
"../../../Engine/Plugins/Experimental/MeshPartitionWater/MeshPartitionWater.uplugin" 482
"../../../Engine/Plugins/Experimental/GPULightmass/GPULightmass.uplugin" 483
"../../../Engine/Plugins/Experimental/LearningAgents/LearningAgents.uplugin" 484
"../../../Engine/Plugins/Experimental/MeshTerrainMode/MeshTerrainMode.uplugin" 485
"../../../Engine/Plugins/Experimental/MeshResizing/MeshResizing.uplugin" 486
"../../../Engine/Plugins/Experimental/MessageBusTester/MessageBusTester.uplugin" 487
"../../../Engine/Plugins/Experimental/MetasoundExperimental/MetasoundExperimental.uplugin" 488
"../../../Engine/Plugins/Experimental/ModelContextProtocol/ModelContextProtocol.uplugin" 489
"../../../Engine/Plugins/Experimental/Mover/Mover.uplugin" 490
"../../../Engine/Plugins/Experimental/MLflow/MLflow.uplugin" 491
"../../../Engine/Plugins/Experimental/MotorSimOutputMotoSynth/MotorSimOutputMotoSynth.uplugin" 492
"../../../Engine/Plugins/Experimental/MoverExamples/MoverExamples.uplugin" 493
"../../../Engine/Plugins/Experimental/MotoSynth/MotoSynth.uplugin" 494
"../../../Engine/Plugins/Experimental/LiveLinkFaceImporter/LiveLinkFaceImporter.uplugin" 495
"../../../Engine/Plugins/Experimental/MoverIntegrations/MoverIntegrations.uplugin" 496
"../../../Engine/Plugins/Experimental/MoverAnimNext/MoverAnimNext.uplugin" 497
"../../../Engine/Plugins/Experimental/MoverTests/MoverTests.uplugin" 498
"../../../Engine/Plugins/Experimental/NaniteAssemblyEditorUtils/NaniteAssemblyEditorUtils.uplugin" 499
"../../../Engine/Plugins/Experimental/MovieScenePoseSearchTracks/MovieScenePoseSearchTracks.uplugin" 500
"../../../Engine/Plugins/Experimental/MutableDataflow/MutableDataflow.uplugin" 501
"../../../Engine/Plugins/Experimental/MovieSceneAnimMixer/MovieSceneAnimMixer.uplugin" 502
"../../../Engine/Plugins/Experimental/MutablePopulation/MutablePopulation.uplugin" 503
"../../../Engine/Plugins/Experimental/MutableAssetUserData/MutableAssetUserData.uplugin" 504
"../../../Engine/Plugins/Experimental/NNERuntimeBasicCpu/NNERuntimeBasicCpu.uplugin" 505
"../../../Engine/Plugins/Experimental/NaniteDisplacedMesh/NaniteDisplacedMesh.uplugin" 506
"../../../Engine/Plugins/Experimental/NeuralRendering/NeuralRendering.uplugin" 507
"../../../Engine/Plugins/Experimental/NNERuntimeIREE/NNERuntimeIREE.uplugin" 508
"../../../Engine/Plugins/Experimental/NFORDenoise/NFORDenoise.uplugin" 509
"../../../Engine/Plugins/Experimental/NetworkServiceDiscovery/NetworkServiceDiscovery.uplugin" 510
"../../../Engine/Plugins/Experimental/NNERuntimeRDG/NNERuntimeRDG.uplugin" 511
"../../../Engine/Plugins/Experimental/NNERuntimeCoreML/NNERuntimeCoreML.uplugin" 512
"../../../Engine/Plugins/Experimental/OptiXDenoise/OptiXDenoise.uplugin" 513
"../../../Engine/Plugins/Experimental/PCGBiomeSample/PCGBiomeSample.uplugin" 514
"../../../Engine/Plugins/Experimental/PCGBiomeCore/PCGBiomeCore.uplugin" 515
"../../../Engine/Plugins/Experimental/PanoramicCapture/PanoramicCapture.uplugin" 516
"../../../Engine/Plugins/Experimental/OpenImageDenoise/OpenImageDenoise.uplugin" 517
"../../../Engine/Plugins/Experimental/PCGMeshPartitionInterop/PCGMeshPartitionInterop.uplugin" 518
"../../../Engine/Plugins/Experimental/MutableExtensionExample/MutableExtensionExample.uplugin" 519
"../../../Engine/Plugins/Experimental/PCGPrimitives/PCGPrimitives.uplugin" 520
"../../../Engine/Plugins/Experimental/PCGPrimitives_MeshPartitionInterop/PCGPrimitives_MeshPartitionInterop.uplugin" 521
"../../../Engine/Plugins/Experimental/PixelStreamingPlayer/PixelStreamingPlayer.uplugin" 522
"../../../Engine/Plugins/Experimental/MutableClothing/MutableClothing.uplugin" 523
"../../../Engine/Plugins/Experimental/PlainProps/PlainProps.uplugin" 524
"../../../Engine/Plugins/Experimental/PlainPropsUObject/PlainPropsUObject.uplugin" 525
"../../../Engine/Plugins/Experimental/PlanarCutPlugin/PlanarCut.uplugin" 526
"../../../Engine/Plugins/Experimental/MovieSceneMixedControlRig/MovieSceneMixedControlRig.uplugin" 527
"../../../Engine/Plugins/Experimental/PlainPropsEngine/PlainPropsEngine.uplugin" 528
"../../../Engine/Plugins/Experimental/PluginAudit/PluginAudit.uplugin" 529
"../../../Engine/Plugins/Experimental/PlatformCrypto/PlatformCrypto.uplugin" 530
"../../../Engine/Plugins/Experimental/PlayerInputDebugger/PlayerInputDebugger.uplugin" 531
"../../../Engine/Plugins/Experimental/PluginTemplateTool/PluginTemplateTool.uplugin" 532
"../../../Engine/Plugins/Experimental/PythonMLPackages/PythonMLPackages.uplugin" 533
"../../../Engine/Plugins/Experimental/PlatformDLC/PlatformDLC.uplugin" 534
"../../../Engine/Plugins/Experimental/PSDImporterMaterialDesignerBridge/PSDImporterMaterialDesignerBridge.uplugin" 535
"../../../Engine/Plugins/Experimental/PSDImporter/PSDImporter.uplugin" 536
"../../../Engine/Plugins/Experimental/ProceduralVegetationEditor/ProceduralVegetationEditor.uplugin" 537
"../../../Engine/Plugins/Experimental/QuicMessaging/QuicMessaging.uplugin" 538
"../../../Engine/Plugins/Experimental/RazerChromaDevices/RazerChromaDevices.uplugin" 539
"../../../Engine/Plugins/Experimental/RemoteControlActorModifierBridge/RemoteControlActorModifierBridge.uplugin" 540
"../../../Engine/Plugins/Experimental/PluginReferenceViewer/PluginReferenceViewer.uplugin" 541
"../../../Engine/Plugins/Experimental/RawInput/RawInput.uplugin" 542
"../../../Engine/Plugins/Experimental/PythonFoundationPackages/PythonFoundationPackages.uplugin" 543
"../../../Engine/Plugins/Experimental/RemoteSession/RemoteSession.uplugin" 544
"../../../Engine/Plugins/Experimental/RemoteControlComponents/RemoteControlComponents.uplugin" 545
"../../../Engine/Plugins/Experimental/SemanticSearch/SemanticSearch.uplugin" 546
"../../../Engine/Plugins/Experimental/PythonScriptPlugin/PythonScriptPlugin.uplugin" 547
"../../../Engine/Plugins/Experimental/RuntimeTelemetry/RuntimeTelemetry.uplugin" 548
"../../../Engine/Plugins/Experimental/SerializationUtils/SerializationUtils.uplugin" 549
"../../../Engine/Plugins/Experimental/ScreenReader/ScreenReader.uplugin" 550
"../../../Engine/Plugins/Experimental/PostProcessMaterialChainGraph/PostProcessMaterialChainGraph.uplugin" 551
"../../../Engine/Plugins/Experimental/SecuritySandbox/SecuritySandbox.uplugin" 552
"../../../Engine/Plugins/Experimental/SlateScreenReader/SlateScreenReader.uplugin" 553
"../../../Engine/Plugins/Experimental/SimpleHMD/SimpleHMD.uplugin" 554
"../../../Engine/Plugins/Experimental/Shotgrid/Shotgrid.uplugin" 555
"../../../Engine/Plugins/Experimental/RenderGrid/RenderGrid.uplugin" 556
"../../../Engine/Plugins/Experimental/SlateIM/SlateIM.uplugin" 557
"../../../Engine/Plugins/Experimental/SlateModelViewViewModel/SlateModelViewViewModel.uplugin" 558
"../../../Engine/Plugins/Experimental/RigLogicUAF/RigLogicUAF.uplugin" 559
"../../../Engine/Plugins/Experimental/StateGraph/StateGraph.uplugin" 560
"../../../Engine/Plugins/Experimental/SkeletalReduction/SkeletalReduction.uplugin" 561
"../../../Engine/Plugins/Experimental/SpatialReadiness/SpatialReadiness.uplugin" 562
"../../../Engine/Plugins/Experimental/StructUtils/StructUtils.uplugin" 563
"../../../Engine/Plugins/Experimental/Subsonic/Subsonic.uplugin" 564
"../../../Engine/Plugins/Experimental/SequenceNavigator/SequenceNavigator.uplugin" 565
"../../../Engine/Plugins/Experimental/TargetDeviceServicesScripting/TargetDeviceServicesScripting.uplugin" 566
"../../../Engine/Plugins/Experimental/TetMeshing/TetMeshing.uplugin" 567
"../../../Engine/Plugins/Experimental/Terminal/Terminal.uplugin" 568
"../../../Engine/Plugins/Experimental/SurfaceEffects/SurfaceEffects.uplugin" 569
"../../../Engine/Plugins/Experimental/ToolPresets/ToolPresets.uplugin" 570
"../../../Engine/Plugins/Experimental/Tensorboard/Tensorboard.uplugin" 571
"../../../Engine/Plugins/Experimental/TextToSpeech/TextToSpeech.uplugin" 572
"../../../Engine/Plugins/Experimental/SubmitToolEditor/SubmitToolEditor.uplugin" 573
"../../../Engine/Plugins/Experimental/UIFramework/UIFramework.uplugin" 574
"../../../Engine/Plugins/Experimental/ToolsetRegistry/ToolsetRegistry.uplugin" 575
"../../../Engine/Plugins/Experimental/UserToolBoxBasicCommand/UserToolBoxBasicCommand.uplugin" 576
"../../../Engine/Plugins/Experimental/UserToolBoxCore/UserToolBoxCore.uplugin" 577
"../../../Engine/Plugins/Experimental/USDPregen/USDPregen.uplugin" 578
"../../../Engine/Plugins/Experimental/VEUV/VEUV.uplugin" 579
"../../../Engine/Plugins/Experimental/VirtualHeightfieldMesh/VirtualHeightfieldMesh.uplugin" 580
"../../../Engine/Plugins/Experimental/TechAudioTools/TechAudioTools.uplugin" 581
"../../../Engine/Plugins/Experimental/VirtualProductionUtilities/VirtualProductionUtilities.uplugin" 582
"../../../Engine/Plugins/Experimental/WaterAdvanced/WaterAdvanced.uplugin" 583
"../../../Engine/Plugins/Experimental/WebSocketMessaging/WebSocketMessaging.uplugin" 584
"../../../Engine/Plugins/Experimental/XRCreativeFramework/XRCreativeFramework.uplugin" 585
"../../../Engine/Plugins/Experimental/WebSocketNetworking/WebSocketNetworking.uplugin" 586
"../../../Engine/Plugins/Experimental/WaveFunctionCollapse/WaveFunctionCollapse.uplugin" 587
"../../../Engine/Plugins/Messaging/MessagingInsights/MessagingInsights.uplugin" 588
"../../../Engine/Plugins/Experimental/WaterExtras/WaterExtras.uplugin" 589
"../../../Engine/Plugins/Messaging/MessagingDebugger/MessagingDebugger.uplugin" 590
"../../../Engine/Plugins/Experimental/Volumetrics/Volumetrics.uplugin" 591
"../../../Engine/Plugins/Experimental/WidgetEditorToolPalette/WidgetEditorToolPalette.uplugin" 592
"../../../Engine/Plugins/Messaging/UdpMessaging/UdpMessaging.uplugin" 593
"../../../Engine/Plugins/Performance/AutomatedPerfTesting/AutomatedPerfTesting.uplugin" 594
"../../../Engine/Plugins/Runtime/ADM/ADM.uplugin" 595
"../../../Engine/Plugins/Experimental/Water/Water.uplugin" 596
"../../../Engine/Plugins/Messaging/TcpMessaging/TcpMessaging.uplugin" 597
"../../../Engine/Plugins/Runtime/ActorLayerUtilities/ActorLayerUtilities.uplugin" 598
"../../../Engine/Plugins/Runtime/AndroidFileServer/AndroidFileServer.uplugin" 599
"../../../Engine/Plugins/Performance/PerformanceMonitor/PerformanceMonitor.uplugin" 600
"../../../Engine/Plugins/Runtime/AndroidMoviePlayer/AndroidMoviePlayer.uplugin" 601
"../../../Engine/Plugins/Runtime/AndroidBackgroundService/AndroidBackgroundService.uplugin" 602
"../../../Engine/Plugins/Runtime/AndroidPermission/AndroidPermission.uplugin" 603
"../../../Engine/Plugins/Runtime/AppleImageUtils/AppleImageUtils.uplugin" 604
"../../../Engine/Plugins/Runtime/ApexDestruction/ApexDestruction.uplugin" 605
"../../../Engine/Plugins/Runtime/ArchVisCharacter/ArchVisCharacter.uplugin" 606
"../../../Engine/Plugins/Performance/AutomatedPerfTestTools/AutomatedPerfTestTools.uplugin" 607
"../../../Engine/Plugins/Runtime/AppleMoviePlayer/AppleMoviePlayer.uplugin" 608
"../../../Engine/Plugins/Runtime/AudioMotorSim/AudioMotorSim.uplugin" 609
"../../../Engine/Plugins/Runtime/AssetTags/AssetTags.uplugin" 610
"../../../Engine/Plugins/Runtime/AudioModulation/AudioModulation.uplugin" 611
"../../../Engine/Plugins/Runtime/CelestialVault/CelestialVault.uplugin" 612
"../../../Engine/Plugins/Runtime/AudioCapture/AudioCapture.uplugin" 613
"../../../Engine/Plugins/Runtime/ChunkDownloader/ChunkDownloader.uplugin" 614
"../../../Engine/Plugins/Runtime/ComputeFramework/ComputeFramework.uplugin" 615
"../../../Engine/Plugins/Runtime/CommonUI/CommonUI.uplugin" 616
"../../../Engine/Plugins/Runtime/CustomMeshComponent/CustomMeshComponent.uplugin" 617
"../../../Engine/Plugins/Runtime/AudioWidgets/AudioWidgets.uplugin" 618
"../../../Engine/Plugins/Runtime/CableComponent/CableComponent.uplugin" 619
"../../../Engine/Plugins/Runtime/AudioSynesthesia/AudioSynesthesia.uplugin" 620
"../../../Engine/Plugins/Runtime/ExampleDeviceProfileSelector/ExampleDeviceProfileSelector.uplugin" 621
"../../../Engine/Plugins/Runtime/DataRegistry/DataRegistry.uplugin" 622
"../../../Engine/Plugins/Runtime/GameFeatures/GameFeatures.uplugin" 623
"../../../Engine/Plugins/Runtime/Firebase/Firebase.uplugin" 624
"../../../Engine/Plugins/Runtime/GameplayAbilities/GameplayAbilities.uplugin" 625
"../../../Engine/Plugins/Runtime/GameplayInteractions/GameplayInteractions.uplugin" 626
"../../../Engine/Plugins/Runtime/ExternalGPUStatistics/ExternalGPUStatistics.uplugin" 627
"../../../Engine/Plugins/Runtime/GameplayBehaviorSmartObjects/GameplayBehaviorSmartObjects.uplugin" 628
"../../../Engine/Plugins/Runtime/GeometryCache/GeometryCache.uplugin" 629
"../../../Engine/Plugins/Runtime/GameplayStateTree/GameplayStateTree.uplugin" 630
"../../../Engine/Plugins/Runtime/AndroidDeviceProfileSelector/AndroidDeviceProfileSelector.uplugin" 631
"../../../Engine/Plugins/Runtime/GeometryProcessing/GeometryProcessing.uplugin" 632
"../../../Engine/Plugins/Runtime/GooglePAD/GooglePAD.uplugin" 633
"../../../Engine/Plugins/Runtime/GeometryScripting/GeometryScripting.uplugin" 634
"../../../Engine/Plugins/Runtime/GeoReferencing/GeoReferencing.uplugin" 635
"../../../Engine/Plugins/Runtime/Harmonix/Harmonix.uplugin" 636
"../../../Engine/Plugins/Runtime/HDRIBackdrop/HDRIBackdrop.uplugin" 637
"../../../Engine/Plugins/Runtime/HairStrands/HairStrands.uplugin" 638
"../../../Engine/Plugins/Runtime/IOSDeviceProfileSelector/IOSDeviceProfileSelector.uplugin" 639
"../../../Engine/Plugins/Runtime/GoogleCloudMessaging/GoogleCloudMessaging.uplugin" 640
"../../../Engine/Plugins/Runtime/GameInput/GameInput.uplugin" 641
"../../../Engine/Plugins/Runtime/InputDebugging/InputDebugging.uplugin" 642
"../../../Engine/Plugins/Runtime/HPMotionController/HPMotionController.uplugin" 643
"../../../Engine/Plugins/Runtime/HTTPChunkInstaller/HTTPChunkInstaller.uplugin" 644
"../../../Engine/Plugins/Runtime/InstancedActors/InstancedActors.uplugin" 645
"../../../Engine/Plugins/Runtime/LevelStreamingPersistence/LevelStreamingPersistence.uplugin" 646
"../../../Engine/Plugins/Runtime/LiveLinkOvernDisplay/LiveLinkOverNDisplay.uplugin" 647
"../../../Engine/Plugins/Runtime/LocationServicesAndroidImpl/LocationServicesAndroidImpl.uplugin" 648
"../../../Engine/Plugins/Runtime/IOSReplayKit/IOSReplayKit.uplugin" 649
"../../../Engine/Plugins/Experimental/Workspace/Workspace.uplugin" 650
"../../../Engine/Plugins/Runtime/LocationServicesIOSImpl/LocationServicesIOSImpl.uplugin" 651
"../../../Engine/Plugins/Runtime/LinuxDeviceProfileSelector/LinuxDeviceProfileSelector.uplugin" 652
"../../../Engine/Plugins/Runtime/AnimationBudgetAllocator/AnimationBudgetAllocator.uplugin" 653
"../../../Engine/Plugins/Runtime/MassGameplay/MassGameplay.uplugin" 654
"../../../Engine/Plugins/Runtime/MIDIDevice/MIDIDevice.uplugin" 655
"../../../Engine/Plugins/Runtime/Metasound/Metasound.uplugin" 656
"../../../Engine/Plugins/Runtime/MeshModelingToolset/MeshModelingToolset.uplugin" 657
"../../../Engine/Plugins/Runtime/ModelViewViewModel/ModelViewViewModel.uplugin" 658
"../../../Engine/Plugins/Runtime/MicrosoftSpatialAudio/MicroSoftSpatialSound.uplugin" 659
"../../../Engine/Plugins/Runtime/ModularGameplay/ModularGameplay.uplugin" 660
"../../../Engine/Plugins/Runtime/ModularViewports/ModularViewports.uplugin" 661
"../../../Engine/Plugins/Runtime/MixedRealityCaptureFramework/MixedRealityCaptureFramework.uplugin" 662
"../../../Engine/Plugins/Runtime/LocationServicesBPLibrary/LocationServicesBPLibrary.uplugin" 663
"../../../Engine/Plugins/Runtime/MobilePatchingUtils/MobilePatchingUtils.uplugin" 664
"../../../Engine/Plugins/Runtime/nDisplay/nDisplay.uplugin" 665
"../../../Engine/Plugins/Runtime/MsQuic/MsQuic.uplugin" 666
"../../../Engine/Plugins/Runtime/MultiServerReplication/MultiServerReplication.uplugin" 667
"../../../Engine/Plugins/Runtime/NetworkPrediction/NetworkPrediction.uplugin" 668
"../../../Engine/Plugins/Runtime/NetworkPredictionExtras/NetworkPredictionExtras.uplugin" 669
"../../../Engine/Plugins/Runtime/NavCorridor/NavCorridor.uplugin" 670
"../../../Engine/Plugins/Runtime/OpenXR/OpenXR.uplugin" 671
"../../../Engine/Plugins/Runtime/OpenXREyeTracker/OpenXREyeTracker.uplugin" 672
"../../../Engine/Plugins/Runtime/NetworkPredictionInsights/NetworkPredictionInsights.uplugin" 673
"../../../Engine/Plugins/Runtime/OpenCV/OpenCV.uplugin" 674
"../../../Engine/Plugins/Runtime/OpenXRViveTracker/OpenXRViveTracker.uplugin" 675
"../../../Engine/Plugins/Runtime/OSC/OSC.uplugin" 676
"../../../Engine/Plugins/Runtime/OptionalMobileFeaturesBPLibrary/OptionalMobileFeaturesBPLibrary.uplugin" 677
"../../../Engine/Plugins/Runtime/OpenXRHandTracking/OpenXRHandTracking.uplugin" 678
"../../../Engine/Plugins/Runtime/MusicEnvironment/MusicEnvironment.uplugin" 679
"../../../Engine/Plugins/Runtime/ProceduralMeshComponent/ProceduralMeshComponent.uplugin" 680
"../../../Engine/Plugins/Runtime/PropertyBindingUtils/PropertyBindingUtils.uplugin" 681
"../../../Engine/Plugins/Runtime/RenderTrace/RenderTrace.uplugin" 682
"../../../Engine/Plugins/Runtime/PreLoadScreenMoviePlayer/PreLoadScreenMoviePlayer.uplugin" 683
"../../../Engine/Plugins/Runtime/ResonanceAudio/ResonanceAudio.uplugin" 684
"../../../Engine/Plugins/Runtime/PICOController/PICOController.uplugin" 685
"../../../Engine/Plugins/Runtime/PropertyAccess/PropertyAccessEditor.uplugin" 686
"../../../Engine/Plugins/Runtime/OpenXRMsftHandInteraction/OpenXRMsftHandInteraction.uplugin" 687
"../../../Engine/Plugins/Runtime/ScriptableToolsFramework/ScriptableToolsFramework.uplugin" 688
"../../../Engine/Plugins/Runtime/RigVM/RigVM.uplugin" 689
"../../../Engine/Plugins/Runtime/SmartObjects/SmartObjects.uplugin" 690
"../../../Engine/Plugins/Runtime/nDisplayModularFeatures/nDisplayModularFeatures.uplugin" 691
"../../../Engine/Plugins/Runtime/SoundCueTemplates/SoundCueTemplates.uplugin" 692
"../../../Engine/Plugins/Runtime/SoundMod/SoundMod.uplugin" 693
"../../../Engine/Plugins/Runtime/SkeletalMerging/SkeletalMerging.uplugin" 694
"../../../Engine/Plugins/Runtime/StateTree/StateTree.uplugin" 695
"../../../Engine/Plugins/Runtime/Spatialization/Spatialization.uplugin" 696
"../../../Engine/Plugins/Runtime/Soundscape/Soundscape.uplugin" 697
"../../../Engine/Plugins/Runtime/SignificanceManager/SignificanceManager.uplugin" 698
"../../../Engine/Plugins/Runtime/SoundUtilities/SoundUtilities.uplugin" 699
"../../../Engine/Plugins/Runtime/ReplicationGraph/ReplicationGraph.uplugin" 700
"../../../Engine/Plugins/Runtime/SoundFields/SoundFields.uplugin" 701
"../../../Engine/Plugins/Runtime/SunPosition/SunPosition.uplugin" 702
"../../../Engine/Plugins/Runtime/WaveTable/WaveTable.uplugin" 703
"../../../Engine/Plugins/Runtime/WebBrowserWidget/WebBrowserWidget.uplugin" 704
"../../../Engine/Plugins/Runtime/WarpUtils/WarpUtils.uplugin" 705
"../../../Engine/Plugins/Runtime/Synthesis/Synthesis.uplugin" 706
"../../../Engine/Plugins/Runtime/USDCore/USDCore.uplugin" 707
"../../../Engine/Plugins/Runtime/WebMMoviePlayer/WebMMoviePlayer.uplugin" 708
"../../../Engine/Plugins/Runtime/WebBrowserNativeProxy/WebBrowserNativeProxy.uplugin" 709
"../../../Engine/Plugins/Runtime/WindowsMoviePlayer/WindowsMoviePlayer.uplugin" 710
"../../../Engine/Plugins/Runtime/WindowsDeviceProfileSelector/WindowsDeviceProfileSelector.uplugin" 711
"../../../Engine/Plugins/Runtime/ZoneGraph/ZoneGraph.uplugin" 712
"../../../Engine/Plugins/Runtime/WorldConditions/WorldConditions.uplugin" 713
"../../../Engine/Plugins/Runtime/ZoneGraphAnnotations/ZoneGraphAnnotations.uplugin" 714
"../../../Engine/Plugins/Runtime/XRBase/XRBase.uplugin" 715
"../../../Engine/Plugins/Runtime/ReplicationSystemTestPlugin/ReplicationSystemTestPlugin.uplugin" 716
"../../../Engine/Plugins/Experimental/Animation/AnimationLayering/AnimationLayering.uplugin" 717
"../../../Engine/Plugins/Experimental/Animation/AnimDatabase/AnimDatabase.uplugin" 718
"../../../Engine/Plugins/Experimental/Animation/ContextualAnimation/ContextualAnimation.uplugin" 719
"../../../Engine/Plugins/Experimental/Animation/AnimGen/AnimGen.uplugin" 720
"../../../Engine/Plugins/Experimental/Animation/CurveExpression/CurveExpression.uplugin" 721
"../../../Engine/Plugins/Experimental/Animation/HierarchyTableAnimation/HierarchyTableAnimation.uplugin" 722
"../../../Engine/Plugins/Experimental/Animation/DirectMeshControl/DirectMeshControl.uplugin" 723
"../../../Engine/Plugins/Experimental/Animation/Locomotor/Locomotor.uplugin" 724
"../../../Engine/Plugins/Experimental/Animation/MotionTrajectory/MotionTrajectory.uplugin" 725
"../../../Engine/Plugins/Experimental/Animation/RelativeIKOp/RelativeIKOp.uplugin" 726
"../../../Engine/Plugins/Experimental/Animation/HierarchyTable/HierarchyTable.uplugin" 727
"../../../Engine/Plugins/Experimental/Animation/RigMapperOp/RigMapperOp.uplugin" 728
"../../../Engine/Plugins/Experimental/Animation/RigMapper/RigMapper.uplugin" 729
"../../../Engine/Plugins/Experimental/Animation/SkeletalMeshMorphTargetEditingTools/SkeletalMeshMorphTargetEditingTools.uplugin" 730
"../../../Engine/Plugins/Experimental/NNE/NNEModelTests/NNEModelTests.uplugin" 731
"../../../Engine/Plugins/Experimental/MetaHuman/MetaHumanCharacterUAF/MetaHumanCharacterUAF.uplugin" 732
"../../../Engine/Plugins/Experimental/Animation/TrajectoryTools/TrajectoryTools.uplugin" 733
"../../../Engine/Plugins/Experimental/Animation/Scribble/Scribble.uplugin" 734
"../../../Engine/Plugins/Experimental/MetaHuman/MetaHumanCalibrationDiagnostics/MetaHumanCalibrationDiagnostics.uplugin" 735
"../../../Engine/Plugins/Animation/MLDeformer/ChaosFleshGenerator/ChaosFleshGenerator.uplugin" 736
"../../../Engine/Plugins/Animation/MLDeformer/MLDeformerFramework/MLDeformerFramework.uplugin" 737
"../../../Engine/Plugins/Animation/MLDeformer/NearestNeighborModel/NearestNeighborModel.uplugin" 738
"../../../Engine/Plugins/Animation/MLDeformer/NeuralMorphModel/NeuralMorphModel.uplugin" 739
"../../../Engine/Plugins/Animation/MLDeformer/VertexDeltaModel/VertexDeltaModel.uplugin" 740
"../../../Engine/Plugins/Experimental/Web/WebAPI/WebAPI.uplugin" 741
"../../../Engine/Plugins/VirtualProduction/DMX/DMXGDTF/DMXGDTF.uplugin" 742
"../../../Engine/Plugins/VirtualProduction/DMX/DatasmithMVR/DatasmithMVR.uplugin" 743
"../../../Engine/Plugins/VirtualProduction/DMX/DMXControlConsole/DMXControlConsole.uplugin" 744
"../../../Engine/Plugins/Animation/MLDeformer/ChaosClothGenerator/ChaosClothGenerator.uplugin" 745
"../../../Engine/Plugins/VirtualProduction/DMX/DMXFixtures/DMXFixtures.uplugin" 746
"../../../Engine/Plugins/VirtualProduction/DMX/DMXDisplayCluster/DMXDisplayCluster.uplugin" 747
"../../../Engine/Plugins/VirtualProduction/DMX/DMXModularFeatures/DMXModularFeatures.uplugin" 748
"../../../Engine/Plugins/VirtualProduction/DMX/DMXEngine/DMXEngine.uplugin" 749
"../../../Engine/Plugins/Online/VoiceChat/EOSVoiceChat/EOSVoiceChat.uplugin" 750
"../../../Engine/Plugins/Experimental/MetaHuman/MetaHumanRuntime/MetaHumanRuntime.uplugin" 751
"../../../Engine/Plugins/Experimental/Animation/Optimus/Optimus.uplugin" 752
"../../../Engine/Plugins/Animation/AudioDrivenAnimation/StreamingADA/StreamingADA.uplugin" 753
"../../../Engine/Plugins/Experimental/AVCodecs/LibVpxCodecs/LibVpxCodecs.uplugin" 754
"../../../Engine/Plugins/Experimental/AVCodecs/AVCodecsCore/AVCodecsCore.uplugin" 755
"../../../Engine/Plugins/Online/VoiceChat/VoiceChat/VoiceChat.uplugin" 756
"../../../Engine/Plugins/VirtualProduction/DMX/DMXPixelMapping/DMXPixelMapping.uplugin" 757
"../../../Engine/Plugins/VirtualProduction/DMX/DMXProtocol/DMXProtocol.uplugin" 758
"../../../Engine/Plugins/Experimental/AVCodecs/NVCodecs/NVCodecs.uplugin" 759
"../../../Engine/Plugins/Experimental/AVCodecs/VTCodecs/VTCodecs.uplugin" 760
"../../../Engine/Plugins/Experimental/PCGInterops/PCGFastGeoInterop/PCGFastGeoInterop.uplugin" 761
"../../../Engine/Plugins/Experimental/PCGInterops/PCGNaniteAssembliesInterop/PCGNaniteAssembliesInterop.uplugin" 762
"../../../Engine/Plugins/Experimental/PCGInterops/PCGInstancedActorsInterop/PCGInstancedActorsInterop.uplugin" 763
"../../../Engine/Plugins/Experimental/PCGInterops/PCGWaterInterop/PCGWaterInterop.uplugin" 764
"../../../Engine/Plugins/Experimental/PCGInterops/PCGNiagaraInterop/PCGNiagaraInterop.uplugin" 765
"../../../Engine/Plugins/Editor/ContentBrowser/ContentBrowserAliasDataSource/ContentBrowserAliasDataSource.uplugin" 766
"../../../Engine/Plugins/Experimental/AVCodecs/AMFCodecs/AMFCodecs.uplugin" 767
"../../../Engine/Plugins/Editor/ContentBrowser/ContentBrowserAssetDataSource/ContentBrowserAssetDataSource.uplugin" 768
"../../../Engine/Plugins/Editor/ContentBrowser/ContentBrowserClassDataSource/ContentBrowserClassDataSource.uplugin" 769
"../../../Engine/Plugins/Experimental/AVCodecs/WMFCodecs/WMFCodecs.uplugin" 770
"../../../Engine/Plugins/Editor/Localization/PortableObjectFileDataSource/PortableObjectFileDataSource.uplugin" 771
"../../../Engine/Plugins/Developer/Concert/ConcertMain/ConcertMain.uplugin" 772
"../../../Engine/Plugins/Editor/ContentBrowser/ContentBrowserFileDataSource/ContentBrowserFileDataSource.uplugin" 773
"../../../Engine/Plugins/Runtime/Analytics/FileLogging/FileLogging.uplugin" 774
"../../../Engine/Plugins/Runtime/Analytics/AnalyticsMulticast/AnalyticsMulticast.uplugin" 775
"../../../Engine/Plugins/Editor/ObjectMixer/ObjectMixer/ObjectMixer.uplugin" 776
"../../../Engine/Plugins/Experimental/VirtualProduction/VPRoles/VPRoles.uplugin" 777
"../../../Engine/Plugins/Runtime/Analytics/Adjust/Adjust.uplugin" 778
"../../../Engine/Plugins/Runtime/Windows/MSGameOSSSelector/MSGameOSSSelector.uplugin" 779
"../../../Engine/Plugins/Experimental/VirtualProduction/VPSettings/VPSettings.uplugin" 780
"../../../Engine/Plugins/Runtime/Windows/MSGamingRuntime/MSGamingRuntime.uplugin" 781
"../../../Engine/Plugins/Experimental/CharacterFXEditor/BaseCharacterFXEditor/BaseCharacterFXEditor.uplugin" 782
"../../../Engine/Plugins/Editor/ObjectMixer/LightMixer/LightMixer.uplugin" 783
"../../../Engine/Plugins/Runtime/MeshReconstruction/DummyMeshReconstructor/DummyMeshReconstructor.uplugin" 784
"../../../Engine/Plugins/Runtime/Windows/XInputDevice/XInputDevice.uplugin" 785
"../../../Engine/Plugins/Runtime/Windows/MSGamingSupport/MSGamingSupport.uplugin" 786
"../../../Engine/Plugins/Runtime/Windows/MSGameStore/MSGameStore.uplugin" 787
"../../../Engine/Plugins/Experimental/VirtualProduction/LedWallCalibration/LedWallCalibration.uplugin" 788
"../../../Engine/Plugins/Runtime/Windows/WinDualShock/WinDualShock.uplugin" 789
"../../../Engine/Plugins/Experimental/CharacterFXEditor/ExampleCharacterFXEditor/ExampleCharacterFXEditor.uplugin" 790
"../../../Engine/Plugins/Runtime/PacketHandlers/DTLSHandlerComponent/DTLSHandlerComponent.uplugin" 791
"../../../Engine/Plugins/Online/Microsoft/PlayFabParty/PlayFabParty.uplugin" 792
"../../../Engine/Plugins/Runtime/Analytics/AnalyticsBlueprintLibrary/AnalyticsBlueprintLibrary.uplugin" 793
"../../../Engine/Plugins/Online/Microsoft/GDKNetDriver/GDKNetDriver.uplugin" 794
"../../../Engine/Plugins/Runtime/Windows/WinVirtualKeyboard/WinVirtualKeyboard.uplugin" 795
"../../../Engine/Plugins/Experimental/Toolsets/AIModuleToolset/AIModuleToolset.uplugin" 796
"../../../Engine/Plugins/Runtime/PacketHandlers/AESHandlerComponent/AESHandlerComponent.uplugin" 797
"../../../Engine/Plugins/Runtime/PacketHandlers/AESGCMHandlerComponent/AESGCMHandlerComponent.uplugin" 798
"../../../Engine/Plugins/Online/Microsoft/OnlineSubsystemGDK/OnlineSubsystemGDK.uplugin" 799
"../../../Engine/Plugins/Experimental/Toolsets/AllToolsets/AllToolsets.uplugin" 800
"../../../Engine/Plugins/Experimental/InterchangeAxF/Runtime/InterchangeAxF.uplugin" 801
"../../../Engine/Plugins/Experimental/InterchangeAxF/Assets/InterchangeAxfAssets.uplugin" 802
"../../../Engine/Plugins/Online/Microsoft/OnlineServicesXbl/OnlineServicesXbl.uplugin" 803
"../../../Engine/Plugins/Experimental/Toolsets/AnimationAssistantToolset/AnimationAssistantToolset.uplugin" 804
"../../../Engine/Plugins/Experimental/Toolsets/ConfigSettingsToolset/ConfigSettingsToolset.uplugin" 805
"../../../Engine/Plugins/Experimental/Toolsets/EditorToolset/EditorToolset.uplugin" 806
"../../../Engine/Plugins/Experimental/Toolsets/GASToolsets/GASToolsets.uplugin" 807
"../../../Engine/Plugins/Experimental/Toolsets/GameFeaturesToolset/GameFeaturesToolset.uplugin" 808
"../../../Engine/Plugins/Experimental/Toolsets/MetaHumanGenerator/MetaHumanGenerator.uplugin" 809
"../../../Engine/Plugins/Experimental/Toolsets/ChaosClothAssetToolset/ChaosClothAssetToolset.uplugin" 810
"../../../Engine/Plugins/Experimental/Toolsets/DataRegistryToolset/DataRegistryToolset.uplugin" 811
"../../../Engine/Plugins/Experimental/Toolsets/GameplayTagsToolset/GameplayTagsToolset.uplugin" 812
"../../../Engine/Plugins/Experimental/Toolsets/DataflowAgent/DataflowAgent.uplugin" 813
"../../../Engine/Plugins/Experimental/Toolsets/ConversationToolset/ConversationToolset.uplugin" 814
"../../../Engine/Plugins/Experimental/Toolsets/AutomationTestToolset/AutomationTestToolset.uplugin" 815
"../../../Engine/Plugins/Experimental/Toolsets/LiveCodingToolset/LiveCodingToolset.uplugin" 816
"../../../Engine/Plugins/Experimental/Toolsets/MCPClientToolset/MCPClientToolset.uplugin" 817
"../../../Engine/Plugins/Experimental/Toolsets/SemanticSearchToolset/SemanticSearchToolset.uplugin" 818
"../../../Engine/Plugins/Experimental/Toolsets/PCGToolset/PCGToolset.uplugin" 819
"../../../Engine/Plugins/Experimental/Toolsets/WorldConditionsToolset/WorldConditionsToolset.uplugin" 820
"../../../Engine/Plugins/Experimental/Toolsets/UMGToolSet/UMGToolSet.uplugin" 821
"../../../Engine/Plugins/Experimental/Toolsets/PhysicsToolsets/PhysicsToolsets.uplugin" 822
"../../../Engine/Plugins/Experimental/Toolsets/MVVMToolset/MVVMToolset.uplugin" 823
"../../../Engine/Plugins/Runtime/Advertising/IOSTapJoy/IOSTapJoy.uplugin" 824
"../../../Engine/Plugins/Experimental/Toolsets/NiagaraToolsets/NiagaraToolsets.uplugin" 825
"../../../Engine/Plugins/Experimental/Toolsets/PluginToolset/PluginToolset.uplugin" 826
"../../../Engine/Plugins/Experimental/Toolsets/SequencerAnimMixerToolset/SequencerAnimMixerToolset.uplugin" 827
"../../../Engine/Plugins/VirtualProduction/Rivermax/RivermaxCore/RivermaxCore.uplugin" 828
"../../../Engine/Plugins/VirtualProduction/Rivermax/RivermaxSync/RivermaxSync.uplugin" 829
"../../../Engine/Plugins/Experimental/Toolsets/StateTreeToolset/StateTreeToolset.uplugin" 830
"../../../Engine/Plugins/Experimental/Toolsets/SlateInspectorToolset/SlateInspectorToolset.uplugin" 831
"../../../Engine/Plugins/Interchange/Extensions/OpenUSD/InterchangeOpenUSD.uplugin" 832
"../../../Engine/Plugins/Interchange/Extensions/OpenUSDChaosClothAsset/InterchangeOpenUSDChaosClothAsset.uplugin" 833
"../../../Engine/Plugins/VirtualProduction/Rivermax/RivermaxMedia/RivermaxMedia.uplugin" 834
"../../../Engine/Plugins/Interchange/Extensions/ChaosClothAsset/InterchangeChaosClothAsset.uplugin" 835
"../../../Engine/Plugins/Runtime/Microsoft/GDKVirtualKeyboard/GDKVirtualKeyboard.uplugin" 836
"../../../Engine/Plugins/Runtime/XR/XRScribe/XRScribe.uplugin" 837
"../../../Engine/Plugins/Online/IOS/OnlineSubsystemIOS/OnlineSubsystemIOS.uplugin" 838
"../../../Engine/Plugins/Runtime/Microsoft/GDKPackageChunkInstall/GDKPackageChunkInstall.uplugin" 839
"../../../Engine/Plugins/Experimental/Microsoft/GDKPlatformDLC/GDKPlatformDLC.uplugin" 840
"../../../Engine/Plugins/Runtime/XR/XRVisualization/XRVisualization.uplugin" 841
"../../../Engine/Plugins/Experimental/UAF/UAFAnimNode/UAFAnimNode.uplugin" 842
"../../../Engine/Plugins/Experimental/UAF/UAFChooser/UAFChooser.uplugin" 843
"../../../Engine/Plugins/Experimental/UAF/UAFControlRig/UAFControlRig.uplugin" 844
"../../../Engine/Plugins/Experimental/UAF/UAFAnimGraph/UAFAnimGraph.uplugin" 845
"../../../Engine/Plugins/Experimental/UAF/UAFMass/UAFMass.uplugin" 846
"../../../Engine/Plugins/Experimental/UAF/UAFStateTree/UAFStateTree.uplugin" 847
"../../../Engine/Plugins/Experimental/UAF/UAFPoseSearch/UAFPoseSearch.uplugin" 848
"../../../Engine/Plugins/Experimental/UAF/UAFMirroring/UAFMirroring.uplugin" 849
"../../../Engine/Plugins/Experimental/UAF/UAFLayering/UAFLayering.uplugin" 850
"../../../Engine/Plugins/Experimental/UAF/UAF/UAF.uplugin" 851
"../../../Engine/Plugins/Experimental/UAF/UAFSharedAssets/UAFSharedAssets.uplugin" 852
"../../../Engine/Plugins/Online/Android/OnlineSubsystemGooglePlay/OnlineSubsystemGooglePlay.uplugin" 853
"../../../Engine/Plugins/Runtime/Database/DatabaseSupport/DatabaseSupport.uplugin" 854
"../../../Engine/Plugins/Online/Android/AndroidFetchBackgroundDownload/AndroidFetchBackgroundDownload.uplugin" 855
"../../../Engine/Plugins/Experimental/Enterprise/DatasmithRuntime/DatasmithRuntime.uplugin" 856
"../../../Engine/Plugins/Experimental/UAF/UAFWarping/UAFWarping.uplugin" 857
"../../../Engine/Plugins/Experimental/Enterprise/DataprepGeometryOperations/DataprepGeometryOperations.uplugin" 858
"../../../Engine/Plugins/Runtime/Database/SQLiteCore/SQLiteCore.uplugin" 859
"../../../Engine/Plugins/Runtime/Database/RemoteDatabaseSupport/RemoteDatabaseSupport.uplugin" 860
"../../../Engine/Plugins/Experimental/UAF/UAFTestSuites/UAFTestSuites.uplugin" 861
"../../../Engine/Plugins/Experimental/Enterprise/DatasmithInterchange/DatasmithInterchange.uplugin" 862
"../../../Engine/Plugins/Runtime/Steam/SteamAudio/SteamAudio.uplugin" 863
"../../../Engine/Plugins/Runtime/Steam/SteamShared/SteamShared.uplugin" 864
"../../../Engine/Plugins/Runtime/Steam/SteamSockets/SteamSockets.uplugin" 865
"../../../Engine/Plugins/Runtime/Database/SQLiteSupport/SQLiteSupport.uplugin" 866
"../../../Engine/Plugins/Developer/Sandbox/FileSandbox/FileSandbox.uplugin" 867
"../../../Engine/Plugins/Developer/Sandbox/SandboxedEditing/SandboxedEditing.uplugin" 868
"../../../Engine/Plugins/VirtualProduction/CaptureManager/CaptureManagerApp/CaptureManagerApp.uplugin" 869
"../../../Engine/Plugins/Runtime/Steam/SteamController/SteamController.uplugin" 870
"../../../Engine/Plugins/VirtualProduction/CaptureManager/CaptureManagerDevices/CaptureManagerDevices.uplugin" 871
"../../../Engine/Plugins/VirtualProduction/CaptureManager/CaptureManagerCore/CaptureManagerCore.uplugin" 872
"../../../Engine/Plugins/Runtime/Nvidia/GeForceNOWWrapper/GeForceNOWWrapper.uplugin" 873
"../../../Engine/Plugins/VirtualProduction/CaptureManager/CaptureManagerEditor/CaptureManagerEditor.uplugin" 874
"../../../Engine/Plugins/Interchange/Extensions/OpenVDB/InterchangeOpenVDB.uplugin" 875
"../../../Engine/Plugins/Runtime/Nvidia/Reflex/Reflex.uplugin" 876
"../../../Engine/Plugins/Runtime/AR/ARUtilities/ARUtilities.uplugin" 877
"../../../Engine/Plugins/Developer/Concert/ConcertSync/ConcertSyncClient/ConcertSyncClient.uplugin" 878
"../../../Engine/Plugins/Developer/Concert/ConcertSync/ConcertSyncCore/ConcertSyncCore.uplugin" 879
"../../../Engine/Plugins/Developer/Concert/ConcertSync/ConcertSyncServer/ConcertSyncServer.uplugin" 880
"../../../Engine/Plugins/Developer/Concert/ConcertSync/ConcertSyncTest/ConcertSyncTest.uplugin" 881
"../../../Engine/Plugins/Developer/Concert/ConcertInsights/ConcertInsightsClient/ConcertInsightsClient.uplugin" 882
"../../../Engine/Plugins/Developer/Concert/ConcertScripting/ConcertReplicationScripting/ConcertReplicationScripting.uplugin" 883
"../../../Engine/Plugins/Runtime/AR/Google/GoogleARCore/GoogleARCore.uplugin" 884
"../../../Engine/Plugins/Runtime/AR/AppleAR/AppleARKitFaceSupport/AppleARKitFaceSupport.uplugin" 885
"../../../Engine/Plugins/Developer/Concert/ConcertInsights/ConcertInsightsServer/ConcertInsightsServer.uplugin" 886
"../../../Engine/Plugins/Runtime/AR/AppleAR/AppleARKit/AppleARKit.uplugin" 887
"../../../Engine/Plugins/Developer/Concert/ConcertApp/DisasterRecoveryClient/DisasterRecoveryClient.uplugin" 888
"../../../Engine/Plugins/Developer/Concert/ConcertInsights/ConcertInsightsCore/ConcertInsightsCore.uplugin" 889
"../../../Engine/Plugins/Developer/Concert/ConcertInsights/ConcertInsightsVisualizer/ConcertInsightsVisualizer.uplugin" 890
"../../../Engine/Plugins/Runtime/AR/Google/GoogleARCoreServices/GoogleARCoreServices.uplugin" 891
"../../../Engine/Plugins/Developer/Concert/ConcertApp/MultiUserClient/MultiUserClient.uplugin" 892
"../../../Engine/Plugins/Developer/Concert/ConcertUI/ConcertClientSharedSlate/ConcertClientSharedSlate.uplugin" 893
"../../../Engine/Plugins/Experimental/Animation/MLDeformer/DetailPoseModel/DetailPoseModel.uplugin" 894
"../../../Engine/Plugins/Developer/Concert/ConcertApp/MultiUserServer/MultiUserServer.uplugin" 895
"../../../Engine/Plugins/Developer/Concert/ConcertUI/ConcertSharedSlate/ConcertSharedSlate.uplugin" 896
"../../../Engine/Platforms/Android/Plugins/Animation/ACLPlugin/ACLPlugin_Android.uplugin" 897
"../../../Engine/Platforms/Android/Plugins/Animation/RigLogic/RigLogic_Android.uplugin" 898
"../../../Engine/Platforms/IOS/Plugins/Animation/RigLogic/RigLogic_IOS.uplugin" 899
"../../../Engine/Content/Internationalization/icudt64l/cnvalias.icu" 900
"../../../Engine/Content/Internationalization/icudt64l/res_index.res" 901
"../../../Engine/Content/Internationalization/icudt64l/plurals.res" 902
"../../../Engine/Content/Internationalization/icudt64l/lang/en.res" 903
"../../../Engine/Content/Internationalization/icudt64l/lang/pool.res" 904
"../../../Engine/Content/Internationalization/icudt64l/lang/root.res" 905
"../../../Engine/Content/Internationalization/icudt64l/region/en.res" 906
"../../../Engine/Content/Internationalization/icudt64l/region/pool.res" 907
"../../../Engine/Content/Internationalization/icudt64l/region/root.res" 908
"../../../Engine/Content/Internationalization/icudt64l/windowsZones.res" 909
"../../../Engine/Content/Internationalization/icudt64l/zoneinfo64.res" 910
"../../../Engine/Content/Internationalization/icudt64l/keyTypeData.res" 911
"../../../Engine/Content/Internationalization/icudt64l/timezoneTypes.res" 912
"../../../Engine/Content/Internationalization/icudt64l/likelySubtags.res" 913
"../../../Engine/Content/Internationalization/icudt64l/en_US.res" 914
"../../../Engine/Content/Internationalization/icudt64l/pool.res" 915
"../../../Engine/Content/Internationalization/icudt64l/en.res" 916
"../../../Engine/Content/Internationalization/icudt64l/root.res" 917
"../../../Engine/Content/Internationalization/icudt64l/supplementalData.res" 918
"../../../Engine/Config/ConfigRedirects.ini" 919
"C:/Users/Administrator/AppData/Local/UnrealEngine/5.8/Saved/Config/WindowsEditor/Manifest.ini" 920
"../../../Engine/Config/BaseEngine.ini" 921
"../../../Engine/Config/Windows/BaseWindowsEngine.ini" 922
"../../../../../../Game projects/Grand-City-Mobile-RP-UE5/Config/DefaultEngine.ini" 923
"../../../Engine/Config/BaseGame.ini" 924
"../../../Engine/Config/Windows/BaseWindowsGame.ini" 925
"../../../../../../Game projects/Grand-City-Mobile-RP-UE5/Config/DefaultGame.ini" 926
"../../../Engine/Config/Windows/WindowsGame.ini" 927
"C:/Game projects/Grand-City-Mobile-RP-UE5/Saved/Config/WindowsEditor/Game.ini" 928
"../../../Engine/Config/BaseInput.ini" 929
"../../../Engine/Config/Windows/BaseWindowsInput.ini" 930
"../../../../../../Game projects/Grand-City-Mobile-RP-UE5/Config/DefaultInput.ini" 931
"../../../Engine/Config/Windows/WindowsInput.ini" 932
"../../../Engine/Config/BaseDeviceProfiles.ini" 933
"../../../Engine/Config/BaseGameUserSettings.ini" 934
"C:/Game projects/Grand-City-Mobile-RP-UE5/Saved/Config/WindowsEditor/GameUserSettings.ini" 935
"../../../Engine/Config/BaseScalability.ini" 936
"../../../Engine/Config/BaseRuntimeOptions.ini" 937
"../../../Engine/Config/BaseInstallBundle.ini" 938
"../../../Engine/Config/BaseHardware.ini" 939
"../../../Engine/Config/BaseCompat.ini" 940
"../../../Engine/Config/BaseLightmass.ini" 941
"../../../Engine/Config/BaseEditor.ini" 942
"../../../../../../Game projects/Grand-City-Mobile-RP-UE5/Config/DefaultEditor.ini" 943
"C:/Game projects/Grand-City-Mobile-RP-UE5/Saved/Config/WindowsEditor/Editor.ini" 944
"../../../Engine/Config/BaseMaterialExpressions.ini" 945
"../../../Engine/Config/BaseEditorPerProjectUserSettings.ini" 946
"../../../Engine/Config/Windows/WindowsEditorPerProjectUserSettings.ini" 947
"C:/Game projects/Grand-City-Mobile-RP-UE5/Saved/Config/WindowsEditor/EditorPerProjectUserSettings.ini" 948
"../../../Engine/Config/BaseEditorSettings.ini" 949
"../../../Engine/Config/Windows/WindowsEditorSettings.ini" 950
"C:/Users/Administrator/AppData/Local/UnrealEngine/5.8/Saved/Config/WindowsEditor/EditorSettings.ini" 951
"../../../Engine/Config/BaseEditorKeyBindings.ini" 952
"C:/Users/Administrator/AppData/Local/UnrealEngine/5.8/Saved/Config/WindowsEditor/EditorLayout.ini" 953
"C:/Game Engine/UE/UE_5.8/Engine/Config/BaseEngine.ini" 954
"../../../Engine/Config/Android/BaseAndroidEngine.ini" 955
"../../../Engine/Config/Mac/BaseMacEngine.ini" 956
"../../../Engine/Config/IOS/BaseIOSEngine.ini" 957
"../../../Engine/Config/Android/AndroidEngine.ini" 958
"../../../Engine/Config/Unix/UnixEngine.ini" 959
"../../../Engine/Config/Linux/BaseLinuxEngine.ini" 960
"../../../Engine/Config/Linux/LinuxEngine.ini" 961
"../../../Engine/Config/Android/BaseAndroidGame.ini" 962
"../../../Engine/Config/TVOS/TVOSEngine.ini" 963
"C:/Game Engine/UE/UE_5.8/Engine/Config/Windows/BaseWindowsEngine.ini" 964
"../../../Engine/Config/IOS/BaseIOSGame.ini" 965
"../../../Engine/Config/Mac/MacGame.ini" 966
"../../../Engine/Config/IOS/IOSGame.ini" 967
"../../../Engine/Config/Mac/BaseMacInput.ini" 968
"../../../Engine/Config/IOS/BaseIOSInput.ini" 969
"../../../Engine/Config/Android/BaseAndroidInput.ini" 970
"../../../Engine/Config/Linux/LinuxGame.ini" 971
"../../../Engine/Config/Android/AndroidScalability.ini" 972
"../../../Engine/Config/IOS/IOSScalability.ini" 973
"../../../../../../Game projects/Grand-City-Mobile-RP-UE5/Intermediate/CachedAssetRegistry/CachedAssetRegistry_0.ref" 974
"../../../../../../Game projects/Grand-City-Mobile-RP-UE5/Intermediate/CachedAssetRegistryDiscovery.bin" 975
"../../../../../../Game projects/Grand-City-Mobile-RP-UE5/Intermediate/CachedAssetRegistry/CachedAssetRegistry_0_19A6608C49B57AF98508C78181FF0A3B.bin" 976
"../../../../../../Game projects/Grand-City-Mobile-RP-UE5/Binaries/Win64/GrandCityMobile.target" 977
"../../../Engine/Config/Android/BaseAndroidInstallBundle.ini" 978
"../../../../../../Game projects/Grand-City-Mobile-RP-UE5/Binaries/Win64/GrandCityMobileEditor.target" 979
"../../../Engine/Config/IOS/BaseIOSInstallBundle.ini" 980
"../../../Engine/Platforms/VisionOS/Config/BaseVisionOSEngine.ini" 981
"../../../Engine/Platforms/VisionOS/Config/VisionOSEngine.ini" 982
"../../../Engine/Config/PluginBase.ini" 983
"../../../Engine/Plugins/ChaosVD/Config/DefaultChaosVD.ini" 984
"../../../Engine/Plugins/EnhancedInput/Config/DefaultEnhancedInput.ini" 985
"../../../Engine/Plugins/Fab/Config/DefaultFab.ini" 986
"../../../Engine/Plugins/Mutable/Config/DefaultMutable.ini" 987
"../../../Engine/Plugins/PCG/Config/DefaultPCG.ini" 988
"../../../Engine/Plugins/TraceUtilities/Config/DefaultTraceUtilities.ini" 989
"../../../Engine/Plugins/Enterprise/DatasmithContent/Config/DefaultDatasmithContent.ini" 990
"../../../Engine/Plugins/Enterprise/GLTFExporter/Config/DefaultGLTFExporter.ini" 991
"../../../Engine/Plugins/Enterprise/VariantManagerContent/Config/DefaultVariantManagerContent.ini" 992
"../../../Engine/Plugins/FX/Niagara/Config/DefaultNiagara.ini" 993
"../../../Engine/Plugins/MetaHuman/MetaHumanSDK/Config/DefaultMetaHumanSDK.ini" 994
"../../../Engine/Plugins/VirtualProduction/Takes/Config/DefaultTakes.ini" 995
"../../../Engine/Plugins/Interchange/Assets/Config/DefaultInterchangeAssets.ini" 996
"../../../Engine/Plugins/Interchange/Runtime/Config/DefaultInterchange.ini" 997
"../../../Engine/Plugins/2D/Paper2D/Config/DefaultPaper2D.ini" 998
"../../../Engine/Plugins/Animation/DeformerGraph/Config/DefaultDeformerGraph.ini" 999
"../../../Engine/Plugins/Animation/ControlRig/Config/DefaultControlRig.ini" 1000
"../../../Engine/Plugins/Animation/IKRig/Config/DefaultIKRig.ini" 1001
"../../../Engine/Plugins/Animation/PhysicsControl/Config/DefaultPhysicsControl.ini" 1002
"../../../Engine/Plugins/Animation/RigLogic/Config/DefaultRigLogic.ini" 1003
"../../../Engine/Plugins/Cameras/GameplayCameras/Config/DefaultGameplayCameras.ini" 1004
"../../../Engine/Plugins/Compositing/CompositeCore/Config/DefaultCompositeCore.ini" 1005
"../../../Engine/Plugins/Editor/ConsoleVariablesEditor/Config/DefaultConsoleVariables.ini" 1006
"../../../Engine/Plugins/Editor/EditorScriptingUtilities/Config/DefaultEditorScriptingUtilities.ini" 1007
"../../../Engine/Plugins/Experimental/ControlRigPhysics/Config/DefaultControlRigPhysics.ini" 1008
"../../../Engine/Plugins/Experimental/FullBodyIK/Config/DefaultFullBodyIK.ini" 1009
"../../../Engine/Plugins/Experimental/ToolPresets/Config/DefaultToolPresets.ini" 1010
"../../../Engine/Plugins/Runtime/GameplayStateTree/Config/DefaultGameplayStateTree.ini" 1011
"../../../Engine/Plugins/Runtime/HairStrands/Config/DefaultHairStrands.ini" 1012
"../../../Engine/Plugins/Runtime/Metasound/Config/DefaultMetasound.ini" 1013
"../../../Engine/Plugins/Runtime/ModelViewViewModel/Config/DefaultModelViewViewModel.ini" 1014
"../../../Engine/Plugins/Runtime/PropertyBindingUtils/Config/DefaultPropertyBindingUtils.ini" 1015
"../../../Engine/Plugins/Runtime/RigVM/Config/DefaultRigVM.ini" 1016
"../../../Engine/Plugins/Runtime/StateTree/Config/DefaultStateTree.ini" 1017
"../../../Engine/Plugins/Runtime/Synthesis/Config/DefaultSynthesis.ini" 1018
"../../../Engine/Plugins/Experimental/Animation/Scribble/Config/DefaultScribble.ini" 1019
"../../../Engine/Plugins/Experimental/InterchangeAxF/Assets/Config/DefaultInterchangeAxfAssets.ini" 1020
"../../../Engine/Plugins/Developer/Concert/ConcertSync/ConcertSyncCore/Config/DefaultConcertSyncCore.ini" 1021
"../../../Engine/Plugins/ChaosVD/Config/Engine.ini" 1022
"../../../Engine/Plugins/EnhancedInput/Config/Input.ini" 1023
"../../../Engine/Plugins/Runtime/InputDebugging/Config/Input.ini" 1024
"../../../Engine/Plugins/Runtime/Windows/XInputDevice/Config/Input.ini" 1025
"../../../Engine/Plugins/PCG/Config/EditorPerProjectUserSettings.ini" 1026
"../../../Engine/Plugins/NNE/NNEDenoiser/Config/Game.ini" 1027
"../../../Engine/Plugins/Online/OnlineSubsystemUtils/Config/Editor.ini" 1028
"../../../Engine/Plugins/Animation/AnimatorKit/Config/Editor.ini" 1029
"../../../Engine/Plugins/Animation/DeformerGraph/Config/Editor.ini" 1030
"../../../Engine/Plugins/Runtime/RigVM/Config/Editor.ini" 1031
"../../../Engine/Plugins/Runtime/StateTree/Binaries/Win64/UnrealEditor.modules" 1032
"../../../Engine/Plugins/Animation/GameplayInsights/Binaries/Win64/UnrealEditor.modules" 1033
"../../../Engine/Plugins/Runtime/PropertyAccess/Binaries/Win64/UnrealEditor.modules" 1034
"../../../Engine/Plugins/Runtime/PropertyBindingUtils/Binaries/Win64/UnrealEditor.modules" 1035
"../../../Engine/Plugins/Runtime/GameplayStateTree/Binaries/Win64/UnrealEditor.modules" 1036
"../../../Engine/Plugins/Experimental/ModelContextProtocol/Binaries/Win64/UnrealEditor.modules" 1037
"../../../Engine/Plugins/Editor/EngineAssetDefinitions/Binaries/Win64/UnrealEditor.modules" 1038
"../../../Engine/Plugins/Experimental/ToolsetRegistry/Binaries/Win64/UnrealEditor.modules" 1039
"../../../Engine/Plugins/Experimental/PythonScriptPlugin/Binaries/Win64/UnrealEditor.modules" 1040
"../../../Engine/Plugins/Editor/EditorScriptingUtilities/Binaries/Win64/UnrealEditor.modules" 1041
"../../../Engine/Plugins/Developer/Sandbox/FileSandbox/Binaries/Win64/UnrealEditor.modules" 1042
"../../../Engine/Plugins/Editor/ContentBrowser/ContentBrowserFileDataSource/Binaries/Win64/UnrealEditor.modules" 1043
"../../../Engine/Plugins/Experimental/Terminal/Binaries/Win64/UnrealEditor.modules" 1044
"../../../Engine/Plugins/Experimental/Toolsets/EditorToolset/Binaries/Win64/UnrealEditor.modules" 1045
"../../../Engine/Plugins/AudioInsights/Binaries/Win64/UnrealEditor.modules" 1046
"../../../Engine/Plugins/Runtime/AudioWidgets/Binaries/Win64/UnrealEditor.modules" 1047
"../../../Engine/Plugins/Runtime/AudioSynesthesia/Binaries/Win64/UnrealEditor.modules" 1048
"../../../Engine/Plugins/AudioInsightsRuntime/Binaries/Win64/UnrealEditor.modules" 1049
"../../../Engine/Plugins/AudioModulationInsights/Binaries/Win64/UnrealEditor.modules" 1050
"../../../Engine/Plugins/Bridge/Binaries/Win64/UnrealEditor.modules" 1051
"../../../Engine/Plugins/MetaHuman/MetaHumanSDK/Binaries/Win64/UnrealEditor.modules" 1052
"../../../Engine/Plugins/Animation/ControlRig/Binaries/Win64/UnrealEditor.modules" 1053
"../../../Engine/Plugins/Runtime/HairStrands/Binaries/Win64/UnrealEditor.modules" 1054
"../../../Engine/Plugins/Animation/RigLogic/Binaries/Win64/UnrealEditor.modules" 1055
"../../../Engine/Plugins/Interchange/Runtime/Binaries/Win64/UnrealEditor.modules" 1056
"../../../Engine/Plugins/Online/EOSShared/Binaries/Win64/UnrealEditor.modules" 1057
"../../../Engine/Plugins/Runtime/RigVM/Binaries/Win64/UnrealEditor.modules" 1058
"../../../Engine/Plugins/MovieScene/LevelSequenceEditor/Binaries/Win64/UnrealEditor.modules" 1059
"../../../Engine/Plugins/MovieScene/SequencerScripting/Binaries/Win64/UnrealEditor.modules" 1060
"../../../Engine/Plugins/Animation/TweeningUtils/Binaries/Win64/UnrealEditor.modules" 1061
"../../../Engine/Plugins/FX/Niagara/Binaries/Win64/UnrealEditor.modules" 1062
"../../../Engine/Plugins/Runtime/GeometryCache/Binaries/Win64/UnrealEditor.modules" 1063
"../../../Engine/Plugins/Animation/DeformerGraph/Binaries/Win64/UnrealEditor.modules" 1064
"../../../Engine/Plugins/Dataflow/Binaries/Win64/UnrealEditor.modules" 1065
"../../../Engine/Plugins/Runtime/ComputeFramework/Binaries/Win64/UnrealEditor.modules" 1066
"../../../Engine/Plugins/Runtime/GeometryProcessing/Binaries/Win64/UnrealEditor.modules" 1067
"../../../Engine/Plugins/Enterprise/VariantManagerContent/Binaries/Win64/UnrealEditor.modules" 1068
"../../../Engine/Plugins/Enterprise/VariantManager/Binaries/Win64/UnrealEditor.modules" 1069
"../../../Engine/Plugins/Interchange/Assets/Binaries/Win64/UnrealEditor.modules" 1070
"../../../Engine/Plugins/Experimental/Animation/Scribble/Binaries/Win64/UnrealEditor.modules" 1071
"../../../Engine/Plugins/Experimental/CharacterFXEditor/BaseCharacterFXEditor/Binaries/Win64/UnrealEditor.modules" 1072
"../../../Engine/Plugins/Runtime/ProceduralMeshComponent/Binaries/Win64/UnrealEditor.modules" 1073
"../../../Engine/Plugins/Experimental/MeshModelingToolsetExp/Binaries/Win64/UnrealEditor.modules" 1074
"../../../Engine/Plugins/Editor/ModelingToolsEditorMode/Binaries/Win64/UnrealEditor.modules" 1075
"../../../Engine/Plugins/Experimental/ChaosCaching/Binaries/Win64/UnrealEditor.modules" 1076
"../../../Engine/Plugins/Experimental/EditorDataStorage/Binaries/Win64/UnrealEditor.modules" 1077
"../../../Engine/Plugins/Experimental/EditorDataStorageFeatures/Binaries/Win64/UnrealEditor.modules" 1078
"../../../Engine/Plugins/Runtime/MeshModelingToolset/Binaries/Win64/UnrealEditor.modules" 1079
"../../../Engine/Plugins/Animation/SkeletalMeshModelingTools/Binaries/Win64/UnrealEditor.modules" 1080
"../../../Engine/Plugins/Editor/ProxyLODPlugin/Binaries/Win64/UnrealEditor.modules" 1081
"../../../Engine/Plugins/Editor/MeshLODToolset/Binaries/Win64/UnrealEditor.modules" 1082
"../../../Engine/Plugins/Experimental/ToolPresets/Binaries/Win64/UnrealEditor.modules" 1083
"../../../Engine/Plugins/Editor/StylusInput/Binaries/Win64/UnrealEditor.modules" 1084
"../../../Engine/Plugins/VirtualProduction/Takes/Binaries/Win64/UnrealEditor.modules" 1085
"../../../Engine/Plugins/Experimental/PlanarCutPlugin/Binaries/Win64/UnrealEditor.modules" 1086
"../../../Engine/Plugins/Runtime/GeometryScripting/Binaries/Win64/UnrealEditor.modules" 1087
"../../../Engine/Plugins/Experimental/GeometryFlow/Binaries/Win64/UnrealEditor.modules" 1088
"../../../Engine/Plugins/Runtime/AudioCapture/Binaries/Win64/UnrealEditor.modules" 1089
"../../../Engine/Plugins/Developer/NamingTokens/Binaries/Win64/UnrealEditor.modules" 1090
"../../../Engine/Plugins/ChaosCloth/Binaries/Win64/UnrealEditor.modules" 1091
"../../../Engine/Plugins/Experimental/Buoyancy/Binaries/Win64/UnrealEditor.modules" 1092
"../../../Engine/Plugins/Experimental/Water/Binaries/Win64/UnrealEditor.modules" 1093
"../../../Engine/Plugins/Experimental/ChaosUserDataPT/Binaries/Win64/UnrealEditor.modules" 1094
"../../../Engine/Plugins/Experimental/Landmass/Binaries/Win64/UnrealEditor.modules" 1095
"../../../Engine/Plugins/Editor/BlueprintMaterialTextureNodes/Binaries/Win64/UnrealEditor.modules" 1096
"../../../Engine/Plugins/ChaosInsights/Binaries/Win64/UnrealEditor.modules" 1097
"../../../Engine/Plugins/ChaosVD/Binaries/Win64/UnrealEditor.modules" 1098
"../../../Engine/Plugins/CmdLinkServer/Binaries/Win64/UnrealEditor.modules" 1099
"../../../Engine/Plugins/DerivedDataBuildController/Binaries/Win64/UnrealEditor.modules" 1100
"../../../Engine/Plugins/EnhancedInput/Binaries/Win64/UnrealEditor.modules" 1101
"../../../Engine/Plugins/Editor/DataValidation/Binaries/Win64/UnrealEditor.modules" 1102
"../../../Engine/Plugins/Fab/Binaries/Win64/UnrealEditor.modules" 1103
"../../../Engine/Plugins/IoStoreInsights/Binaries/Win64/UnrealEditor.modules" 1104
"../../../Engine/Plugins/MassInsights/Binaries/Win64/UnrealEditor.modules" 1105
"../../../Engine/Plugins/MeshPainting/Binaries/Win64/UnrealEditor.modules" 1106
"../../../Engine/Plugins/Interchange/Editor/Binaries/Win64/UnrealEditor.modules" 1107
"../../../Engine/Plugins/PCG/Binaries/Win64/UnrealEditor.modules" 1108
"../../../Engine/Plugins/RenderGraphInsights/Binaries/Win64/UnrealEditor.modules" 1109
"../../../Engine/Plugins/RenderTraceInsights/Binaries/Win64/UnrealEditor.modules" 1110
"../../../Engine/Plugins/TraceUtilities/Binaries/Win64/UnrealEditor.modules" 1111
"../../../Engine/Plugins/UbaController/Binaries/Win64/UnrealEditor.modules" 1112
"../../../Engine/Plugins/WorldMetrics/Binaries/Win64/UnrealEditor.modules" 1113
"../../../Engine/Plugins/XGEController/Binaries/Win64/UnrealEditor.modules" 1114
"../../../Engine/Plugins/Developer/AnimationSharing/Binaries/Win64/UnrealEditor.modules" 1115
"../../../Engine/Plugins/Runtime/SignificanceManager/Binaries/Win64/UnrealEditor.modules" 1116
"../../../Engine/Plugins/Developer/CLionSourceCodeAccess/Binaries/Win64/UnrealEditor.modules" 1117
"../../../Engine/Plugins/Compression/OodleNetwork/Binaries/Win64/UnrealEditor.modules" 1118
"../../../Engine/Plugins/Developer/DumpGPUServices/Binaries/Win64/UnrealEditor.modules" 1119
"../../../Engine/Plugins/Developer/GitSourceControl/Binaries/Win64/UnrealEditor.modules" 1120
"../../../Engine/Plugins/Developer/GPUReshape/Binaries/Win64/UnrealEditor.modules" 1121
"../../../Engine/Plugins/Developer/N10XSourceCodeAccess/Binaries/Win64/UnrealEditor.modules" 1122
"../../../Engine/Plugins/Developer/PerforceSourceControl/Binaries/Win64/UnrealEditor.modules" 1123
"../../../Engine/Plugins/Developer/PixWinPlugin/Binaries/Win64/UnrealEditor.modules" 1124
"../../../Engine/Plugins/Developer/PlasticSourceControl/Binaries/Win64/UnrealEditor.modules" 1125
"../../../Engine/Plugins/Developer/PluginUtils/Binaries/Win64/UnrealEditor.modules" 1126
"../../../Engine/Plugins/Developer/PropertyAccessNode/Binaries/Win64/UnrealEditor.modules" 1127
"../../../Engine/Plugins/Developer/ProjectLauncher/Binaries/Win64/UnrealEditor.modules" 1128
"../../../Engine/Plugins/Developer/RenderDocPlugin/Binaries/Win64/UnrealEditor.modules" 1129
"../../../Engine/Plugins/Developer/RiderSourceCodeAccess/Binaries/Win64/UnrealEditor.modules" 1130
"../../../Engine/Plugins/Developer/SubversionSourceControl/Binaries/Win64/UnrealEditor.modules" 1131
"../../../Engine/Plugins/Developer/UObjectPlugin/Binaries/Win64/UnrealEditor.modules" 1132
"../../../Engine/Plugins/Developer/VisualStudioCodeSourceCodeAccess/Binaries/Win64/UnrealEditor.modules" 1133
"../../../Engine/Plugins/Developer/VisualStudioSourceCodeAccess/Binaries/Win64/UnrealEditor.modules" 1134
"../../../Engine/Plugins/Enterprise/DatasmithContent/Binaries/Win64/UnrealEditor.modules" 1135
"../../../Engine/Plugins/Enterprise/GLTFExporter/Binaries/Win64/UnrealEditor.modules" 1136
"../../../Engine/Plugins/FX/Cascade/Binaries/Win64/UnrealEditor.modules" 1137
"../../../Engine/Plugins/FX/NiagaraInsights/Binaries/Win64/UnrealEditor.modules" 1138
"../../../Engine/Plugins/FX/NiagaraPreviewContent/Binaries/Win64/UnrealEditor.modules" 1139
"../../../Engine/Plugins/FX/NiagaraSimCaching/Binaries/Win64/UnrealEditor.modules" 1140
"../../../Engine/Plugins/Importers/AlembicImporter/Binaries/Win64/UnrealEditor.modules" 1141
"../../../Engine/Plugins/NNE/NNEDenoiser/Binaries/Win64/UnrealEditor.modules" 1142
"../../../Engine/Plugins/NNE/NNERuntimeORT/Binaries/Win64/UnrealEditor.modules" 1143
"../../../Engine/Plugins/Media/AndroidMedia/Binaries/Win64/UnrealEditor.modules" 1144
"../../../Engine/Plugins/Media/AvfMedia/Binaries/Win64/UnrealEditor.modules" 1145
"../../../Engine/Plugins/Media/ImgMedia/Binaries/Win64/UnrealEditor.modules" 1146
"../../../Engine/Plugins/Media/TmvMedia/Binaries/Win64/UnrealEditor.modules" 1147
"../../../Engine/Plugins/Media/MediaPlayerEditor/Binaries/Win64/UnrealEditor.modules" 1148
"../../../Engine/Plugins/Media/MP4Utilities/Binaries/Win64/UnrealEditor.modules" 1149
"../../../Engine/Plugins/Media/MediaCompositing/Binaries/Win64/UnrealEditor.modules" 1150
"../../../Engine/Plugins/Media/MediaPlate/Binaries/Win64/UnrealEditor.modules" 1151
"../../../Engine/Plugins/Compositing/CompositeCore/Binaries/Win64/UnrealEditor.modules" 1152
"../../../Engine/Plugins/Media/WmfMedia/Binaries/Win64/UnrealEditor.modules" 1153
"../../../Engine/Plugins/MovieScene/ActorSequence/Binaries/Win64/UnrealEditor.modules" 1154
"../../../Engine/Plugins/MovieScene/SequenceValidator/Binaries/Win64/UnrealEditor.modules" 1155
"../../../Engine/Plugins/Online/OnlineBase/Binaries/Win64/UnrealEditor.modules" 1156
"../../../Engine/Plugins/Online/OnlineSubsystem/Binaries/Win64/UnrealEditor.modules" 1157
"../../../Engine/Plugins/Online/OnlineSubsystemNull/Binaries/Win64/UnrealEditor.modules" 1158
"../../../Engine/Plugins/Online/OnlineSubsystemUtils/Binaries/Win64/UnrealEditor.modules" 1159
"../../../Engine/Plugins/Online/OnlineServices/Binaries/Win64/UnrealEditor.modules" 1160
"../../../Engine/Plugins/Tests/InterchangeTests/Binaries/Win64/UnrealEditor.modules" 1161
"../../../Engine/Plugins/Portal/LauncherChunkInstaller/Binaries/Win64/UnrealEditor.modules" 1162
"../../../Engine/Plugins/2D/Paper2D/Binaries/Win64/UnrealEditor.modules" 1163
"../../../Engine/Plugins/AI/EnvironmentQueryEditor/Binaries/Win64/UnrealEditor.modules" 1164
"../../../Engine/Plugins/AI/AISupport/Binaries/Win64/UnrealEditor.modules" 1165
"../../../Engine/Plugins/Animation/AnimationData/Binaries/Win64/UnrealEditor.modules" 1166
"../../../Engine/Plugins/Animation/BlendSpaceMotionAnalysis/Binaries/Win64/UnrealEditor.modules" 1167
"../../../Engine/Plugins/Animation/AnimationModifierLibrary/Binaries/Win64/UnrealEditor.modules" 1168
"../../../Engine/Plugins/Animation/AnimatorKit/Binaries/Win64/UnrealEditor.modules" 1169
"../../../Engine/Plugins/Animation/ControlRigSpline/Binaries/Win64/UnrealEditor.modules" 1170
"../../../Engine/Plugins/Experimental/ControlRigPhysics/Binaries/Win64/UnrealEditor.modules" 1171
"../../../Engine/Plugins/Experimental/GizmoFramework/Binaries/Win64/UnrealEditor.modules" 1172
"../../../Engine/Plugins/Animation/PhysicsControl/Binaries/Win64/UnrealEditor.modules" 1173
"../../../Engine/Plugins/Animation/ACLPlugin/Binaries/Win64/UnrealEditor.modules" 1174
"../../../Engine/Plugins/Animation/EaseCurveTool/Binaries/Win64/UnrealEditor.modules" 1175
"../../../Engine/Plugins/Experimental/FullBodyIK/Binaries/Win64/UnrealEditor.modules" 1176
"../../../Engine/Plugins/Animation/IKRig/Binaries/Win64/UnrealEditor.modules" 1177
"../../../Engine/Plugins/Cameras/CameraShakePreviewer/Binaries/Win64/UnrealEditor.modules" 1178
"../../../Engine/Plugins/Cameras/GameplayCameras/Binaries/Win64/UnrealEditor.modules" 1179
"../../../Engine/Plugins/MovieScene/TemplateSequence/Binaries/Win64/UnrealEditor.modules" 1180
"../../../Engine/Plugins/Cameras/EngineCameras/Binaries/Win64/UnrealEditor.modules" 1181
"../../../Engine/Plugins/Editor/ChangelistReview/Binaries/Win64/UnrealEditor.modules" 1182
"../../../Engine/Plugins/Editor/BlueprintHeaderView/Binaries/Win64/UnrealEditor.modules" 1183
"../../../Engine/Plugins/Editor/ColorGrading/Binaries/Win64/UnrealEditor.modules" 1184
"../../../Engine/Plugins/Editor/ObjectMixer/ObjectMixer/Binaries/Win64/UnrealEditor.modules" 1185
"../../../Engine/Plugins/Editor/AssetManagerEditor/Binaries/Win64/UnrealEditor.modules" 1186
"../../../Engine/Plugins/Editor/ContentBrowser/ContentBrowserAssetDataSource/Binaries/Win64/UnrealEditor.modules" 1187
"../../../Engine/Plugins/Editor/ConsoleVariablesEditor/Binaries/Win64/UnrealEditor.modules" 1188
"../../../Engine/Plugins/Developer/Concert/ConcertSync/ConcertSyncClient/Binaries/Win64/UnrealEditor.modules" 1189
"../../../Engine/Plugins/Developer/Concert/ConcertSync/ConcertSyncCore/Binaries/Win64/UnrealEditor.modules" 1190
"../../../Engine/Plugins/Developer/Concert/ConcertMain/Binaries/Win64/UnrealEditor.modules" 1191
"../../../Engine/Plugins/Developer/Concert/ConcertUI/ConcertSharedSlate/Binaries/Win64/UnrealEditor.modules" 1192
"../../../Engine/Plugins/Runtime/Database/SQLiteCore/Binaries/Win64/UnrealEditor.modules" 1193
"../../../Engine/Plugins/Editor/EditorDebugTools/Binaries/Win64/UnrealEditor.modules" 1194
"../../../Engine/Plugins/Editor/FacialAnimation/Binaries/Win64/UnrealEditor.modules" 1195
"../../../Engine/Plugins/Editor/CurveEditorTools/Binaries/Win64/UnrealEditor.modules" 1196
"../../../Engine/Plugins/Editor/GameplayTagsEditor/Binaries/Win64/UnrealEditor.modules" 1197
"../../../Engine/Plugins/Editor/CryptoKeys/Binaries/Win64/UnrealEditor.modules" 1198
"../../../Engine/Plugins/Editor/GeometryMode/Binaries/Win64/UnrealEditor.modules" 1199
"../../../Engine/Plugins/Editor/MobileLauncherProfileWizard/Binaries/Win64/UnrealEditor.modules" 1200
"../../../Engine/Plugins/Editor/MaterialAnalyzer/Binaries/Win64/UnrealEditor.modules" 1201
"../../../Engine/Plugins/Editor/PluginBrowser/Binaries/Win64/UnrealEditor.modules" 1202
"../../../Engine/Plugins/Editor/MaterialAssetWizard/Binaries/Win64/UnrealEditor.modules" 1203
"../../../Engine/Plugins/Editor/SequencerAnimTools/Binaries/Win64/UnrealEditor.modules" 1204
"../../../Engine/Plugins/Editor/SpeedTreeImporter/Binaries/Win64/UnrealEditor.modules" 1205
"../../../Engine/Plugins/Editor/UMGWidgetPreview/Binaries/Win64/UnrealEditor.modules" 1206
"../../../Engine/Plugins/Editor/UVEditor/Binaries/Win64/UnrealEditor.modules" 1207
"../../../Engine/Plugins/Experimental/AutomationUtils/Binaries/Win64/UnrealEditor.modules" 1208
"../../../Engine/Plugins/Experimental/BackChannel/Binaries/Win64/UnrealEditor.modules" 1209
"../../../Engine/Plugins/Editor/WorldPartitionHLODUtilities/Binaries/Win64/UnrealEditor.modules" 1210
"../../../Engine/Plugins/Experimental/AdvancedRenamer/Binaries/Win64/UnrealEditor.modules" 1211
"../../../Engine/Plugins/Experimental/ChaosEditor/Binaries/Win64/UnrealEditor.modules" 1212
"../../../Engine/Plugins/Experimental/GeometryCollectionPlugin/Binaries/Win64/UnrealEditor.modules" 1213
"../../../Engine/Plugins/Experimental/Fracture/Binaries/Win64/UnrealEditor.modules" 1214
"../../../Engine/Plugins/Experimental/ChaosSolverPlugin/Binaries/Win64/UnrealEditor.modules" 1215
"../../../Engine/Plugins/Experimental/GeometryDataflow/Binaries/Win64/UnrealEditor.modules" 1216
"../../../Engine/Plugins/Experimental/ChaosNiagara/Binaries/Win64/UnrealEditor.modules" 1217
"../../../Engine/Plugins/Experimental/CharacterAI/Binaries/Win64/UnrealEditor.modules" 1218
"../../../Engine/Plugins/Experimental/EditorTelemetry/Binaries/Win64/UnrealEditor.modules" 1219
"../../../Engine/Plugins/Experimental/EditorPerformance/Binaries/Win64/UnrealEditor.modules" 1220
"../../../Engine/Plugins/Experimental/EditorTRSGizmo/Binaries/Win64/UnrealEditor.modules" 1221
"../../../Engine/Plugins/Experimental/GlobalConfigurationData/Binaries/Win64/UnrealEditor.modules" 1222
"../../../Engine/Plugins/Experimental/HttpInsights/Binaries/Win64/UnrealEditor.modules" 1223
"../../../Engine/Plugins/Experimental/LevelSequenceNavigatorBridge/Binaries/Win64/UnrealEditor.modules" 1224
"../../../Engine/Plugins/Experimental/SequenceNavigator/Binaries/Win64/UnrealEditor.modules" 1225
"../../../Engine/Plugins/Experimental/LocalizableMessage/Binaries/Win64/UnrealEditor.modules" 1226
"../../../Engine/Plugins/Experimental/MutableAssetUserData/Binaries/Win64/UnrealEditor.modules" 1227
"../../../Engine/Plugins/Mutable/Binaries/Win64/UnrealEditor.modules" 1228
"../../../Engine/Plugins/Runtime/SkeletalMerging/Binaries/Win64/UnrealEditor.modules" 1229
"../../../Engine/Plugins/Experimental/NFORDenoise/Binaries/Win64/UnrealEditor.modules" 1230
"../../../Engine/Plugins/Experimental/PlatformCrypto/Binaries/Win64/UnrealEditor.modules" 1231
"../../../Engine/Plugins/Experimental/RuntimeTelemetry/Binaries/Win64/UnrealEditor.modules" 1232
"../../../Engine/Plugins/Experimental/SkeletalReduction/Binaries/Win64/UnrealEditor.modules" 1233
"../../../Engine/Plugins/Messaging/UdpMessaging/Binaries/Win64/UnrealEditor.modules" 1234
"../../../Engine/Plugins/Messaging/TcpMessaging/Binaries/Win64/UnrealEditor.modules" 1235
"../../../Engine/Plugins/Runtime/AndroidDeviceProfileSelector/Binaries/Win64/UnrealEditor.modules" 1236
"../../../Engine/Plugins/Runtime/ActorLayerUtilities/Binaries/Win64/UnrealEditor.modules" 1237
"../../../Engine/Plugins/Runtime/AndroidFileServer/Binaries/Win64/UnrealEditor.modules" 1238
"../../../Engine/Plugins/Runtime/AndroidPermission/Binaries/Win64/UnrealEditor.modules" 1239
"../../../Engine/Plugins/Runtime/AppleImageUtils/Binaries/Win64/UnrealEditor.modules" 1240
"../../../Engine/Plugins/Runtime/ArchVisCharacter/Binaries/Win64/UnrealEditor.modules" 1241
"../../../Engine/Plugins/Performance/AutomatedPerfTestTools/Binaries/Win64/UnrealEditor.modules" 1242
"../../../Engine/Plugins/Runtime/AssetTags/Binaries/Win64/UnrealEditor.modules" 1243
"../../../Engine/Plugins/Runtime/ChunkDownloader/Binaries/Win64/UnrealEditor.modules" 1244
"../../../Engine/Plugins/Runtime/CustomMeshComponent/Binaries/Win64/UnrealEditor.modules" 1245
"../../../Engine/Plugins/Runtime/CableComponent/Binaries/Win64/UnrealEditor.modules" 1246
"../../../Engine/Plugins/Runtime/ExampleDeviceProfileSelector/Binaries/Win64/UnrealEditor.modules" 1247
"../../../Engine/Plugins/Runtime/GooglePAD/Binaries/Win64/UnrealEditor.modules" 1248
"../../../Engine/Plugins/Runtime/IOSDeviceProfileSelector/Binaries/Win64/UnrealEditor.modules" 1249
"../../../Engine/Plugins/Runtime/InputDebugging/Binaries/Win64/UnrealEditor.modules" 1250
"../../../Engine/Plugins/Runtime/Metasound/Binaries/Win64/UnrealEditor.modules" 1251
"../../../Engine/Plugins/Runtime/WaveTable/Binaries/Win64/UnrealEditor.modules" 1252
"../../../Engine/Plugins/Runtime/ModelViewViewModel/Binaries/Win64/UnrealEditor.modules" 1253
"../../../Engine/Plugins/Runtime/LocationServicesBPLibrary/Binaries/Win64/UnrealEditor.modules" 1254
"../../../Engine/Plugins/Runtime/MobilePatchingUtils/Binaries/Win64/UnrealEditor.modules" 1255
"../../../Engine/Plugins/Runtime/MsQuic/Binaries/Win64/UnrealEditor.modules" 1256
"../../../Engine/Plugins/Runtime/ResonanceAudio/Binaries/Win64/UnrealEditor.modules" 1257
"../../../Engine/Plugins/Runtime/SoundFields/Binaries/Win64/UnrealEditor.modules" 1258
"../../../Engine/Plugins/Runtime/Synthesis/Binaries/Win64/UnrealEditor.modules" 1259
"../../../Engine/Plugins/Runtime/WebMMoviePlayer/Binaries/Win64/UnrealEditor.modules" 1260
"../../../Engine/Plugins/Media/WebMMedia/Binaries/Win64/UnrealEditor.modules" 1261
"../../../Engine/Plugins/Runtime/WindowsMoviePlayer/Binaries/Win64/UnrealEditor.modules" 1262
"../../../Engine/Plugins/Runtime/WindowsDeviceProfileSelector/Binaries/Win64/UnrealEditor.modules" 1263
"../../../Engine/Plugins/Editor/ContentBrowser/ContentBrowserClassDataSource/Binaries/Win64/UnrealEditor.modules" 1264
"../../../Engine/Plugins/Editor/Localization/PortableObjectFileDataSource/Binaries/Win64/UnrealEditor.modules" 1265
"../../../Engine/Plugins/Editor/ObjectMixer/LightMixer/Binaries/Win64/UnrealEditor.modules" 1266
"../../../Engine/Plugins/Runtime/Windows/XInputDevice/Binaries/Win64/UnrealEditor.modules" 1267
"../../../Engine/Plugins/Experimental/InterchangeAxF/Assets/Binaries/Win64/UnrealEditor.modules" 1268
"../../../Engine/Config/BaseSourceControlSettings.ini" 1269
"../../../Engine/Content/Internationalization/icudt64l/coll/ucadata.icu" 1270
"../../../Engine/Content/Internationalization/icudt64l/coll/en_US.res" 1271
"../../../Engine/Content/Internationalization/icudt64l/coll/en.res" 1272
"../../../Engine/Content/Internationalization/icudt64l/coll/root.res" 1273
"../../../Engine/Content/Certificates/ThirdParty/cacert.pem" 1274
"../../../Engine/Content/Internationalization/icudt64l/numberingSystems.res" 1275
"../../../Engine/Content/Internationalization/icudt64l/curr/supplementalData.res" 1276
"../../../Engine/Content/Internationalization/icudt64l/curr/en.res" 1277
"../../../Engine/Content/Internationalization/icudt64l/curr/pool.res" 1278
"../../../Engine/Content/Internationalization/icudt64l/curr/root.res" 1279
"../../../Engine/Config/ConsoleVariables.ini" 1280
"C:/Game projects/Grand-City-Mobile-RP-UE5/Saved/Logs/AutoSDKInfo.txt" 1281
"../../../Engine/Binaries/Win64/Android/UnrealEditor.modules" 1282
"../../../Engine/Binaries/Win64/IOS/UnrealEditor.modules" 1283
"../../../Engine/Binaries/Win64/Linux/UnrealEditor.modules" 1284
"../../../Engine/Content/Localization/Editor/en/Editor.locres" 1285
"../../../Engine/Content/Localization/Keywords/en/Keywords.locres" 1286
"../../../Engine/Content/Localization/Category/en/Category.locres" 1287
"../../../Engine/Content/Localization/ToolTips/en/ToolTips.locres" 1288
"../../../Engine/Content/Localization/PropertyNames/en/PropertyNames.locres" 1289
"../../../Engine/Content/Localization/Engine/en/Engine.locres" 1290
"../../../Engine/Plugins/Online/OnlineSubsystem/Content/Localization/OnlineSubsystem/en/OnlineSubsystem.locres" 1291
"../../../Engine/Plugins/Online/OnlineSubsystemUtils/Content/Localization/OnlineSubsystemUtils/en/OnlineSubsystemUtils.locres" 1292
"../../../Engine/Plugins/Online/IOS/OnlineSubsystemIOS/Content/Localization/OnlineSubsystemIOS/en/OnlineSubsystemIOS.locres" 1293
"../../../Engine/Plugins/Online/Android/OnlineSubsystemGooglePlay/Content/Localization/OnlineSubsystemGooglePlay/en/OnlineSubsystemGooglePlay.locres" 1294
"../../../Engine/Content/Internationalization/icudt64l/lang/af.res" 1295
"../../../Engine/Content/Internationalization/icudt64l/region/af.res" 1296
"../../../Engine/Content/Internationalization/icudt64l/lang/agq.res" 1297
"../../../Engine/Content/Internationalization/icudt64l/region/agq.res" 1298
"../../../Engine/Content/Internationalization/icudt64l/lang/ak.res" 1299
"../../../Engine/Content/Internationalization/icudt64l/region/ak.res" 1300
"../../../Engine/Content/Internationalization/icudt64l/lang/am.res" 1301
"../../../Engine/Content/Internationalization/icudt64l/region/am.res" 1302
"../../../Engine/Content/Internationalization/icudt64l/lang/ar.res" 1303
"../../../Engine/Content/Internationalization/icudt64l/region/ar.res" 1304
"../../../Engine/Content/Internationalization/icudt64l/region/ar_AE.res" 1305
"../../../Engine/Content/Internationalization/icudt64l/lang/ar_EG.res" 1306
"../../../Engine/Content/Internationalization/icudt64l/lang/ar_LY.res" 1307
"../../../Engine/Content/Internationalization/icudt64l/region/ar_LY.res" 1308
"../../../Engine/Content/Internationalization/icudt64l/lang/ar_SA.res" 1309
"../../../Engine/Content/Internationalization/icudt64l/region/ar_SA.res" 1310
"../../../Engine/Content/Internationalization/icudt64l/lang/as.res" 1311
"../../../Engine/Content/Internationalization/icudt64l/region/as.res" 1312
"../../../Engine/Content/Internationalization/icudt64l/lang/asa.res" 1313
"../../../Engine/Content/Internationalization/icudt64l/region/asa.res" 1314
"../../../Engine/Content/Internationalization/icudt64l/lang/ast.res" 1315
"../../../Engine/Content/Internationalization/icudt64l/region/ast.res" 1316
"../../../Engine/Content/Internationalization/icudt64l/lang/az.res" 1317
"../../../Engine/Content/Internationalization/icudt64l/lang/az_Cyrl.res" 1318
"../../../Engine/Content/Internationalization/icudt64l/lang/az_AZ.res" 1319
"../../../Engine/Content/Internationalization/icudt64l/lang/az_Latn_AZ.res" 1320
"../../../Engine/Content/Internationalization/icudt64l/lang/az_Latn.res" 1321
"../../../Engine/Content/Internationalization/icudt64l/region/az_AZ.res" 1322
"../../../Engine/Content/Internationalization/icudt64l/region/az_Latn_AZ.res" 1323
"../../../Engine/Content/Internationalization/icudt64l/region/az_Latn.res" 1324
"../../../Engine/Content/Internationalization/icudt64l/region/az.res" 1325
"../../../Engine/Content/Internationalization/icudt64l/region/az_Cyrl.res" 1326
"../../../Engine/Content/Internationalization/icudt64l/lang/bas.res" 1327
"../../../Engine/Content/Internationalization/icudt64l/region/bas.res" 1328
"../../../Engine/Content/Internationalization/icudt64l/lang/be.res" 1329
"../../../Engine/Content/Internationalization/icudt64l/region/be.res" 1330
"../../../Engine/Content/Internationalization/icudt64l/lang/bem.res" 1331
"../../../Engine/Content/Internationalization/icudt64l/region/bem.res" 1332
"../../../Engine/Content/Internationalization/icudt64l/lang/bez.res" 1333
"../../../Engine/Content/Internationalization/icudt64l/region/bez.res" 1334
"../../../Engine/Content/Internationalization/icudt64l/lang/bg.res" 1335
"../../../Engine/Content/Internationalization/icudt64l/region/bg.res" 1336
"../../../Engine/Content/Internationalization/icudt64l/lang/bm.res" 1337
"../../../Engine/Content/Internationalization/icudt64l/region/bm.res" 1338
"../../../Engine/Content/Internationalization/icudt64l/lang/bn.res" 1339
"../../../Engine/Content/Internationalization/icudt64l/region/bn.res" 1340
"../../../Engine/Content/Internationalization/icudt64l/lang/bn_IN.res" 1341
"../../../Engine/Content/Internationalization/icudt64l/region/bn_IN.res" 1342
"../../../Engine/Content/Internationalization/icudt64l/lang/bo.res" 1343
"../../../Engine/Content/Internationalization/icudt64l/region/bo.res" 1344
"../../../Engine/Content/Internationalization/icudt64l/region/bo_IN.res" 1345
"../../../Engine/Content/Internationalization/icudt64l/lang/br.res" 1346
"../../../Engine/Content/Internationalization/icudt64l/region/br.res" 1347
"../../../Engine/Content/Internationalization/icudt64l/lang/brx.res" 1348
"../../../Engine/Content/Internationalization/icudt64l/region/brx.res" 1349
"../../../Engine/Content/Internationalization/icudt64l/lang/bs.res" 1350
"../../../Engine/Content/Internationalization/icudt64l/lang/bs_Cyrl.res" 1351
"../../../Engine/Content/Internationalization/icudt64l/lang/bs_BA.res" 1352
"../../../Engine/Content/Internationalization/icudt64l/lang/bs_Latn_BA.res" 1353
"../../../Engine/Content/Internationalization/icudt64l/lang/bs_Latn.res" 1354
"../../../Engine/Content/Internationalization/icudt64l/region/bs_BA.res" 1355
"../../../Engine/Content/Internationalization/icudt64l/region/bs_Latn_BA.res" 1356
"../../../Engine/Content/Internationalization/icudt64l/region/bs_Latn.res" 1357
"../../../Engine/Content/Internationalization/icudt64l/region/bs.res" 1358
"../../../Engine/Content/Internationalization/icudt64l/region/bs_Cyrl.res" 1359
"../../../Engine/Content/Internationalization/icudt64l/lang/ca.res" 1360
"../../../Engine/Content/Internationalization/icudt64l/region/ca.res" 1361
"../../../Engine/Content/Internationalization/icudt64l/lang/ccp.res" 1362
"../../../Engine/Content/Internationalization/icudt64l/region/ccp.res" 1363
"../../../Engine/Content/Internationalization/icudt64l/lang/ce.res" 1364
"../../../Engine/Content/Internationalization/icudt64l/region/ce.res" 1365
"../../../Engine/Content/Internationalization/icudt64l/lang/ceb.res" 1366
"../../../Engine/Content/Internationalization/icudt64l/region/ceb.res" 1367
"../../../Engine/Content/Internationalization/icudt64l/lang/cgg.res" 1368
"../../../Engine/Content/Internationalization/icudt64l/region/cgg.res" 1369
"../../../Engine/Content/Internationalization/icudt64l/lang/chr.res" 1370
"../../../Engine/Content/Internationalization/icudt64l/region/chr.res" 1371
"../../../Engine/Content/Internationalization/icudt64l/lang/ckb.res" 1372
"../../../Engine/Content/Internationalization/icudt64l/region/ckb.res" 1373
"../../../Engine/Content/Internationalization/icudt64l/lang/cs.res" 1374
"../../../Engine/Content/Internationalization/icudt64l/region/cs.res" 1375
"../../../Engine/Content/Internationalization/icudt64l/lang/cy.res" 1376
"../../../Engine/Content/Internationalization/icudt64l/region/cy.res" 1377
"../../../Engine/Content/Internationalization/icudt64l/lang/da.res" 1378
"../../../Engine/Content/Internationalization/icudt64l/region/da.res" 1379
"../../../Engine/Content/Internationalization/icudt64l/lang/dav.res" 1380
"../../../Engine/Content/Internationalization/icudt64l/region/dav.res" 1381
"../../../Engine/Content/Internationalization/icudt64l/lang/de.res" 1382
"../../../Engine/Content/Internationalization/icudt64l/lang/de_AT.res" 1383
"../../../Engine/Content/Internationalization/icudt64l/region/de_AT.res" 1384
"../../../Engine/Content/Internationalization/icudt64l/region/de.res" 1385
"../../../Engine/Content/Internationalization/icudt64l/lang/de_CH.res" 1386
"../../../Engine/Content/Internationalization/icudt64l/region/de_CH.res" 1387
"../../../Engine/Content/Internationalization/icudt64l/lang/de_LU.res" 1388
"../../../Engine/Content/Internationalization/icudt64l/lang/dje.res" 1389
"../../../Engine/Content/Internationalization/icudt64l/region/dje.res" 1390
"../../../Engine/Content/Internationalization/icudt64l/lang/dsb.res" 1391
"../../../Engine/Content/Internationalization/icudt64l/region/dsb.res" 1392
"../../../Engine/Content/Internationalization/icudt64l/lang/dua.res" 1393
"../../../Engine/Content/Internationalization/icudt64l/region/dua.res" 1394
"../../../Engine/Content/Internationalization/icudt64l/lang/dyo.res" 1395
"../../../Engine/Content/Internationalization/icudt64l/region/dyo.res" 1396
"../../../Engine/Content/Internationalization/icudt64l/lang/dz.res" 1397
"../../../Engine/Content/Internationalization/icudt64l/region/dz.res" 1398
"../../../Engine/Content/Internationalization/icudt64l/lang/ebu.res" 1399
"../../../Engine/Content/Internationalization/icudt64l/region/ebu.res" 1400
"../../../Engine/Content/Internationalization/icudt64l/lang/ee.res" 1401
"../../../Engine/Content/Internationalization/icudt64l/region/ee.res" 1402
"../../../Engine/Content/Internationalization/icudt64l/lang/el.res" 1403
"../../../Engine/Content/Internationalization/icudt64l/region/el.res" 1404
"../../../Engine/Content/Internationalization/icudt64l/lang/en_001.res" 1405
"../../../Engine/Content/Internationalization/icudt64l/lang/en_150.res" 1406
"../../../Engine/Content/Internationalization/icudt64l/region/en_150.res" 1407
"../../../Engine/Content/Internationalization/icudt64l/lang/en_AG.res" 1408
"../../../Engine/Content/Internationalization/icudt64l/region/en_AG.res" 1409
"../../../Engine/Content/Internationalization/icudt64l/lang/en_AI.res" 1410
"../../../Engine/Content/Internationalization/icudt64l/region/en_AI.res" 1411
"../../../Engine/Content/Internationalization/icudt64l/lang/en_AT.res" 1412
"../../../Engine/Content/Internationalization/icudt64l/region/en_AT.res" 1413
"../../../Engine/Content/Internationalization/icudt64l/lang/en_AU.res" 1414
"../../../Engine/Content/Internationalization/icudt64l/region/en_AU.res" 1415
"../../../Engine/Content/Internationalization/icudt64l/lang/en_BB.res" 1416
"../../../Engine/Content/Internationalization/icudt64l/region/en_BB.res" 1417
"../../../Engine/Content/Internationalization/icudt64l/lang/en_BE.res" 1418
"../../../Engine/Content/Internationalization/icudt64l/region/en_BE.res" 1419
"../../../Engine/Content/Internationalization/icudt64l/lang/en_BM.res" 1420
"../../../Engine/Content/Internationalization/icudt64l/region/en_BM.res" 1421
"../../../Engine/Content/Internationalization/icudt64l/lang/en_BS.res" 1422
"../../../Engine/Content/Internationalization/icudt64l/region/en_BS.res" 1423
"../../../Engine/Content/Internationalization/icudt64l/lang/en_BW.res" 1424
"../../../Engine/Content/Internationalization/icudt64l/region/en_BW.res" 1425
"../../../Engine/Content/Internationalization/icudt64l/lang/en_BZ.res" 1426
"../../../Engine/Content/Internationalization/icudt64l/region/en_BZ.res" 1427
"../../../Engine/Content/Internationalization/icudt64l/lang/en_CA.res" 1428
"../../../Engine/Content/Internationalization/icudt64l/region/en_CA.res" 1429
"../../../Engine/Content/Internationalization/icudt64l/lang/en_CC.res" 1430
"../../../Engine/Content/Internationalization/icudt64l/region/en_CC.res" 1431
"../../../Engine/Content/Internationalization/icudt64l/lang/en_CH.res" 1432
"../../../Engine/Content/Internationalization/icudt64l/region/en_CH.res" 1433
"../../../Engine/Content/Internationalization/icudt64l/lang/en_CK.res" 1434
"../../../Engine/Content/Internationalization/icudt64l/region/en_CK.res" 1435
"../../../Engine/Content/Internationalization/icudt64l/lang/en_CM.res" 1436
"../../../Engine/Content/Internationalization/icudt64l/region/en_CM.res" 1437
"../../../Engine/Content/Internationalization/icudt64l/lang/en_CX.res" 1438
"../../../Engine/Content/Internationalization/icudt64l/region/en_CX.res" 1439
"../../../Engine/Content/Internationalization/icudt64l/lang/en_CY.res" 1440
"../../../Engine/Content/Internationalization/icudt64l/region/en_CY.res" 1441
"../../../Engine/Content/Internationalization/icudt64l/lang/en_DE.res" 1442
"../../../Engine/Content/Internationalization/icudt64l/region/en_DE.res" 1443
"../../../Engine/Content/Internationalization/icudt64l/lang/en_DG.res" 1444
"../../../Engine/Content/Internationalization/icudt64l/region/en_DG.res" 1445
"../../../Engine/Content/Internationalization/icudt64l/lang/en_DK.res" 1446
"../../../Engine/Content/Internationalization/icudt64l/region/en_DK.res" 1447
"../../../Engine/Content/Internationalization/icudt64l/lang/en_DM.res" 1448
"../../../Engine/Content/Internationalization/icudt64l/region/en_DM.res" 1449
"../../../Engine/Content/Internationalization/icudt64l/lang/en_ER.res" 1450
"../../../Engine/Content/Internationalization/icudt64l/region/en_ER.res" 1451
"../../../Engine/Content/Internationalization/icudt64l/lang/en_FI.res" 1452
"../../../Engine/Content/Internationalization/icudt64l/region/en_FI.res" 1453
"../../../Engine/Content/Internationalization/icudt64l/lang/en_FJ.res" 1454
"../../../Engine/Content/Internationalization/icudt64l/region/en_FJ.res" 1455
"../../../Engine/Content/Internationalization/icudt64l/lang/en_FK.res" 1456
"../../../Engine/Content/Internationalization/icudt64l/region/en_FK.res" 1457
"../../../Engine/Content/Internationalization/icudt64l/lang/en_FM.res" 1458
"../../../Engine/Content/Internationalization/icudt64l/region/en_FM.res" 1459
"../../../Engine/Content/Internationalization/icudt64l/lang/en_GB.res" 1460
"../../../Engine/Content/Internationalization/icudt64l/region/en_GB.res" 1461
"../../../Engine/Content/Internationalization/icudt64l/lang/en_GD.res" 1462
"../../../Engine/Content/Internationalization/icudt64l/region/en_GD.res" 1463
"../../../Engine/Content/Internationalization/icudt64l/lang/en_GG.res" 1464
"../../../Engine/Content/Internationalization/icudt64l/region/en_GG.res" 1465
"../../../Engine/Content/Internationalization/icudt64l/lang/en_GH.res" 1466
"../../../Engine/Content/Internationalization/icudt64l/region/en_GH.res" 1467
"../../../Engine/Content/Internationalization/icudt64l/lang/en_GI.res" 1468
"../../../Engine/Content/Internationalization/icudt64l/region/en_GI.res" 1469
"../../../Engine/Content/Internationalization/icudt64l/lang/en_GM.res" 1470
"../../../Engine/Content/Internationalization/icudt64l/region/en_GM.res" 1471
"../../../Engine/Content/Internationalization/icudt64l/lang/en_GY.res" 1472
"../../../Engine/Content/Internationalization/icudt64l/region/en_GY.res" 1473
"../../../Engine/Content/Internationalization/icudt64l/lang/en_HK.res" 1474
"../../../Engine/Content/Internationalization/icudt64l/region/en_HK.res" 1475
"../../../Engine/Content/Internationalization/icudt64l/lang/en_IE.res" 1476
"../../../Engine/Content/Internationalization/icudt64l/region/en_IE.res" 1477
"../../../Engine/Content/Internationalization/icudt64l/lang/en_IL.res" 1478
"../../../Engine/Content/Internationalization/icudt64l/region/en_IL.res" 1479
"../../../Engine/Content/Internationalization/icudt64l/lang/en_IM.res" 1480
"../../../Engine/Content/Internationalization/icudt64l/region/en_IM.res" 1481
"../../../Engine/Content/Internationalization/icudt64l/lang/en_IN.res" 1482
"../../../Engine/Content/Internationalization/icudt64l/region/en_IN.res" 1483
"../../../Engine/Content/Internationalization/icudt64l/lang/en_IO.res" 1484
"../../../Engine/Content/Internationalization/icudt64l/region/en_IO.res" 1485
"../../../Engine/Content/Internationalization/icudt64l/lang/en_JE.res" 1486
"../../../Engine/Content/Internationalization/icudt64l/region/en_JE.res" 1487
"../../../Engine/Content/Internationalization/icudt64l/lang/en_JM.res" 1488
"../../../Engine/Content/Internationalization/icudt64l/region/en_JM.res" 1489
"../../../Engine/Content/Internationalization/icudt64l/lang/en_KE.res" 1490
"../../../Engine/Content/Internationalization/icudt64l/region/en_KE.res" 1491
"../../../Engine/Content/Internationalization/icudt64l/lang/en_KI.res" 1492
"../../../Engine/Content/Internationalization/icudt64l/region/en_KI.res" 1493
"../../../Engine/Content/Internationalization/icudt64l/lang/en_KN.res" 1494
"../../../Engine/Content/Internationalization/icudt64l/region/en_KN.res" 1495
"../../../Engine/Content/Internationalization/icudt64l/lang/en_KY.res" 1496
"../../../Engine/Content/Internationalization/icudt64l/region/en_KY.res" 1497
"../../../Engine/Content/Internationalization/icudt64l/lang/en_LC.res" 1498
"../../../Engine/Content/Internationalization/icudt64l/region/en_LC.res" 1499
"../../../Engine/Content/Internationalization/icudt64l/lang/en_LR.res" 1500
"../../../Engine/Content/Internationalization/icudt64l/region/en_LR.res" 1501
"../../../Engine/Content/Internationalization/icudt64l/lang/en_LS.res" 1502
"../../../Engine/Content/Internationalization/icudt64l/region/en_LS.res" 1503
"../../../Engine/Content/Internationalization/icudt64l/lang/en_MG.res" 1504
"../../../Engine/Content/Internationalization/icudt64l/region/en_MG.res" 1505
"../../../Engine/Content/Internationalization/icudt64l/lang/en_MO.res" 1506
"../../../Engine/Content/Internationalization/icudt64l/region/en_MO.res" 1507
"../../../Engine/Content/Internationalization/icudt64l/lang/en_MS.res" 1508
"../../../Engine/Content/Internationalization/icudt64l/region/en_MS.res" 1509
"../../../Engine/Content/Internationalization/icudt64l/lang/en_MT.res" 1510
"../../../Engine/Content/Internationalization/icudt64l/region/en_MT.res" 1511
"../../../Engine/Content/Internationalization/icudt64l/lang/en_MU.res" 1512
"../../../Engine/Content/Internationalization/icudt64l/region/en_MU.res" 1513
"../../../Engine/Content/Internationalization/icudt64l/lang/en_MW.res" 1514
"../../../Engine/Content/Internationalization/icudt64l/region/en_MW.res" 1515
"../../../Engine/Content/Internationalization/icudt64l/lang/en_MY.res" 1516
"../../../Engine/Content/Internationalization/icudt64l/region/en_MY.res" 1517
"../../../Engine/Content/Internationalization/icudt64l/lang/en_NA.res" 1518
"../../../Engine/Content/Internationalization/icudt64l/region/en_NA.res" 1519
"../../../Engine/Content/Internationalization/icudt64l/lang/en_NF.res" 1520
"../../../Engine/Content/Internationalization/icudt64l/region/en_NF.res" 1521
"../../../Engine/Content/Internationalization/icudt64l/lang/en_NG.res" 1522
"../../../Engine/Content/Internationalization/icudt64l/region/en_NG.res" 1523
"../../../Engine/Content/Internationalization/icudt64l/lang/en_NL.res" 1524
"../../../Engine/Content/Internationalization/icudt64l/region/en_NL.res" 1525
"../../../Engine/Content/Internationalization/icudt64l/lang/en_NR.res" 1526
"../../../Engine/Content/Internationalization/icudt64l/region/en_NR.res" 1527
"../../../Engine/Content/Internationalization/icudt64l/lang/en_NU.res" 1528
"../../../Engine/Content/Internationalization/icudt64l/region/en_NU.res" 1529
"../../../Engine/Content/Internationalization/icudt64l/lang/en_NZ.res" 1530
"../../../Engine/Content/Internationalization/icudt64l/region/en_NZ.res" 1531
"../../../Engine/Content/Internationalization/icudt64l/lang/en_PG.res" 1532
"../../../Engine/Content/Internationalization/icudt64l/region/en_PG.res" 1533
"../../../Engine/Content/Internationalization/icudt64l/lang/en_PH.res" 1534
"../../../Engine/Content/Internationalization/icudt64l/region/en_PH.res" 1535
"../../../Engine/Content/Internationalization/icudt64l/lang/en_PK.res" 1536
"../../../Engine/Content/Internationalization/icudt64l/region/en_PK.res" 1537
"../../../Engine/Content/Internationalization/icudt64l/lang/en_PN.res" 1538
"../../../Engine/Content/Internationalization/icudt64l/region/en_PN.res" 1539
"../../../Engine/Content/Internationalization/icudt64l/lang/en_PW.res" 1540
"../../../Engine/Content/Internationalization/icudt64l/region/en_PW.res" 1541
"../../../Engine/Content/Internationalization/icudt64l/lang/en_RW.res" 1542
"../../../Engine/Content/Internationalization/icudt64l/region/en_RW.res" 1543
"../../../Engine/Content/Internationalization/icudt64l/lang/en_SB.res" 1544
"../../../Engine/Content/Internationalization/icudt64l/region/en_SB.res" 1545
"../../../Engine/Content/Internationalization/icudt64l/lang/en_SC.res" 1546
"../../../Engine/Content/Internationalization/icudt64l/region/en_SC.res" 1547
"../../../Engine/Content/Internationalization/icudt64l/lang/en_SD.res" 1548
"../../../Engine/Content/Internationalization/icudt64l/region/en_SD.res" 1549
"../../../Engine/Content/Internationalization/icudt64l/lang/en_SE.res" 1550
"../../../Engine/Content/Internationalization/icudt64l/region/en_SE.res" 1551
"../../../Engine/Content/Internationalization/icudt64l/lang/en_SG.res" 1552
"../../../Engine/Content/Internationalization/icudt64l/region/en_SG.res" 1553
"../../../Engine/Content/Internationalization/icudt64l/lang/en_SH.res" 1554
"../../../Engine/Content/Internationalization/icudt64l/region/en_SH.res" 1555
"../../../Engine/Content/Internationalization/icudt64l/lang/en_SI.res" 1556
"../../../Engine/Content/Internationalization/icudt64l/region/en_SI.res" 1557
"../../../Engine/Content/Internationalization/icudt64l/lang/en_SL.res" 1558
"../../../Engine/Content/Internationalization/icudt64l/region/en_SL.res" 1559
"../../../Engine/Content/Internationalization/icudt64l/lang/en_SS.res" 1560
"../../../Engine/Content/Internationalization/icudt64l/region/en_SS.res" 1561
"../../../Engine/Content/Internationalization/icudt64l/lang/en_SX.res" 1562
"../../../Engine/Content/Internationalization/icudt64l/region/en_SX.res" 1563
"../../../Engine/Content/Internationalization/icudt64l/lang/en_SZ.res" 1564
"../../../Engine/Content/Internationalization/icudt64l/region/en_SZ.res" 1565
"../../../Engine/Content/Internationalization/icudt64l/lang/en_TC.res" 1566
"../../../Engine/Content/Internationalization/icudt64l/region/en_TC.res" 1567
"../../../Engine/Content/Internationalization/icudt64l/lang/en_TK.res" 1568
"../../../Engine/Content/Internationalization/icudt64l/region/en_TK.res" 1569
"../../../Engine/Content/Internationalization/icudt64l/lang/en_TO.res" 1570
"../../../Engine/Content/Internationalization/icudt64l/region/en_TO.res" 1571
"../../../Engine/Content/Internationalization/icudt64l/lang/en_TT.res" 1572
"../../../Engine/Content/Internationalization/icudt64l/region/en_TT.res" 1573
"../../../Engine/Content/Internationalization/icudt64l/lang/en_TV.res" 1574
"../../../Engine/Content/Internationalization/icudt64l/region/en_TV.res" 1575
"../../../Engine/Content/Internationalization/icudt64l/lang/en_TZ.res" 1576
"../../../Engine/Content/Internationalization/icudt64l/region/en_TZ.res" 1577
"../../../Engine/Content/Internationalization/icudt64l/lang/en_UG.res" 1578
"../../../Engine/Content/Internationalization/icudt64l/region/en_UG.res" 1579
"../../../Engine/Content/Internationalization/icudt64l/lang/en_VC.res" 1580
"../../../Engine/Content/Internationalization/icudt64l/region/en_VC.res" 1581
"../../../Engine/Content/Internationalization/icudt64l/lang/en_VG.res" 1582
"../../../Engine/Content/Internationalization/icudt64l/region/en_VG.res" 1583
"../../../Engine/Content/Internationalization/icudt64l/lang/en_VU.res" 1584
"../../../Engine/Content/Internationalization/icudt64l/region/en_VU.res" 1585
"../../../Engine/Content/Internationalization/icudt64l/lang/en_WS.res" 1586
"../../../Engine/Content/Internationalization/icudt64l/region/en_WS.res" 1587
"../../../Engine/Content/Internationalization/icudt64l/lang/en_ZA.res" 1588
"../../../Engine/Content/Internationalization/icudt64l/region/en_ZA.res" 1589
"../../../Engine/Content/Internationalization/icudt64l/lang/en_ZM.res" 1590
"../../../Engine/Content/Internationalization/icudt64l/region/en_ZM.res" 1591
"../../../Engine/Content/Internationalization/icudt64l/lang/en_ZW.res" 1592
"../../../Engine/Content/Internationalization/icudt64l/region/en_ZW.res" 1593
"../../../Engine/Content/Internationalization/icudt64l/lang/eo.res" 1594
"../../../Engine/Content/Internationalization/icudt64l/region/eo.res" 1595
"../../../Engine/Content/Internationalization/icudt64l/lang/es.res" 1596
"../../../Engine/Content/Internationalization/icudt64l/lang/es_419.res" 1597
"../../../Engine/Content/Internationalization/icudt64l/region/es_419.res" 1598
"../../../Engine/Content/Internationalization/icudt64l/region/es.res" 1599
"../../../Engine/Content/Internationalization/icudt64l/lang/es_AR.res" 1600
"../../../Engine/Content/Internationalization/icudt64l/region/es_AR.res" 1601
"../../../Engine/Content/Internationalization/icudt64l/lang/es_BO.res" 1602
"../../../Engine/Content/Internationalization/icudt64l/region/es_BO.res" 1603
"../../../Engine/Content/Internationalization/icudt64l/lang/es_BR.res" 1604
"../../../Engine/Content/Internationalization/icudt64l/region/es_BR.res" 1605
"../../../Engine/Content/Internationalization/icudt64l/lang/es_BZ.res" 1606
"../../../Engine/Content/Internationalization/icudt64l/region/es_BZ.res" 1607
"../../../Engine/Content/Internationalization/icudt64l/lang/es_CL.res" 1608
"../../../Engine/Content/Internationalization/icudt64l/region/es_CL.res" 1609
"../../../Engine/Content/Internationalization/icudt64l/lang/es_CO.res" 1610
"../../../Engine/Content/Internationalization/icudt64l/region/es_CO.res" 1611
"../../../Engine/Content/Internationalization/icudt64l/lang/es_CR.res" 1612
"../../../Engine/Content/Internationalization/icudt64l/region/es_CR.res" 1613
"../../../Engine/Content/Internationalization/icudt64l/lang/es_CU.res" 1614
"../../../Engine/Content/Internationalization/icudt64l/region/es_CU.res" 1615
"../../../Engine/Content/Internationalization/icudt64l/lang/es_DO.res" 1616
"../../../Engine/Content/Internationalization/icudt64l/region/es_DO.res" 1617
"../../../Engine/Content/Internationalization/icudt64l/lang/es_EC.res" 1618
"../../../Engine/Content/Internationalization/icudt64l/region/es_EC.res" 1619
"../../../Engine/Content/Internationalization/icudt64l/lang/es_GT.res" 1620
"../../../Engine/Content/Internationalization/icudt64l/region/es_GT.res" 1621
"../../../Engine/Content/Internationalization/icudt64l/lang/es_HN.res" 1622
"../../../Engine/Content/Internationalization/icudt64l/region/es_HN.res" 1623
"../../../Engine/Content/Internationalization/icudt64l/lang/es_MX.res" 1624
"../../../Engine/Content/Internationalization/icudt64l/region/es_MX.res" 1625
"../../../Engine/Content/Internationalization/icudt64l/lang/es_NI.res" 1626
"../../../Engine/Content/Internationalization/icudt64l/region/es_NI.res" 1627
"../../../Engine/Content/Internationalization/icudt64l/lang/es_PA.res" 1628
"../../../Engine/Content/Internationalization/icudt64l/region/es_PA.res" 1629
"../../../Engine/Content/Internationalization/icudt64l/lang/es_PE.res" 1630
"../../../Engine/Content/Internationalization/icudt64l/region/es_PE.res" 1631
"../../../Engine/Content/Internationalization/icudt64l/lang/es_PR.res" 1632
"../../../Engine/Content/Internationalization/icudt64l/region/es_PR.res" 1633
"../../../Engine/Content/Internationalization/icudt64l/lang/es_PY.res" 1634
"../../../Engine/Content/Internationalization/icudt64l/region/es_PY.res" 1635
"../../../Engine/Content/Internationalization/icudt64l/lang/es_SV.res" 1636
"../../../Engine/Content/Internationalization/icudt64l/region/es_SV.res" 1637
"../../../Engine/Content/Internationalization/icudt64l/lang/es_US.res" 1638
"../../../Engine/Content/Internationalization/icudt64l/region/es_US.res" 1639
"../../../Engine/Content/Internationalization/icudt64l/lang/es_UY.res" 1640
"../../../Engine/Content/Internationalization/icudt64l/region/es_UY.res" 1641
"../../../Engine/Content/Internationalization/icudt64l/lang/es_VE.res" 1642
"../../../Engine/Content/Internationalization/icudt64l/region/es_VE.res" 1643
"../../../Engine/Content/Internationalization/icudt64l/lang/et.res" 1644
"../../../Engine/Content/Internationalization/icudt64l/region/et.res" 1645
"../../../Engine/Content/Internationalization/icudt64l/lang/eu.res" 1646
"../../../Engine/Content/Internationalization/icudt64l/region/eu.res" 1647
"../../../Engine/Content/Internationalization/icudt64l/lang/ewo.res" 1648
"../../../Engine/Content/Internationalization/icudt64l/region/ewo.res" 1649
"../../../Engine/Content/Internationalization/icudt64l/lang/fa.res" 1650
"../../../Engine/Content/Internationalization/icudt64l/lang/fa_AF.res" 1651
"../../../Engine/Content/Internationalization/icudt64l/region/fa_AF.res" 1652
"../../../Engine/Content/Internationalization/icudt64l/region/fa.res" 1653
"../../../Engine/Content/Internationalization/icudt64l/lang/ff.res" 1654
"../../../Engine/Content/Internationalization/icudt64l/lang/ff_Latn.res" 1655
"../../../Engine/Content/Internationalization/icudt64l/region/ff.res" 1656
"../../../Engine/Content/Internationalization/icudt64l/region/ff_Latn.res" 1657
"../../../Engine/Content/Internationalization/icudt64l/lang/ff_CM.res" 1658
"../../../Engine/Content/Internationalization/icudt64l/lang/ff_Latn_CM.res" 1659
"../../../Engine/Content/Internationalization/icudt64l/region/ff_CM.res" 1660
"../../../Engine/Content/Internationalization/icudt64l/region/ff_Latn_CM.res" 1661
"../../../Engine/Content/Internationalization/icudt64l/lang/ff_GN.res" 1662
"../../../Engine/Content/Internationalization/icudt64l/lang/ff_Latn_GN.res" 1663
"../../../Engine/Content/Internationalization/icudt64l/region/ff_GN.res" 1664
"../../../Engine/Content/Internationalization/icudt64l/region/ff_Latn_GN.res" 1665
"../../../Engine/Content/Internationalization/icudt64l/lang/ff_MR.res" 1666
"../../../Engine/Content/Internationalization/icudt64l/lang/ff_Latn_MR.res" 1667
"../../../Engine/Content/Internationalization/icudt64l/region/ff_MR.res" 1668
"../../../Engine/Content/Internationalization/icudt64l/region/ff_Latn_MR.res" 1669
"../../../Engine/Content/Internationalization/icudt64l/lang/ff_SN.res" 1670
"../../../Engine/Content/Internationalization/icudt64l/lang/ff_Latn_SN.res" 1671
"../../../Engine/Content/Internationalization/icudt64l/region/ff_SN.res" 1672
"../../../Engine/Content/Internationalization/icudt64l/region/ff_Latn_SN.res" 1673
"../../../Engine/Content/Internationalization/icudt64l/lang/fi.res" 1674
"../../../Engine/Content/Internationalization/icudt64l/region/fi.res" 1675
"../../../Engine/Content/Internationalization/icudt64l/lang/fil.res" 1676
"../../../Engine/Content/Internationalization/icudt64l/lang/fil_PH.res" 1677
"../../../Engine/Content/Internationalization/icudt64l/region/fil_PH.res" 1678
"../../../Engine/Content/Internationalization/icudt64l/region/fil.res" 1679
"../../../Engine/Content/Internationalization/icudt64l/lang/fo.res" 1680
"../../../Engine/Content/Internationalization/icudt64l/region/fo.res" 1681
"../../../Engine/Content/Internationalization/icudt64l/lang/fr.res" 1682
"../../../Engine/Content/Internationalization/icudt64l/lang/fr_BE.res" 1683
"../../../Engine/Content/Internationalization/icudt64l/region/fr_BE.res" 1684
"../../../Engine/Content/Internationalization/icudt64l/region/fr.res" 1685
"../../../Engine/Content/Internationalization/icudt64l/lang/fr_CA.res" 1686
"../../../Engine/Content/Internationalization/icudt64l/region/fr_CA.res" 1687
"../../../Engine/Content/Internationalization/icudt64l/lang/fr_CH.res" 1688
"../../../Engine/Content/Internationalization/icudt64l/lang/fur.res" 1689
"../../../Engine/Content/Internationalization/icudt64l/region/fur.res" 1690
"../../../Engine/Content/Internationalization/icudt64l/lang/fy.res" 1691
"../../../Engine/Content/Internationalization/icudt64l/region/fy.res" 1692
"../../../Engine/Content/Internationalization/icudt64l/lang/ga.res" 1693
"../../../Engine/Content/Internationalization/icudt64l/region/ga.res" 1694
"../../../Engine/Content/Internationalization/icudt64l/lang/gd.res" 1695
"../../../Engine/Content/Internationalization/icudt64l/region/gd.res" 1696
"../../../Engine/Content/Internationalization/icudt64l/lang/gl.res" 1697
"../../../Engine/Content/Internationalization/icudt64l/region/gl.res" 1698
"../../../Engine/Content/Internationalization/icudt64l/lang/gsw.res" 1699
"../../../Engine/Content/Internationalization/icudt64l/region/gsw.res" 1700
"../../../Engine/Content/Internationalization/icudt64l/lang/gu.res" 1701
"../../../Engine/Content/Internationalization/icudt64l/region/gu.res" 1702
"../../../Engine/Content/Internationalization/icudt64l/lang/guz.res" 1703
"../../../Engine/Content/Internationalization/icudt64l/region/guz.res" 1704
"../../../Engine/Content/Internationalization/icudt64l/lang/gv.res" 1705
"../../../Engine/Content/Internationalization/icudt64l/region/gv.res" 1706
"../../../Engine/Content/Internationalization/icudt64l/lang/ha.res" 1707
"../../../Engine/Content/Internationalization/icudt64l/region/ha.res" 1708
"../../../Engine/Content/Internationalization/icudt64l/lang/ha_NE.res" 1709
"../../../Engine/Content/Internationalization/icudt64l/region/ha_NE.res" 1710
"../../../Engine/Content/Internationalization/icudt64l/lang/haw.res" 1711
"../../../Engine/Content/Internationalization/icudt64l/region/haw.res" 1712
"../../../Engine/Content/Internationalization/icudt64l/lang/he.res" 1713
"../../../Engine/Content/Internationalization/icudt64l/lang/he_IL.res" 1714
"../../../Engine/Content/Internationalization/icudt64l/region/he_IL.res" 1715
"../../../Engine/Content/Internationalization/icudt64l/region/he.res" 1716
"../../../Engine/Content/Internationalization/icudt64l/lang/hi.res" 1717
"../../../Engine/Content/Internationalization/icudt64l/region/hi.res" 1718
"../../../Engine/Content/Internationalization/icudt64l/lang/hr.res" 1719
"../../../Engine/Content/Internationalization/icudt64l/region/hr.res" 1720
"../../../Engine/Content/Internationalization/icudt64l/lang/hsb.res" 1721
"../../../Engine/Content/Internationalization/icudt64l/region/hsb.res" 1722
"../../../Engine/Content/Internationalization/icudt64l/lang/hu.res" 1723
"../../../Engine/Content/Internationalization/icudt64l/region/hu.res" 1724
"../../../Engine/Content/Internationalization/icudt64l/lang/hy.res" 1725
"../../../Engine/Content/Internationalization/icudt64l/region/hy.res" 1726
"../../../Engine/Content/Internationalization/icudt64l/lang/ia.res" 1727
"../../../Engine/Content/Internationalization/icudt64l/region/ia.res" 1728
"../../../Engine/Content/Internationalization/icudt64l/lang/id.res" 1729
"../../../Engine/Content/Internationalization/icudt64l/lang/id_ID.res" 1730
"../../../Engine/Content/Internationalization/icudt64l/region/id_ID.res" 1731
"../../../Engine/Content/Internationalization/icudt64l/region/id.res" 1732
"../../../Engine/Content/Internationalization/icudt64l/lang/ig.res" 1733
"../../../Engine/Content/Internationalization/icudt64l/region/ig.res" 1734
"../../../Engine/Content/Internationalization/icudt64l/lang/ii.res" 1735
"../../../Engine/Content/Internationalization/icudt64l/region/ii.res" 1736
"../../../Engine/Content/Internationalization/icudt64l/lang/is.res" 1737
"../../../Engine/Content/Internationalization/icudt64l/region/is.res" 1738
"../../../Engine/Content/Internationalization/icudt64l/lang/it.res" 1739
"../../../Engine/Content/Internationalization/icudt64l/region/it.res" 1740
"../../../Engine/Content/Internationalization/icudt64l/lang/ja.res" 1741
"../../../Engine/Content/Internationalization/icudt64l/lang/ja_JP.res" 1742
"../../../Engine/Content/Internationalization/icudt64l/region/ja_JP.res" 1743
"../../../Engine/Content/Internationalization/icudt64l/region/ja.res" 1744
"../../../Engine/Content/Internationalization/icudt64l/lang/jgo.res" 1745
"../../../Engine/Content/Internationalization/icudt64l/region/jgo.res" 1746
"../../../Engine/Content/Internationalization/icudt64l/lang/jmc.res" 1747
"../../../Engine/Content/Internationalization/icudt64l/region/jmc.res" 1748
"../../../Engine/Content/Internationalization/icudt64l/lang/jv.res" 1749
"../../../Engine/Content/Internationalization/icudt64l/region/jv.res" 1750
"../../../Engine/Content/Internationalization/icudt64l/lang/ka.res" 1751
"../../../Engine/Content/Internationalization/icudt64l/region/ka.res" 1752
"../../../Engine/Content/Internationalization/icudt64l/lang/kab.res" 1753
"../../../Engine/Content/Internationalization/icudt64l/region/kab.res" 1754
"../../../Engine/Content/Internationalization/icudt64l/lang/kam.res" 1755
"../../../Engine/Content/Internationalization/icudt64l/region/kam.res" 1756
"../../../Engine/Content/Internationalization/icudt64l/lang/kde.res" 1757
"../../../Engine/Content/Internationalization/icudt64l/region/kde.res" 1758
"../../../Engine/Content/Internationalization/icudt64l/lang/kea.res" 1759
"../../../Engine/Content/Internationalization/icudt64l/region/kea.res" 1760
"../../../Engine/Content/Internationalization/icudt64l/lang/khq.res" 1761
"../../../Engine/Content/Internationalization/icudt64l/region/khq.res" 1762
"../../../Engine/Content/Internationalization/icudt64l/lang/ki.res" 1763
"../../../Engine/Content/Internationalization/icudt64l/region/ki.res" 1764
"../../../Engine/Content/Internationalization/icudt64l/lang/kk.res" 1765
"../../../Engine/Content/Internationalization/icudt64l/region/kk.res" 1766
"../../../Engine/Content/Internationalization/icudt64l/lang/kkj.res" 1767
"../../../Engine/Content/Internationalization/icudt64l/region/kkj.res" 1768
"../../../Engine/Content/Internationalization/icudt64l/lang/kl.res" 1769
"../../../Engine/Content/Internationalization/icudt64l/region/kl.res" 1770
"../../../Engine/Content/Internationalization/icudt64l/lang/kln.res" 1771
"../../../Engine/Content/Internationalization/icudt64l/region/kln.res" 1772
"../../../Engine/Content/Internationalization/icudt64l/lang/km.res" 1773
"../../../Engine/Content/Internationalization/icudt64l/region/km.res" 1774
"../../../Engine/Content/Internationalization/icudt64l/lang/kn.res" 1775
"../../../Engine/Content/Internationalization/icudt64l/region/kn.res" 1776
"../../../Engine/Content/Internationalization/icudt64l/lang/ko.res" 1777
"../../../Engine/Content/Internationalization/icudt64l/region/ko_KP.res" 1778
"../../../Engine/Content/Internationalization/icudt64l/region/ko.res" 1779
"../../../Engine/Content/Internationalization/icudt64l/lang/kok.res" 1780
"../../../Engine/Content/Internationalization/icudt64l/region/kok.res" 1781
"../../../Engine/Content/Internationalization/icudt64l/lang/ks.res" 1782
"../../../Engine/Content/Internationalization/icudt64l/region/ks.res" 1783
"../../../Engine/Content/Internationalization/icudt64l/lang/ksb.res" 1784
"../../../Engine/Content/Internationalization/icudt64l/region/ksb.res" 1785
"../../../Engine/Content/Internationalization/icudt64l/lang/ksf.res" 1786
"../../../Engine/Content/Internationalization/icudt64l/region/ksf.res" 1787
"../../../Engine/Content/Internationalization/icudt64l/lang/ksh.res" 1788
"../../../Engine/Content/Internationalization/icudt64l/region/ksh.res" 1789
"../../../Engine/Content/Internationalization/icudt64l/lang/ku.res" 1790
"../../../Engine/Content/Internationalization/icudt64l/region/ku.res" 1791
"../../../Engine/Content/Internationalization/icudt64l/lang/kw.res" 1792
"../../../Engine/Content/Internationalization/icudt64l/region/kw.res" 1793
"../../../Engine/Content/Internationalization/icudt64l/lang/ky.res" 1794
"../../../Engine/Content/Internationalization/icudt64l/region/ky.res" 1795
"../../../Engine/Content/Internationalization/icudt64l/lang/lag.res" 1796
"../../../Engine/Content/Internationalization/icudt64l/region/lag.res" 1797
"../../../Engine/Content/Internationalization/icudt64l/lang/lb.res" 1798
"../../../Engine/Content/Internationalization/icudt64l/region/lb.res" 1799
"../../../Engine/Content/Internationalization/icudt64l/lang/lg.res" 1800
"../../../Engine/Content/Internationalization/icudt64l/region/lg.res" 1801
"../../../Engine/Content/Internationalization/icudt64l/lang/lkt.res" 1802
"../../../Engine/Content/Internationalization/icudt64l/region/lkt.res" 1803
"../../../Engine/Content/Internationalization/icudt64l/lang/ln.res" 1804
"../../../Engine/Content/Internationalization/icudt64l/region/ln.res" 1805
"../../../Engine/Content/Internationalization/icudt64l/lang/lo.res" 1806
"../../../Engine/Content/Internationalization/icudt64l/region/lo.res" 1807
"../../../Engine/Content/Internationalization/icudt64l/lang/lrc.res" 1808
"../../../Engine/Content/Internationalization/icudt64l/region/lrc.res" 1809
"../../../Engine/Content/Internationalization/icudt64l/lang/lt.res" 1810
"../../../Engine/Content/Internationalization/icudt64l/region/lt.res" 1811
"../../../Engine/Content/Internationalization/icudt64l/lang/lu.res" 1812
"../../../Engine/Content/Internationalization/icudt64l/region/lu.res" 1813
"../../../Engine/Content/Internationalization/icudt64l/lang/luo.res" 1814
"../../../Engine/Content/Internationalization/icudt64l/region/luo.res" 1815
"../../../Engine/Content/Internationalization/icudt64l/lang/luy.res" 1816
"../../../Engine/Content/Internationalization/icudt64l/region/luy.res" 1817
"../../../Engine/Content/Internationalization/icudt64l/lang/lv.res" 1818
"../../../Engine/Content/Internationalization/icudt64l/region/lv.res" 1819
"../../../Engine/Content/Internationalization/icudt64l/lang/mas.res" 1820
"../../../Engine/Content/Internationalization/icudt64l/region/mas.res" 1821
"../../../Engine/Content/Internationalization/icudt64l/lang/mer.res" 1822
"../../../Engine/Content/Internationalization/icudt64l/region/mer.res" 1823
"../../../Engine/Content/Internationalization/icudt64l/lang/mfe.res" 1824
"../../../Engine/Content/Internationalization/icudt64l/region/mfe.res" 1825
"../../../Engine/Content/Internationalization/icudt64l/lang/mg.res" 1826
"../../../Engine/Content/Internationalization/icudt64l/region/mg.res" 1827
"../../../Engine/Content/Internationalization/icudt64l/lang/mgh.res" 1828
"../../../Engine/Content/Internationalization/icudt64l/region/mgh.res" 1829
"../../../Engine/Content/Internationalization/icudt64l/lang/mgo.res" 1830
"../../../Engine/Content/Internationalization/icudt64l/region/mgo.res" 1831
"../../../Engine/Content/Internationalization/icudt64l/lang/mi.res" 1832
"../../../Engine/Content/Internationalization/icudt64l/region/mi.res" 1833
"../../../Engine/Content/Internationalization/icudt64l/lang/mk.res" 1834
"../../../Engine/Content/Internationalization/icudt64l/region/mk.res" 1835
"../../../Engine/Content/Internationalization/icudt64l/lang/ml.res" 1836
"../../../Engine/Content/Internationalization/icudt64l/region/ml.res" 1837
"../../../Engine/Content/Internationalization/icudt64l/lang/mn.res" 1838
"../../../Engine/Content/Internationalization/icudt64l/region/mn.res" 1839
"../../../Engine/Content/Internationalization/icudt64l/lang/mr.res" 1840
"../../../Engine/Content/Internationalization/icudt64l/region/mr.res" 1841
"../../../Engine/Content/Internationalization/icudt64l/lang/ms.res" 1842
"../../../Engine/Content/Internationalization/icudt64l/region/ms.res" 1843
"../../../Engine/Content/Internationalization/icudt64l/lang/mt.res" 1844
"../../../Engine/Content/Internationalization/icudt64l/region/mt.res" 1845
"../../../Engine/Content/Internationalization/icudt64l/lang/mua.res" 1846
"../../../Engine/Content/Internationalization/icudt64l/region/mua.res" 1847
"../../../Engine/Content/Internationalization/icudt64l/lang/my.res" 1848
"../../../Engine/Content/Internationalization/icudt64l/region/my.res" 1849
"../../../Engine/Content/Internationalization/icudt64l/lang/mzn.res" 1850
"../../../Engine/Content/Internationalization/icudt64l/region/mzn.res" 1851
"../../../Engine/Content/Internationalization/icudt64l/lang/naq.res" 1852
"../../../Engine/Content/Internationalization/icudt64l/region/naq.res" 1853
"../../../Engine/Content/Internationalization/icudt64l/lang/nb.res" 1854
"../../../Engine/Content/Internationalization/icudt64l/lang/nb_NO.res" 1855
"../../../Engine/Content/Internationalization/icudt64l/region/nb_NO.res" 1856
"../../../Engine/Content/Internationalization/icudt64l/region/nb.res" 1857
"../../../Engine/Content/Internationalization/icudt64l/lang/nd.res" 1858
"../../../Engine/Content/Internationalization/icudt64l/region/nd.res" 1859
"../../../Engine/Content/Internationalization/icudt64l/lang/nds.res" 1860
"../../../Engine/Content/Internationalization/icudt64l/region/nds.res" 1861
"../../../Engine/Content/Internationalization/icudt64l/lang/ne.res" 1862
"../../../Engine/Content/Internationalization/icudt64l/region/ne.res" 1863
"../../../Engine/Content/Internationalization/icudt64l/lang/nl.res" 1864
"../../../Engine/Content/Internationalization/icudt64l/region/nl.res" 1865
"../../../Engine/Content/Internationalization/icudt64l/lang/nmg.res" 1866
"../../../Engine/Content/Internationalization/icudt64l/region/nmg.res" 1867
"../../../Engine/Content/Internationalization/icudt64l/lang/nn.res" 1868
"../../../Engine/Content/Internationalization/icudt64l/lang/nn_NO.res" 1869
"../../../Engine/Content/Internationalization/icudt64l/region/nn_NO.res" 1870
"../../../Engine/Content/Internationalization/icudt64l/region/nn.res" 1871
"../../../Engine/Content/Internationalization/icudt64l/lang/nnh.res" 1872
"../../../Engine/Content/Internationalization/icudt64l/region/nnh.res" 1873
"../../../Engine/Content/Internationalization/icudt64l/lang/nus.res" 1874
"../../../Engine/Content/Internationalization/icudt64l/region/nus.res" 1875
"../../../Engine/Content/Internationalization/icudt64l/lang/nyn.res" 1876
"../../../Engine/Content/Internationalization/icudt64l/region/nyn.res" 1877
"../../../Engine/Content/Internationalization/icudt64l/lang/om.res" 1878
"../../../Engine/Content/Internationalization/icudt64l/region/om.res" 1879
"../../../Engine/Content/Internationalization/icudt64l/lang/or.res" 1880
"../../../Engine/Content/Internationalization/icudt64l/region/or.res" 1881
"../../../Engine/Content/Internationalization/icudt64l/lang/os.res" 1882
"../../../Engine/Content/Internationalization/icudt64l/region/os.res" 1883
"../../../Engine/Content/Internationalization/icudt64l/lang/pa.res" 1884
"../../../Engine/Content/Internationalization/icudt64l/lang/pa_Arab.res" 1885
"../../../Engine/Content/Internationalization/icudt64l/lang/pa_PK.res" 1886
"../../../Engine/Content/Internationalization/icudt64l/lang/pa_Arab_PK.res" 1887
"../../../Engine/Content/Internationalization/icudt64l/region/pa_PK.res" 1888
"../../../Engine/Content/Internationalization/icudt64l/region/pa_Arab_PK.res" 1889
"../../../Engine/Content/Internationalization/icudt64l/region/pa_Arab.res" 1890
"../../../Engine/Content/Internationalization/icudt64l/lang/pa_Guru.res" 1891
"../../../Engine/Content/Internationalization/icudt64l/lang/pa_IN.res" 1892
"../../../Engine/Content/Internationalization/icudt64l/lang/pa_Guru_IN.res" 1893
"../../../Engine/Content/Internationalization/icudt64l/region/pa_IN.res" 1894
"../../../Engine/Content/Internationalization/icudt64l/region/pa_Guru_IN.res" 1895
"../../../Engine/Content/Internationalization/icudt64l/region/pa_Guru.res" 1896
"../../../Engine/Content/Internationalization/icudt64l/region/pa.res" 1897
"../../../Engine/Content/Internationalization/icudt64l/lang/pl.res" 1898
"../../../Engine/Content/Internationalization/icudt64l/region/pl.res" 1899
"../../../Engine/Content/Internationalization/icudt64l/lang/ps.res" 1900
"../../../Engine/Content/Internationalization/icudt64l/region/ps.res" 1901
"../../../Engine/Content/Internationalization/icudt64l/lang/ps_PK.res" 1902
"../../../Engine/Content/Internationalization/icudt64l/region/ps_PK.res" 1903
"../../../Engine/Content/Internationalization/icudt64l/lang/pt.res" 1904
"../../../Engine/Content/Internationalization/icudt64l/lang/pt_AO.res" 1905
"../../../Engine/Content/Internationalization/icudt64l/lang/pt_PT.res" 1906
"../../../Engine/Content/Internationalization/icudt64l/region/pt_AO.res" 1907
"../../../Engine/Content/Internationalization/icudt64l/region/pt_PT.res" 1908
"../../../Engine/Content/Internationalization/icudt64l/region/pt.res" 1909
"../../../Engine/Content/Internationalization/icudt64l/lang/pt_CH.res" 1910
"../../../Engine/Content/Internationalization/icudt64l/region/pt_CH.res" 1911
"../../../Engine/Content/Internationalization/icudt64l/lang/pt_CV.res" 1912
"../../../Engine/Content/Internationalization/icudt64l/region/pt_CV.res" 1913
"../../../Engine/Content/Internationalization/icudt64l/lang/pt_GQ.res" 1914
"../../../Engine/Content/Internationalization/icudt64l/region/pt_GQ.res" 1915
"../../../Engine/Content/Internationalization/icudt64l/lang/pt_GW.res" 1916
"../../../Engine/Content/Internationalization/icudt64l/region/pt_GW.res" 1917
"../../../Engine/Content/Internationalization/icudt64l/lang/pt_LU.res" 1918
"../../../Engine/Content/Internationalization/icudt64l/region/pt_LU.res" 1919
"../../../Engine/Content/Internationalization/icudt64l/lang/pt_MO.res" 1920
"../../../Engine/Content/Internationalization/icudt64l/region/pt_MO.res" 1921
"../../../Engine/Content/Internationalization/icudt64l/lang/pt_MZ.res" 1922
"../../../Engine/Content/Internationalization/icudt64l/region/pt_MZ.res" 1923
"../../../Engine/Content/Internationalization/icudt64l/lang/pt_ST.res" 1924
"../../../Engine/Content/Internationalization/icudt64l/region/pt_ST.res" 1925
"../../../Engine/Content/Internationalization/icudt64l/lang/pt_TL.res" 1926
"../../../Engine/Content/Internationalization/icudt64l/region/pt_TL.res" 1927
"../../../Engine/Content/Internationalization/icudt64l/lang/qu.res" 1928
"../../../Engine/Content/Internationalization/icudt64l/region/qu.res" 1929
"../../../Engine/Content/Internationalization/icudt64l/lang/rm.res" 1930
"../../../Engine/Content/Internationalization/icudt64l/region/rm.res" 1931
"../../../Engine/Content/Internationalization/icudt64l/lang/rn.res" 1932
"../../../Engine/Content/Internationalization/icudt64l/region/rn.res" 1933
"../../../Engine/Content/Internationalization/icudt64l/lang/ro.res" 1934
"../../../Engine/Content/Internationalization/icudt64l/lang/ro_MD.res" 1935
"../../../Engine/Content/Internationalization/icudt64l/region/ro_MD.res" 1936
"../../../Engine/Content/Internationalization/icudt64l/region/ro.res" 1937
"../../../Engine/Content/Internationalization/icudt64l/lang/rof.res" 1938
"../../../Engine/Content/Internationalization/icudt64l/region/rof.res" 1939
"../../../Engine/Content/Internationalization/icudt64l/lang/ru.res" 1940
"../../../Engine/Content/Internationalization/icudt64l/region/ru.res" 1941
"../../../Engine/Content/Internationalization/icudt64l/region/ru_UA.res" 1942
"../../../Engine/Content/Internationalization/icudt64l/lang/rw.res" 1943
"../../../Engine/Content/Internationalization/icudt64l/region/rw.res" 1944
"../../../Engine/Content/Internationalization/icudt64l/lang/rwk.res" 1945
"../../../Engine/Content/Internationalization/icudt64l/region/rwk.res" 1946
"../../../Engine/Content/Internationalization/icudt64l/lang/sah.res" 1947
"../../../Engine/Content/Internationalization/icudt64l/region/sah.res" 1948
"../../../Engine/Content/Internationalization/icudt64l/lang/saq.res" 1949
"../../../Engine/Content/Internationalization/icudt64l/region/saq.res" 1950
"../../../Engine/Content/Internationalization/icudt64l/lang/sbp.res" 1951
"../../../Engine/Content/Internationalization/icudt64l/region/sbp.res" 1952
"../../../Engine/Content/Internationalization/icudt64l/lang/sd.res" 1953
"../../../Engine/Content/Internationalization/icudt64l/region/sd.res" 1954
"../../../Engine/Content/Internationalization/icudt64l/lang/se.res" 1955
"../../../Engine/Content/Internationalization/icudt64l/lang/se_FI.res" 1956
"../../../Engine/Content/Internationalization/icudt64l/region/se_FI.res" 1957
"../../../Engine/Content/Internationalization/icudt64l/region/se.res" 1958
"../../../Engine/Content/Internationalization/icudt64l/lang/seh.res" 1959
"../../../Engine/Content/Internationalization/icudt64l/region/seh.res" 1960
"../../../Engine/Content/Internationalization/icudt64l/lang/ses.res" 1961
"../../../Engine/Content/Internationalization/icudt64l/region/ses.res" 1962
"../../../Engine/Content/Internationalization/icudt64l/lang/sg.res" 1963
"../../../Engine/Content/Internationalization/icudt64l/region/sg.res" 1964
"../../../Engine/Content/Internationalization/icudt64l/lang/shi.res" 1965
"../../../Engine/Content/Internationalization/icudt64l/lang/shi_Latn.res" 1966
"../../../Engine/Content/Internationalization/icudt64l/lang/shi_MA.res" 1967
"../../../Engine/Content/Internationalization/icudt64l/lang/shi_Tfng_MA.res" 1968
"../../../Engine/Content/Internationalization/icudt64l/lang/shi_Tfng.res" 1969
"../../../Engine/Content/Internationalization/icudt64l/region/shi_MA.res" 1970
"../../../Engine/Content/Internationalization/icudt64l/region/shi_Tfng_MA.res" 1971
"../../../Engine/Content/Internationalization/icudt64l/region/shi_Tfng.res" 1972
"../../../Engine/Content/Internationalization/icudt64l/region/shi.res" 1973
"../../../Engine/Content/Internationalization/icudt64l/region/shi_Latn.res" 1974
"../../../Engine/Content/Internationalization/icudt64l/lang/si.res" 1975
"../../../Engine/Content/Internationalization/icudt64l/region/si.res" 1976
"../../../Engine/Content/Internationalization/icudt64l/lang/sk.res" 1977
"../../../Engine/Content/Internationalization/icudt64l/region/sk.res" 1978
"../../../Engine/Content/Internationalization/icudt64l/lang/sl.res" 1979
"../../../Engine/Content/Internationalization/icudt64l/region/sl.res" 1980
"../../../Engine/Content/Internationalization/icudt64l/lang/smn.res" 1981
"../../../Engine/Content/Internationalization/icudt64l/region/smn.res" 1982
"../../../Engine/Content/Internationalization/icudt64l/lang/sn.res" 1983
"../../../Engine/Content/Internationalization/icudt64l/region/sn.res" 1984
"../../../Engine/Content/Internationalization/icudt64l/lang/so.res" 1985
"../../../Engine/Content/Internationalization/icudt64l/region/so.res" 1986
"../../../Engine/Content/Internationalization/icudt64l/lang/sq.res" 1987
"../../../Engine/Content/Internationalization/icudt64l/region/sq.res" 1988
"../../../Engine/Content/Internationalization/icudt64l/lang/sr.res" 1989
"../../../Engine/Content/Internationalization/icudt64l/lang/sr_Cyrl.res" 1990
"../../../Engine/Content/Internationalization/icudt64l/lang/sr_BA.res" 1991
"../../../Engine/Content/Internationalization/icudt64l/lang/sr_Cyrl_BA.res" 1992
"../../../Engine/Content/Internationalization/icudt64l/region/sr_BA.res" 1993
"../../../Engine/Content/Internationalization/icudt64l/region/sr_Cyrl_BA.res" 1994
"../../../Engine/Content/Internationalization/icudt64l/region/sr_Cyrl.res" 1995
"../../../Engine/Content/Internationalization/icudt64l/region/sr.res" 1996
"../../../Engine/Content/Internationalization/icudt64l/lang/sr_ME.res" 1997
"../../../Engine/Content/Internationalization/icudt64l/lang/sr_Latn_ME.res" 1998
"../../../Engine/Content/Internationalization/icudt64l/lang/sr_Latn.res" 1999
"../../../Engine/Content/Internationalization/icudt64l/region/sr_ME.res" 2000
"../../../Engine/Content/Internationalization/icudt64l/region/sr_Latn_ME.res" 2001
"../../../Engine/Content/Internationalization/icudt64l/region/sr_Latn.res" 2002
"../../../Engine/Content/Internationalization/icudt64l/lang/sr_Cyrl_ME.res" 2003
"../../../Engine/Content/Internationalization/icudt64l/region/sr_Cyrl_ME.res" 2004
"../../../Engine/Content/Internationalization/icudt64l/lang/sr_RS.res" 2005
"../../../Engine/Content/Internationalization/icudt64l/lang/sr_Cyrl_RS.res" 2006
"../../../Engine/Content/Internationalization/icudt64l/region/sr_RS.res" 2007
"../../../Engine/Content/Internationalization/icudt64l/region/sr_Cyrl_RS.res" 2008
"../../../Engine/Content/Internationalization/icudt64l/lang/sr_XK.res" 2009
"../../../Engine/Content/Internationalization/icudt64l/lang/sr_Cyrl_XK.res" 2010
"../../../Engine/Content/Internationalization/icudt64l/region/sr_XK.res" 2011
"../../../Engine/Content/Internationalization/icudt64l/region/sr_Cyrl_XK.res" 2012
"../../../Engine/Content/Internationalization/icudt64l/lang/sr_Latn_BA.res" 2013
"../../../Engine/Content/Internationalization/icudt64l/region/sr_Latn_BA.res" 2014
"../../../Engine/Content/Internationalization/icudt64l/lang/sr_Latn_RS.res" 2015
"../../../Engine/Content/Internationalization/icudt64l/region/sr_Latn_RS.res" 2016
"../../../Engine/Content/Internationalization/icudt64l/lang/sr_Latn_XK.res" 2017
"../../../Engine/Content/Internationalization/icudt64l/region/sr_Latn_XK.res" 2018
"../../../Engine/Content/Internationalization/icudt64l/lang/sv.res" 2019
"../../../Engine/Content/Internationalization/icudt64l/region/sv.res" 2020
"../../../Engine/Content/Internationalization/icudt64l/lang/sv_FI.res" 2021
"../../../Engine/Content/Internationalization/icudt64l/lang/sw.res" 2022
"../../../Engine/Content/Internationalization/icudt64l/lang/sw_CD.res" 2023
"../../../Engine/Content/Internationalization/icudt64l/region/sw_CD.res" 2024
"../../../Engine/Content/Internationalization/icudt64l/region/sw.res" 2025
"../../../Engine/Content/Internationalization/icudt64l/lang/sw_KE.res" 2026
"../../../Engine/Content/Internationalization/icudt64l/region/sw_KE.res" 2027
"../../../Engine/Content/Internationalization/icudt64l/lang/ta.res" 2028
"../../../Engine/Content/Internationalization/icudt64l/region/ta.res" 2029
"../../../Engine/Content/Internationalization/icudt64l/lang/te.res" 2030
"../../../Engine/Content/Internationalization/icudt64l/region/te.res" 2031
"../../../Engine/Content/Internationalization/icudt64l/lang/teo.res" 2032
"../../../Engine/Content/Internationalization/icudt64l/region/teo.res" 2033
"../../../Engine/Content/Internationalization/icudt64l/lang/tg.res" 2034
"../../../Engine/Content/Internationalization/icudt64l/region/tg.res" 2035
"../../../Engine/Content/Internationalization/icudt64l/lang/th.res" 2036
"../../../Engine/Content/Internationalization/icudt64l/lang/th_TH.res" 2037
"../../../Engine/Content/Internationalization/icudt64l/region/th_TH.res" 2038
"../../../Engine/Content/Internationalization/icudt64l/region/th.res" 2039
"../../../Engine/Content/Internationalization/icudt64l/lang/ti.res" 2040
"../../../Engine/Content/Internationalization/icudt64l/region/ti.res" 2041
"../../../Engine/Content/Internationalization/icudt64l/lang/tk.res" 2042
"../../../Engine/Content/Internationalization/icudt64l/region/tk.res" 2043
"../../../Engine/Content/Internationalization/icudt64l/lang/to.res" 2044
"../../../Engine/Content/Internationalization/icudt64l/region/to.res" 2045
"../../../Engine/Content/Internationalization/icudt64l/lang/tr.res" 2046
"../../../Engine/Content/Internationalization/icudt64l/region/tr.res" 2047
"../../../Engine/Content/Internationalization/icudt64l/lang/tt.res" 2048
"../../../Engine/Content/Internationalization/icudt64l/region/tt.res" 2049
"../../../Engine/Content/Internationalization/icudt64l/lang/twq.res" 2050
"../../../Engine/Content/Internationalization/icudt64l/region/twq.res" 2051
"../../../Engine/Content/Internationalization/icudt64l/lang/tzm.res" 2052
"../../../Engine/Content/Internationalization/icudt64l/region/tzm.res" 2053
"../../../Engine/Content/Internationalization/icudt64l/lang/ug.res" 2054
"../../../Engine/Content/Internationalization/icudt64l/region/ug.res" 2055
"../../../Engine/Content/Internationalization/icudt64l/lang/uk.res" 2056
"../../../Engine/Content/Internationalization/icudt64l/region/uk.res" 2057
"../../../Engine/Content/Internationalization/icudt64l/lang/ur.res" 2058
"../../../Engine/Content/Internationalization/icudt64l/lang/ur_IN.res" 2059
"../../../Engine/Content/Internationalization/icudt64l/region/ur_IN.res" 2060
"../../../Engine/Content/Internationalization/icudt64l/region/ur.res" 2061
"../../../Engine/Content/Internationalization/icudt64l/lang/uz.res" 2062
"../../../Engine/Content/Internationalization/icudt64l/lang/uz_Arab.res" 2063
"../../../Engine/Content/Internationalization/icudt64l/lang/uz_AF.res" 2064
"../../../Engine/Content/Internationalization/icudt64l/lang/uz_Arab_AF.res" 2065
"../../../Engine/Content/Internationalization/icudt64l/region/uz_AF.res" 2066
"../../../Engine/Content/Internationalization/icudt64l/region/uz_Arab_AF.res" 2067
"../../../Engine/Content/Internationalization/icudt64l/region/uz_Arab.res" 2068
"../../../Engine/Content/Internationalization/icudt64l/lang/uz_Cyrl.res" 2069
"../../../Engine/Content/Internationalization/icudt64l/lang/uz_UZ.res" 2070
"../../../Engine/Content/Internationalization/icudt64l/lang/uz_Latn_UZ.res" 2071
"../../../Engine/Content/Internationalization/icudt64l/lang/uz_Latn.res" 2072
"../../../Engine/Content/Internationalization/icudt64l/region/uz_UZ.res" 2073
"../../../Engine/Content/Internationalization/icudt64l/region/uz_Latn_UZ.res" 2074
"../../../Engine/Content/Internationalization/icudt64l/region/uz_Latn.res" 2075
"../../../Engine/Content/Internationalization/icudt64l/region/uz.res" 2076
"../../../Engine/Content/Internationalization/icudt64l/region/uz_Cyrl.res" 2077
"../../../Engine/Content/Internationalization/icudt64l/lang/vai.res" 2078
"../../../Engine/Content/Internationalization/icudt64l/lang/vai_Latn.res" 2079
"../../../Engine/Content/Internationalization/icudt64l/lang/vai_LR.res" 2080
"../../../Engine/Content/Internationalization/icudt64l/lang/vai_Vaii_LR.res" 2081
"../../../Engine/Content/Internationalization/icudt64l/lang/vai_Vaii.res" 2082
"../../../Engine/Content/Internationalization/icudt64l/region/vai_LR.res" 2083
"../../../Engine/Content/Internationalization/icudt64l/region/vai_Vaii_LR.res" 2084
"../../../Engine/Content/Internationalization/icudt64l/region/vai_Vaii.res" 2085
"../../../Engine/Content/Internationalization/icudt64l/region/vai.res" 2086
"../../../Engine/Content/Internationalization/icudt64l/region/vai_Latn.res" 2087
"../../../Engine/Content/Internationalization/icudt64l/lang/vi.res" 2088
"../../../Engine/Content/Internationalization/icudt64l/region/vi.res" 2089
"../../../Engine/Content/Internationalization/icudt64l/lang/vun.res" 2090
"../../../Engine/Content/Internationalization/icudt64l/region/vun.res" 2091
"../../../Engine/Content/Internationalization/icudt64l/lang/wae.res" 2092
"../../../Engine/Content/Internationalization/icudt64l/region/wae.res" 2093
"../../../Engine/Content/Internationalization/icudt64l/lang/wo.res" 2094
"../../../Engine/Content/Internationalization/icudt64l/region/wo.res" 2095
"../../../Engine/Content/Internationalization/icudt64l/lang/xh.res" 2096
"../../../Engine/Content/Internationalization/icudt64l/region/xh.res" 2097
"../../../Engine/Content/Internationalization/icudt64l/lang/xog.res" 2098
"../../../Engine/Content/Internationalization/icudt64l/region/xog.res" 2099
"../../../Engine/Content/Internationalization/icudt64l/lang/yav.res" 2100
"../../../Engine/Content/Internationalization/icudt64l/region/yav.res" 2101
"../../../Engine/Content/Internationalization/icudt64l/lang/yi.res" 2102
"../../../Engine/Content/Internationalization/icudt64l/region/yi.res" 2103
"../../../Engine/Content/Internationalization/icudt64l/lang/yo.res" 2104
"../../../Engine/Content/Internationalization/icudt64l/lang/yo_BJ.res" 2105
"../../../Engine/Content/Internationalization/icudt64l/region/yo_BJ.res" 2106
"../../../Engine/Content/Internationalization/icudt64l/region/yo.res" 2107
"../../../Engine/Content/Internationalization/icudt64l/lang/yue.res" 2108
"../../../Engine/Content/Internationalization/icudt64l/lang/yue_Hans.res" 2109
"../../../Engine/Content/Internationalization/icudt64l/lang/yue_CN.res" 2110
"../../../Engine/Content/Internationalization/icudt64l/lang/yue_Hans_CN.res" 2111
"../../../Engine/Content/Internationalization/icudt64l/region/yue_CN.res" 2112
"../../../Engine/Content/Internationalization/icudt64l/region/yue_Hans_CN.res" 2113
"../../../Engine/Content/Internationalization/icudt64l/region/yue_Hans.res" 2114
"../../../Engine/Content/Internationalization/icudt64l/lang/yue_Hant.res" 2115
"../../../Engine/Content/Internationalization/icudt64l/lang/yue_HK.res" 2116
"../../../Engine/Content/Internationalization/icudt64l/lang/yue_Hant_HK.res" 2117
"../../../Engine/Content/Internationalization/icudt64l/region/yue_HK.res" 2118
"../../../Engine/Content/Internationalization/icudt64l/region/yue_Hant_HK.res" 2119
"../../../Engine/Content/Internationalization/icudt64l/region/yue_Hant.res" 2120
"../../../Engine/Content/Internationalization/icudt64l/region/yue.res" 2121
"../../../Engine/Content/Internationalization/icudt64l/lang/zgh.res" 2122
"../../../Engine/Content/Internationalization/icudt64l/region/zgh.res" 2123
"../../../Engine/Content/Internationalization/icudt64l/lang/zh.res" 2124
"../../../Engine/Content/Internationalization/icudt64l/lang/zh_Hans.res" 2125
"../../../Engine/Content/Internationalization/icudt64l/lang/zh_CN.res" 2126
"../../../Engine/Content/Internationalization/icudt64l/lang/zh_Hans_CN.res" 2127
"../../../Engine/Content/Internationalization/icudt64l/region/zh_CN.res" 2128
"../../../Engine/Content/Internationalization/icudt64l/region/zh_Hans_CN.res" 2129
"../../../Engine/Content/Internationalization/icudt64l/region/zh_Hans.res" 2130
"../../../Engine/Content/Internationalization/icudt64l/region/zh.res" 2131
"../../../Engine/Content/Internationalization/icudt64l/lang/zh_HK.res" 2132
"../../../Engine/Content/Internationalization/icudt64l/lang/zh_Hant_HK.res" 2133
"../../../Engine/Content/Internationalization/icudt64l/lang/zh_Hant.res" 2134
"../../../Engine/Content/Internationalization/icudt64l/region/zh_HK.res" 2135
"../../../Engine/Content/Internationalization/icudt64l/region/zh_Hant_HK.res" 2136
"../../../Engine/Content/Internationalization/icudt64l/region/zh_Hant.res" 2137
"../../../Engine/Content/Internationalization/icudt64l/lang/zh_MO.res" 2138
"../../../Engine/Content/Internationalization/icudt64l/lang/zh_Hant_MO.res" 2139
"../../../Engine/Content/Internationalization/icudt64l/region/zh_MO.res" 2140
"../../../Engine/Content/Internationalization/icudt64l/region/zh_Hant_MO.res" 2141
"../../../Engine/Content/Internationalization/icudt64l/lang/zh_SG.res" 2142
"../../../Engine/Content/Internationalization/icudt64l/lang/zh_Hans_SG.res" 2143
"../../../Engine/Content/Internationalization/icudt64l/region/zh_SG.res" 2144
"../../../Engine/Content/Internationalization/icudt64l/region/zh_Hans_SG.res" 2145
"../../../Engine/Content/Internationalization/icudt64l/lang/zh_TW.res" 2146
"../../../Engine/Content/Internationalization/icudt64l/lang/zh_Hant_TW.res" 2147
"../../../Engine/Content/Internationalization/icudt64l/region/zh_TW.res" 2148
"../../../Engine/Content/Internationalization/icudt64l/region/zh_Hant_TW.res" 2149
"../../../Engine/Content/Internationalization/icudt64l/lang/zu.res" 2150
"../../../Engine/Content/Internationalization/icudt64l/region/zu.res" 2151
"../../../Engine/Content/Internationalization/icudt64l/lang/no.res" 2152
"../../../Engine/Content/Internationalization/icudt64l/lang/tl.res" 2153
"../../../Engine/Config/Android/DataDrivenPlatformInfo.ini" 2154
"../../../Engine/Config/IOS/DataDrivenPlatformInfo.ini" 2155
"../../../Engine/Config/Linux/DataDrivenPlatformInfo.ini" 2156
"../../../Engine/Config/Mac/DataDrivenPlatformInfo.ini" 2157
"../../../Engine/Config/TVOS/DataDrivenPlatformInfo.ini" 2158
"../../../Engine/Config/Unix/DataDrivenPlatformInfo.ini" 2159
"../../../Engine/Config/VulkanPC/DataDrivenPlatformInfo.ini" 2160
"../../../Engine/Config/Windows/DataDrivenPlatformInfo.ini" 2161
"../../../Engine/Platforms/VisionOS/Config/DataDrivenPlatformInfo.ini" 2162
"../../../Engine/Content/Renderer/TessellationTable.bin" 2163
"../../../Engine/DerivedDataCache/Compressed.ddp" 2164
"C:/Users/Administrator/AppData/Local/UnrealEngine/Common/Zen/Install/zen_plugin_versions.json" 2165
"C:/Users/Administrator/AppData/Local/UnrealEngine/5.8/Saved/Zen/zen.version" 2166
"C:/Users/Administrator/AppData/Local/UnrealEngine/Common/Zen/Install/zen.version" 2167
"C:/Users/Administrator/AppData/Local/UnrealEngine/Common/Zen/Install/security-config.json" 2168
"C:/Users/Administrator/AppData/Local/UnrealEngine/Common/Zen/Install/zenserver.runcontext" 2169
"C:/Users/Administrator/AppData/Local/UnrealEngine/Common/DerivedDataCache/TestData/0/TestData_4kb.dat" 2170
"C:/Users/Administrator/AppData/Local/UnrealEngine/Common/DerivedDataCache/TestData/1/TestData_4kb.dat" 2171
"C:/Users/Administrator/AppData/Local/UnrealEngine/Common/DerivedDataCache/TestData/0/TestData_8kb.dat" 2172
"C:/Users/Administrator/AppData/Local/UnrealEngine/Common/DerivedDataCache/TestData/1/TestData_8kb.dat" 2173
"C:/Users/Administrator/AppData/Local/UnrealEngine/Common/DerivedDataCache/TestData/0/TestData_16kb.dat" 2174
"C:/Users/Administrator/AppData/Local/UnrealEngine/Common/DerivedDataCache/TestData/1/TestData_16kb.dat" 2175
"C:/Users/Administrator/AppData/Local/UnrealEngine/Common/DerivedDataCache/TestData/0/TestData_64kb.dat" 2176
"C:/Users/Administrator/AppData/Local/UnrealEngine/Common/DerivedDataCache/TestData/1/TestData_64kb.dat" 2177
"C:/Users/Administrator/AppData/Local/UnrealEngine/Common/DerivedDataCache/TestData/0/TestData_128kb.dat" 2178
"C:/Users/Administrator/AppData/Local/UnrealEngine/Common/DerivedDataCache/TestData/1/TestData_128kb.dat" 2179
"C:/Users/Administrator/AppData/Local/UnrealEngine/Common/DerivedDataCache/TestData/0/TestData_256kb.dat" 2180
"C:/Users/Administrator/AppData/Local/UnrealEngine/Common/DerivedDataCache/TestData/1/TestData_256kb.dat" 2181
"C:/Users/Administrator/AppData/Roaming/Unreal Engine/UnrealBuildTool/BuildConfiguration.xml" 2182
"../../../../../../Game projects/Grand-City-Mobile-RP-UE5/Intermediate/ShaderAutogen/PCD3D_SM6/AutogenShaderHeaders.ush" 2183
"../../../Engine/Shaders/Private/HairStrands/HairStrandsVertexFactory.ush" 2184
"../../../Engine/Shaders/Private/VertexFactoryCommon.ush" 2185
"../../../Engine/Shaders/Private/Common.ush" 2186
"../../../Engine/Shaders/Public/Platform.ush" 2187
"../../../Engine/Shaders/Public/FP16Math.ush" 2188
"../../../Engine/Shaders/Public/Platform/D3D/D3DCommon.ush" 2189
"../../../Engine/Shaders/Shared/HLSLReservedSpaces.h" 2190
"../../../Engine/Shaders/Public/BindlessResources.ush" 2191
"../../../Engine/Shaders/Public/Platform/D3D/PlatformBindlessResources.ush" 2192
"../../../Engine/Shaders/Shared/RayTracingBuiltInResources.h" 2193
"../../../Engine/Shaders/Shared/RayTracingDefinitions.h" 2194
"../../../Engine/Shaders/Shared/MaterialCacheDefinitions.h" 2195
"../../../Engine/Shaders/Shared/HLSLTypeAliases.h" 2196
"../../../Engine/Shaders/Public/IndirectVirtualTexture.ush" 2197
"../../../Engine/Shaders/Shared/IndirectVirtualTextureDefinitions.h" 2198
"../../../Engine/Shaders/Public/OverloadMacros.ush" 2199
"../../../Engine/Shaders/Public/ShaderVersion.ush" 2200
"../../../Engine/Shaders/Public/NvidiaExtensionsCommon.ush" 2201
"../../../Engine/Shaders/Shared/ThirdParty/NVIDIA/nvHLSLExtns.h" 2202
"../../../Engine/Shaders/Shared/ThirdParty/NVIDIA/nvHLSLExtnsInternal.h" 2203
"../../../Engine/Shaders/Shared/ThirdParty/NVIDIA/nvShaderExtnEnums.h" 2204
"../../../Engine/Shaders/Private/PackUnpack.ush" 2205
"../../../Engine/Shaders/Private/GeneratedUniformBufferTypes.ush" 2206
"../../../Engine/Shaders/Private/Nanite/NanitePackedNaniteView.ush" 2207
"../../../Engine/Shaders/Private/HairStrands/HairStrandsVisibilityCommonStruct.ush" 2208
"../../../Engine/Shaders/Private/HairStrands/HairStrandsVoxelPageCommonStruct.ush" 2209
"../../../Engine/Shaders/Private/HairStrands/HairStrandsDeepShadowCommonStruct.ush" 2210
"../../../Engine/Shaders/Shared/LightSceneData.h" 2211
"../../../Engine/Shaders/Private/LargeWorldCoordinates.ush" 2212
"../../../Engine/Shaders/Private/DoubleFloat.ush" 2213
"../../../Engine/Shaders/Private/RandomPCG.ush" 2214
"../../../Engine/Shaders/Private/DoubleFloatOperations.ush" 2215
"../../../Engine/Shaders/Private/DoubleFloatVectorDefinition.ush" 2216
"../../../Engine/Shaders/Private/LWCOperations.ush" 2217
"../../../Engine/Shaders/Shared/LightViewData.h" 2218
"../../../Engine/Shaders/Shared/RayTracingTypes.h" 2219
"../../../Engine/Shaders/Shared/HLSLStaticAssert.h" 2220
"../../../Engine/Shaders/Shared/NaniteDefinitions.h" 2221
"../../../Engine/Shaders/Private/CommonViewUniformBuffer.ush" 2222
"../../../Engine/Shaders/Private/InstancedStereo.ush" 2223
"../../../Engine/Shaders/Private/Definitions.usf" 2224
"../../../Engine/Shaders/Private/AssertionMacros.ush" 2225
"../../../Engine/Shaders/Private/FastMath.ush" 2226
"../../../Engine/Shaders/Private/FastMathThirdParty.ush" 2227
"../../../Engine/Shaders/Private/Random.ush" 2228
"../../../Engine/Shaders/Private/RandomInterleavedGradientNoise.ush" 2229
"../../../Engine/Shaders/Private/SceneData.ush" 2230
"../../../Engine/Shaders/Private/OctahedralCommon.ush" 2231
"../../../Engine/Shaders/Private/WaveOpUtil.ush" 2232
"../../../Engine/Shaders/Private/ByteBuffer.ush" 2233
"../../../Engine/Shaders/Shared/SceneDefinitions.h" 2234
"../../../Engine/Shaders/Private/SceneDataMobileLoader.ush" 2235
"../../../Engine/Shaders/Private/LocalVertexFactoryCommon.ush" 2236
"../../../Engine/Shaders/Private/HairStrands/HairStrandsVisibilityCommon.ush" 2237
"../../../Engine/Shaders/Shared/HairStrandsDefinitions.h" 2238
"../../../Engine/Shaders/Private/HairStrands/HairStrandsVertexFactoryCommon.ush" 2239
"../../../Engine/Shaders/Private/HairStrands/HairStrandsPack.ush" 2240
"../../../Engine/Shaders/Private/HairStrands/HairStrandsAttributeCommon.ush" 2241
"../../../Engine/Shaders/Private/HairStrands/HairStrandsAttributeTemplate.ush" 2242
"../../../Engine/Shaders/Private/VertexFactoryDefaultInterface.ush" 2243
"../../../Engine/Shaders/Private/HairStrands/HairCardsVertexFactory.ush" 2244
"../../../Engine/Shaders/Private/HairStrands/HairCardsAttributeCommon.ush" 2245
"../../../Engine/Shaders/Private/RayTracing/RayTracingCommon.ush" 2246
"../../../Engine/Shaders/Private/ShadingCommon.ush" 2247
"../../../Engine/Shaders/Shared/RayTracingPayloadType.h" 2248
"../../../Engine/Shaders/Private/RayTracing/RayTracingRayCone.ush" 2249
"../../../Engine/Shaders/Private/Substrate/Substrate.ush" 2250
"../../../Engine/Shaders/Private/ShadingEnergyConservation.ush" 2251
"../../../Engine/Shaders/Private/ShadingEnergyConservationTemplate.ush" 2252
"../../../Engine/Shaders/Private/BRDF.ush" 2253
"../../../Engine/Shaders/Private/ColorSpace.ush" 2254
"../../../Engine/Shaders/Private/DeferredShadingCommon.ush" 2255
"../../../Engine/Shaders/Private/LightAccumulator.ush" 2256
"../../../Engine/Shaders/Private/SceneTexturesCommon.ush" 2257
"../../../Engine/Shaders/Private/MonteCarlo.ush" 2258
"../../../Engine/Shaders/Private/GBufferHelpers.ush" 2259
"../../../Engine/Shaders/Private/SceneTextureParameters.ush" 2260
"C:/Game projects/Grand-City-Mobile-RP-UE5/Intermediate/ShaderAutogen/PCD3D_SM6/AutogenShaderHeaders.ush" 2261
"../../../Engine/Shaders/Private/ParticipatingMediaCommon.ush" 2262
"../../../Engine/Shaders/Private/ThinFilmBSDF.ush" 2263
"../../../Engine/Shaders/Private/MortonCode.ush" 2264
"../../../Engine/Shaders/Private/SubsurfaceProfileCommon.ush" 2265
"../../../Engine/Shaders/Private/BurleyNormalizedSSSCommon.ush" 2266
"../../../Engine/Shaders/Private/GammaCorrectionCommon.ush" 2267
"../../../Engine/Shaders/Shared/SubstrateDefinitions.h" 2268
"../../../Engine/Shaders/Private/Substrate/SubstrateStatisticalOperators.ush" 2269
"../../../Engine/Shaders/Private/Substrate/SubstrateSubsurface.ush" 2270
"../../../Engine/Shaders/Private/TransmissionCommon.ush" 2271
"../../../Engine/Shaders/Private/Substrate/SubstrateExportCommon.ush" 2272
"../../../Engine/Shaders/Private/SpecularProfileCommon.ush" 2273
"../../../Engine/Shaders/Private/Substrate/SubstrateToonBSDF.ush" 2274
"../../../Engine/Shaders/Private/AreaLightCommon.ush" 2275
"../../../Engine/Shaders/Private/RectLight.ush" 2276
"../../../Engine/Shaders/Private/CapsuleLight.ush" 2277
"../../../Engine/Shaders/Private/LightData.ush" 2278
"../../../Engine/Shaders/Private/HairShadingCommon.ush" 2279
"../../../Engine/Shaders/Shared/LightDefinitions.h" 2280
"../../../Engine/Shaders/Private/ToonProfileCommon.ush" 2281
"../../../Engine/Shaders/Shared/ToonProfileDefinitions.h" 2282
"../../../Engine/Shaders/Private/RayTracing/RayTracingCommonMetal.ush" 2283
"../../../Engine/Shaders/Private/PositionReconstructionCommon.ush" 2284
"../../../Engine/Shaders/Private/RayTracing/TraceRayInline.ush" 2285
"../../../Engine/Shaders/Private/RayTracing/TraceRayInlineCommon.ush" 2286
"../../../Engine/Shaders/Private/RayTracing/TraceRayInlineVulkan.ush" 2287
"../../../Engine/Shaders/Private/RayTracing/TraceRayInlineMetal.ush" 2288
"../../../Engine/Shaders/Private/RayTracing/RayTracingHitGroupCommon.ush" 2289
"../../../Engine/Shaders/Private/Nanite/NaniteRayTrace.ush" 2290
"../../../Engine/Shaders/Private/Nanite/NaniteDataDecode.ush" 2291
"../../../Engine/Shaders/Private/BitPacking.ush" 2292
"../../../Engine/Shaders/Private/BitStreamReaderImplementation.ush" 2293
"../../../Engine/Shaders/Private/BoneTransform.ush" 2294
"../../../Engine/Shaders/Private/Quaternion.ush" 2295
"../../../Engine/Shaders/Private/Skinning/SkinningSceneDataDecode.ush" 2296
"../../../Engine/Shaders/Private/Skinning/SkinningDataDecode.ush" 2297
"../../../Engine/Shaders/Shared/SkinningDefinitions.h" 2298
"../../../Engine/Shaders/Private/Nanite/NaniteAttributeDecode.ush" 2299
"../../../Engine/Shaders/Private/Barycentrics.ush" 2300
"../../../Engine/Shaders/Private/DualNumber.ush" 2301
"../../../Engine/Shaders/Shared/ThirdParty/RayTriangleIntersection.h" 2302
"../../../Engine/Shaders/Private/Nanite/NaniteVertexFetch.ush" 2303
"../../../Engine/Shaders/Private/ViewData.ush" 2304
"../../../Engine/Shaders/Shared/ViewDefinitions.h" 2305
"../../../Engine/Shaders/Private/Nanite/NaniteSceneCommon.ush" 2306
"../../../Engine/Shaders/Private/RayTracing/TraceRayInlineD3D12.ush" 2307
"../../../Engine/Plugins/Experimental/Water/Shaders/Private/WaterMeshVertexFactory.ush" 2308
"../../../Engine/Plugins/FX/Niagara/Shaders/Private/NiagaraSpriteVertexFactory.ush" 2309
"../../../Engine/Shaders/Private/ParticleVertexFactoryCommon.ush" 2310
"../../../Engine/Plugins/FX/Niagara/Shaders/Private/NiagaraVFCommon.usf" 2311
"../../../Engine/Plugins/FX/Niagara/Shaders/Private/NiagaraVFParticleAccess.usf" 2312
"../../../Engine/Plugins/FX/Niagara/Shaders/Private/NiagaraParticleAccess.ush" 2313
"../../../Engine/Plugins/FX/Niagara/Shaders/Private/NiagaraRibbonVertexFactory.ush" 2314
"../../../Engine/Plugins/FX/Niagara/Shaders/Private/NiagaraMeshVertexFactory.ush" 2315
"../../../Engine/Plugins/FX/Niagara/Shaders/Private/NiagaraCommon.ush" 2316
"../../../Engine/Plugins/FX/Niagara/Shaders/Private/NiagaraMeshParticleUtils.ush" 2317
"../../../Engine/Shaders/Private/VectorFieldVisualizationVertexFactory.ush" 2318
"../../../Engine/Shaders/Private/Nanite/NaniteVertexFactory.ush" 2319
"../../../Engine/Shaders/Private/LightmapData.ush" 2320
"../../../Engine/Shaders/Private/SplineMeshCommon.ush" 2321
"../../../Engine/Shaders/Shared/SplineMeshShaderParams.h" 2322
"../../../Engine/Shaders/Private/ShaderPrint.ush" 2323
"../../../Engine/Shaders/Private/ShaderPrintCommon.ush" 2324
"../../../Engine/Shaders/Private/MiniFontCommon.ush" 2325
"../../../Engine/Shaders/Private/SGGX.ush" 2326
"../../../Engine/Shaders/Private/MaterialCache/MaterialCacheCommon.ush" 2327
"../../../Engine/Shaders/Private/Nanite/NaniteVertexDeformation.ush" 2328
"../../../Engine/Shaders/Private/Matrices.ush" 2329
"../../../Engine/Shaders/Private/ParticleSpriteVertexFactory.ush" 2330
"../../../Engine/Shaders/Private/ParticleGPUSpriteVertexFactory.ush" 2331
"../../../Engine/Shaders/Private/ParticleSimulationCommon.ush" 2332
"../../../Engine/Shaders/Private/ParticleBeamTrailVertexFactory.ush" 2333
"../../../Engine/Shaders/Private/MeshParticleVertexFactory.ush" 2334
"../../../Engine/Shaders/Private/LocalVertexFactory.ush" 2335
"../../../Engine/Shaders/Private/GpuSkinCommon.ush" 2336
"../../../Engine/Shaders/Private/GpuSkinVertexFactory.ush" 2337
"../../../Engine/Shaders/Private/GeometryCollectionVertexFactory.ush" 2338
"../../../Engine/Shaders/Private/GeometryCacheVertexFactory.ush" 2339
"../../../Engine/Shaders/Private/LandscapeVertexFactory.ush" 2340
"../../../Engine/Shaders/Private/Nanite/NaniteTranslucencyFactory.ush" 2341
"../../../Engine/Shaders/Private/ComputeShaderUtils.ush" 2342
"../../../Engine/Shaders/Private/Nanite/NaniteRasterizationCommon.ush" 2343
"../../../Engine/Shaders/Private/Nanite/NaniteRasterizer.ush" 2344
"../../../Engine/Shaders/Private/VirtualShadowMaps/VirtualShadowMapPageAccessCommon.ush" 2345
"../../../Engine/Shaders/Shared/VirtualShadowMapDefinitions.h" 2346
"../../../Engine/Shaders/Shared/HLSLMathAliases.h" 2347
"../../../Engine/Shaders/Private/VirtualShadowMaps/VirtualShadowMapHandle.ush" 2348
"../../../Engine/Shaders/Private/VirtualShadowMaps/VirtualShadowMapPageOverlap.ush" 2349
"../../../Engine/Shaders/Private/Nanite/NaniteHZBCull.ush" 2350
"../../../Engine/Shaders/Private/HZB.ush" 2351
"../../../Engine/Shaders/Private/VirtualShadowMaps/VirtualShadowMapPageCacheCommon.ush" 2352
"../../../Engine/Shaders/Private/VirtualShadowMaps/VirtualShadowMapProjectionStructs.ush" 2353
"../../../Engine/Shaders/Private/Nanite/NaniteWritePixel.ush" 2354
"../../../Engine/Shaders/Private/Nanite/NaniteCullingCommon.ush" 2355
"../../../Engine/Shaders/Private/Nanite/NaniteCulling.ush" 2356
"../../../Engine/Shaders/Private/Nanite/NaniteHierarchyTraversalCommon.ush" 2357
"../../../Engine/Shaders/Private/MaterialTemplate.ush" 2358
"../../../Engine/Shaders/Private/WorldSpaceMath.ush" 2359
"../../../Engine/Shaders/Private/EyeAdaptationCommon.ush" 2360
"../../../Engine/Shaders/Private/SobolRandom.ush" 2361
"../../../Engine/Shaders/Private/DepthOfFieldCommon.ush" 2362
"../../../Engine/Shaders/Private/CircleDOFCommon.ush" 2363
"../../../Engine/Shaders/Private/DistanceField/GlobalDistanceFieldShared.ush" 2364
"../../../Engine/Shaders/Private/PhysicsFieldSampler.ush" 2365
"../../../Engine/Shaders/Private/PhysicsFieldShared.ush" 2366
"../../../Engine/Shaders/Private/PhysicsFieldEval.ush" 2367
"../../../Engine/Shaders/Private/SparseVolumeTexture/SparseVolumeTextureCommon.ush" 2368
"../../../Engine/Shaders/Shared/EnvironmentComponentsFlags.h" 2369
"../../../Engine/Shaders/Private/MeshPaintTextureCommon.ush" 2370
"../../../Engine/Shaders/Private/VirtualTextureMaterial.ush" 2371
"../../../Engine/Shaders/Private/MaterialCache/MaterialCacheMaterialCommon.ush" 2372
"../../../Engine/Shaders/Private/VirtualTextureCommon.ush" 2373
"../../../Engine/Shaders/Shared/VirtualTextureDefinitions.h" 2374
"../../../Engine/Shaders/Private/BlueNoiseCommon.ush" 2375
"../../../Engine/Shaders/Private/Quantization.ush" 2376
"../../../Engine/Shaders/Private/SpeedTreeCommon.ush" 2377
"../../../Engine/Shaders/Public/IndirectVirtualTextureCommon.ush" 2378
"../../../Engine/Shaders/Private/MaterialTexture.ush" 2379
"../../../Engine/Shaders/Private/MinMaterialTexCoords.ush" 2380
"../../../Engine/Shaders/Private/SkyAtmosphereCommon.ush" 2381
"../../../Engine/Shaders/Private/SingleLayerWaterCommon.ush" 2382
"../../../Engine/Shaders/Private/TextureSampling.ush" 2383
"../../../Engine/Shaders/Private/PaniniProjection.ush" 2384
"../../../Engine/Shaders/Private/DBufferNormalReprojection.ush" 2385
"../../../Engine/Shaders/Public/SubstratePublic.ush" 2386
"../../../Engine/Shaders/Private/Substrate/SubstrateRead.ush" 2387
"../../../Engine/Shaders/Private/Substrate/SubstrateTree.ush" 2388
"../../../Engine/Shaders/Private/Substrate/SubstrateEvaluation.ush" 2389
"../../../Engine/Shaders/Private/Substrate/Glint/GlintThirdParty.ush" 2390
"../../../Engine/Shaders/Private/BlueNoise.ush" 2391
"../../../Engine/Shaders/Private/SHCommon.ush" 2392
"../../../Engine/Shaders/Private/ShadingModels.ush" 2393
"../../../Engine/Shaders/Private/HairBsdf.ush" 2394
"../../../Engine/Shaders/Private/PathTracing/Utilities/PathTracingRandomSequence.ush" 2395
"../../../Engine/Shaders/Private/MobileGGX.ush" 2396
"../../../Engine/Shaders/Private/ShadingModelsSampling.ush" 2397
"../../../Engine/Shaders/Private/HairStrands/HairBsdfSample.ush" 2398
"../../../Engine/Shaders/Private/HairStrands/HairStrandsCommon.ush" 2399
"../../../Engine/Shaders/Private/HairStrands/HairStrandsDeepTransmittanceCommon.ush" 2400
"../../../Engine/Shaders/Private/HairStrands/HairStrandsDeepTransmittanceDualScattering.ush" 2401
"../../../Engine/Shaders/Private/HairStrands/HairStrandsEnvironmentLightingCommon.ush" 2402
"../../../Engine/Shaders/Private/Substrate/SubstrateLegacyConversion.ush" 2403
"../../../Engine/Shaders/Private/DBufferDecalShared.ush" 2404
"../../../Engine/Shaders/Private/Nanite/NaniteTessellation.ush" 2405
"../../../Engine/Shaders/Private/WorkDistribution.ush" 2406
"../../../Engine/Shaders/Public/RootConstants.ush" 2407
"../../../Engine/Shaders/Public/Platform/D3D/D3DRootConstants.ush" 2408
"../../../Engine/Plugins/Experimental/NFORDenoise/Shaders/NFORDenoise.usf" 2409
"../../../Engine/Shaders/Private/ScreenPass.ush" 2410
"../../../Engine/Plugins/Experimental/NFORDenoise/Shaders/NFORRegressionCommon.ush" 2411
"../../../Engine/Plugins/Experimental/NFORDenoise/Shaders/NFORRegression.ush" 2412
"../../../Engine/Plugins/Compositing/CompositeCore/Shaders/Private/CompositeCoreMerge.usf" 2413
"../../../Engine/Shaders/Private/LensDistortion.ush" 2414
"../../../Engine/Plugins/Compositing/CompositeCore/Shaders/Private/CompositeCoreBlending.ush" 2415
"../../../Engine/Plugins/Compositing/CompositeCore/Shaders/Private/CompositeCoreDisplayTransform.usf" 2416
"../../../Engine/Plugins/Compositing/CompositeCore/Shaders/Private/CompositeCoreDilate.usf" 2417
"../../../Engine/Plugins/Runtime/ComputeFramework/Shaders/Private/ComputeKernel.usf" 2418
"../../../Engine/Plugins/Runtime/ComputeFramework/Shaders/Private/ComputeKernelCommon.ush" 2419
"../../../Engine/Plugins/Media/TmvMedia/Shaders/Private/TmvTextureYuvConverter.usf" 2420
"../../../Engine/Plugins/Media/TmvMedia/Shaders/Private/TmvColorProcessing.ush" 2421
"../../../Engine/Plugins/Media/TmvMedia/Shaders/Private/TmvTextureBufferSwizzler.usf" 2422
"../../../Engine/Plugins/Media/TmvMedia/Shaders/Private/TmvStructuredBufferSwizzler.usf" 2423
"../../../Engine/Plugins/Media/WmfMedia/Shaders/Private/MediaHardwareVideoDecoding.usf" 2424
"../../../Engine/Shaders/Private/ColorUtils.ush" 2425
"../../../Engine/Plugins/Media/ImgMedia/Shaders/Private/ExrSwizzler.usf" 2426
"../../../Engine/Plugins/NNE/NNEDenoiser/Shaders/NNEDenoiserShadersTransferFunctionOidn.usf" 2427
"../../../Engine/Plugins/NNE/NNEDenoiser/Shaders/NNEDenoiserShadersMappedCopy.usf" 2428
"../../../Engine/Plugins/NNE/NNEDenoiser/Shaders/NNEDenoiserShadersDefaultIOProcess.usf" 2429
"../../../Engine/Plugins/NNE/NNEDenoiser/Shaders/NNEDenoiserShadersAutoExposureReduceFinal.usf" 2430
"../../../Engine/Plugins/NNE/NNEDenoiser/Shaders/NNEDenoiserShadersAutoExposureReduce.usf" 2431
"../../../Engine/Plugins/NNE/NNEDenoiser/Shaders/NNEDenoiserShadersAutoExposureDownsample.usf" 2432
"../../../Engine/Plugins/Enterprise/GLTFExporter/Shaders/Private/SimpleTexture2DPS.usf" 2433
"../../../Engine/Shaders/Private/SimpleElementNormalMapPixelShader.usf" 2434
"../../../Engine/Plugins/Runtime/HairStrands/Shaders/Private/NiagaraCopyVelocityGrid.usf" 2435
"../../../Engine/Plugins/Runtime/HairStrands/Shaders/Private/NiagaraClearVelocityGrid.usf" 2436
"../../../Engine/Plugins/Runtime/HairStrands/Shaders/Private/NiagaraClearPressureGrid.usf" 2437
"../../../Engine/Plugins/Runtime/HairStrands/Shaders/Private/NiagaraInterpolateGroomGuides.usf" 2438
"../../../Engine/Plugins/Runtime/HairStrands/Shaders/Private/NiagaraGroomInterpolationUtils.ush" 2439
"../../../Engine/Plugins/FX/Niagara/Shaders/Private/NiagaraQuaternionUtils.ush" 2440
"../../../Engine/Shaders/Private/HairStrands/HairStrandsMesh.usf" 2441
"../../../Engine/Shaders/Private/HairStrands/HairStrandsBindingCommon.ush" 2442
"../../../Engine/Shaders/Private/HairStrands/HairStrandsFollicleMask.usf" 2443
"../../../Engine/Shaders/Private/HairStrands/HairStrandsSkinUpdate.usf" 2444
"../../../Engine/Shaders/Private/HairStrands/HairStrandsClusterCulling.usf" 2445
"../../../Engine/Shaders/Private/ColorMap.ush" 2446
"../../../Engine/Shaders/Private/HairStrands/HairStrandsAABBCommon.ush" 2447
"../../../Engine/Shaders/Private/HairStrands/HairStrandsClusterCommon.ush" 2448
"../../../Engine/Shaders/Private/ThreadGroupPrefixSum.ush" 2449
"../../../Engine/Shaders/Private/HairStrands/HairStrandsRaytracingGeometry.usf" 2450
"../../../Engine/Shaders/Private/HairStrands/HairStrandsTangent.usf" 2451
"../../../Engine/Shaders/Private/HairStrands/HairCardsDeformation.usf" 2452
"../../../Engine/Shaders/Private/HairStrands/HairStrandsInterpolation.usf" 2453
"../../../Engine/Shaders/Private/HairStrands/HairStrandsGuideDeform.usf" 2454
"../../../Engine/Shaders/Private/HairStrands/HairStrandsTexturesGeneration.usf" 2455
"../../../Engine/Shaders/Private/HairStrands/HairCardsTextureCommon.ush" 2456
"../../../Engine/Shaders/Private/HairStrands/HairStrandsTranscode.usf" 2457
"../../../Engine/Shaders/Private/HairStrands/HairStrandsDebug.usf" 2458
"../../../Engine/Shaders/Private/PostProcessCommon.ush" 2459
"../../../Engine/Plugins/PCG/Shaders/Private/PCGUnwrapMesh.usf" 2460
"../../../Engine/Plugins/PCG/Shaders/Private/PCGTextureReadback.usf" 2461
"../../../Engine/Plugins/PCG/Shaders/Private/PCGTexureDownsample.usf" 2462
"../../../Engine/Plugins/PCG/Shaders/Private/PCGSceneWriter.usf" 2463
"../../../Engine/Shaders/Private/GPUScene/GPUSceneWriter.ush" 2464
"../../../Engine/Plugins/PCG/Shaders/Private/PCGRayTrace.usf" 2465
"../../../Engine/Shaders/Private/Visualization.ush" 2466
"../../../Engine/Shaders/Private/Hash.ush" 2467
"../../../Engine/Plugins/PCG/Shaders/Private/PCGGrassMapUnpackerCS.usf" 2468
"../../../Engine/Shaders/Private/Landscape/LandscapeCommon.ush" 2469
"../../../Engine/Plugins/PCG/Shaders/Private/PCGDilate.usf" 2470
"../../../Engine/Plugins/Experimental/Water/Shaders/Private/WaterQuadTreeDraws.usf" 2471
"../../../Engine/Plugins/Experimental/Water/Shaders/Private/WaterQuadTreeCommon.ush" 2472
"../../../Engine/Plugins/Experimental/Water/Shaders/Private/WaterQuadTreeBuild.usf" 2473
"../../../Engine/Plugins/Experimental/Water/Shaders/Private/WaterQuadTreeMerge.usf" 2474
"../../../Engine/Plugins/Experimental/Water/Shaders/Private/WaterQuadTreePixelShader.usf" 2475
"../../../Engine/Plugins/Experimental/Water/Shaders/Private/WaterQuadTreeVertexShader.usf" 2476
"../../../Engine/Plugins/Experimental/Water/Shaders/Private/WaterInfoFinalize.usf" 2477
"../../../Engine/Plugins/Experimental/Water/Shaders/Private/WaterInfoMerge.usf" 2478
"../../../Engine/Plugins/FX/Niagara/Shaders/Private/NiagaraVertexFactoryExport.usf" 2479
"../../../Engine/Plugins/FX/Niagara/Shaders/Private/NiagaraSortKeyGen.usf" 2480
"../../../Engine/Plugins/FX/Niagara/Shaders/Private/NiagaraGPURayTracingTransforms.usf" 2481
"../../../Engine/Plugins/FX/Niagara/Shaders/Private/NiagaraDrawIndirectArgsGen.usf" 2482
"../../../Engine/Plugins/FX/Niagara/Shaders/Private/NiagaraDispatchIndirectArgsGen.usf" 2483
"../../../Engine/Plugins/FX/Niagara/Shaders/Private/Stateless/NiagaraStatelessSimulationDefault.usf" 2484
"../../../Engine/Plugins/FX/Niagara/Shaders/Private/Stateless/NiagaraStatelessCommon.ush" 2485
"../../../Engine/Plugins/FX/Niagara/Shaders/Shared/NiagaraStatelessDefinitions.h" 2486
"../../../Engine/Plugins/FX/Niagara/Shaders/Shared/NiagaraStatelessBuiltDistribution.h" 2487
"../../../Engine/Plugins/FX/Niagara/Shaders/Private/Stateless/NiagaraStatelessDistribution.ush" 2488
"../../../Engine/Plugins/FX/Niagara/Shaders/Private/Stateless/Template/GenerateCS_PreModules.ush" 2489
"../../../Engine/Plugins/FX/Niagara/Shaders/Private/Stateless/Modules/NiagaraStatelessModule_CalculateAccurateVelocity.ush" 2490
"../../../Engine/Plugins/FX/Niagara/Shaders/Private/Stateless/Modules/NiagaraStatelessModule_CameraOffset.ush" 2491
"../../../Engine/Plugins/FX/Niagara/Shaders/Private/Stateless/Modules/NiagaraStatelessModule_DynamicMaterialParameters.ush" 2492
"../../../Engine/Plugins/FX/Niagara/Shaders/Private/Stateless/Modules/NiagaraStatelessModule_InitializeParticle.ush" 2493
"../../../Engine/Plugins/FX/Niagara/Shaders/Private/Stateless/Modules/NiagaraStatelessModule_InitialMeshOrientation.ush" 2494
"../../../Engine/Plugins/FX/Niagara/Shaders/Private/Stateless/Modules/NiagaraStatelessModule_MeshIndex.ush" 2495
"../../../Engine/Plugins/FX/Niagara/Shaders/Private/Stateless/Modules/NiagaraStatelessModule_MeshRotationRate.ush" 2496
"../../../Engine/Plugins/FX/Niagara/Shaders/Private/Stateless/Modules/NiagaraStatelessModule_RotateAroundPoint.ush" 2497
"../../../Engine/Plugins/FX/Niagara/Shaders/Private/Stateless/Modules/NiagaraStatelessModule_ShapeLocation.ush" 2498
"../../../Engine/Plugins/FX/Niagara/Shaders/Private/Stateless/Modules/NiagaraStatelessModule_ScaleColor.ush" 2499
"../../../Engine/Plugins/FX/Niagara/Shaders/Private/Stateless/Modules/NiagaraStatelessModule_ScaleRibbonWidth.ush" 2500
"../../../Engine/Plugins/FX/Niagara/Shaders/Private/Stateless/Modules/NiagaraStatelessModule_ScaleSpriteSize.ush" 2501
"../../../Engine/Plugins/FX/Niagara/Shaders/Private/Stateless/Modules/NiagaraStatelessModule_ScaleSpriteSizeBySpeed.ush" 2502
"../../../Engine/Plugins/FX/Niagara/Shaders/Private/Stateless/Modules/NiagaraStatelessModule_ScaleMeshSize.ush" 2503
"../../../Engine/Plugins/FX/Niagara/Shaders/Private/Stateless/Modules/NiagaraStatelessModule_ScaleMeshSizeBySpeed.ush" 2504
"../../../Engine/Plugins/FX/Niagara/Shaders/Private/Stateless/Modules/NiagaraStatelessModule_SolveVelocitiesAndForces.ush" 2505
"../../../Engine/Plugins/FX/Niagara/Shaders/Private/Stateless/Modules/NiagaraStatelessModule_SpriteFacingAndAlignment.ush" 2506
"../../../Engine/Plugins/FX/Niagara/Shaders/Private/Stateless/Modules/NiagaraStatelessModule_SpriteRotationRate.ush" 2507
"../../../Engine/Plugins/FX/Niagara/Shaders/Private/Stateless/Modules/NiagaraStatelessModule_SubUVAnimation.ush" 2508
"../../../Engine/Plugins/FX/Niagara/Shaders/Private/Stateless/Template/GenerateCS_PostModules.ush" 2509
"../../../Engine/Plugins/FX/Niagara/Shaders/Private/NiagaraBlendSVTsToDenseBuffer.usf" 2510
"../../../Engine/Plugins/FX/Niagara/Shaders/Private/NiagaraSVTToDenseBuffer.usf" 2511
"../../../Engine/Plugins/FX/Niagara/Shaders/Private/NiagaraFillIntBuffer.usf" 2512
"../../../Engine/Plugins/FX/Niagara/Shaders/Private/NiagaraComputeFreeIDs.usf" 2513
"../../../Engine/Plugins/FX/Niagara/Shaders/Private/NiagaraInitFreeIDBuffer.usf" 2514
"../../../Engine/Plugins/FX/Niagara/Shaders/Private/NiagaraEmitterInstanceShader.usf" 2515
"../../../Engine/Plugins/FX/Niagara/Shaders/Private/NiagaraShaderVersion.ush" 2516
"../../../Engine/Plugins/FX/Niagara/Shaders/Private/NiagaraPhysicsCommon.ush" 2517
"../../../Engine/Plugins/FX/Niagara/Shaders/Private/Ribbons/NiagaraRibbonAggregationApply.usf" 2518
"../../../Engine/Plugins/FX/Niagara/Shaders/Private/Ribbons/NiagaraRibbonCommon.ush" 2519
"../../../Engine/Plugins/FX/Niagara/Shaders/Shared/NiagaraRibbonShared.h" 2520
"../../../Engine/Plugins/FX/Niagara/Shaders/Private/Ribbons/NiagaraRibbonAggregationStep.usf" 2521
"../../../Engine/Plugins/FX/Niagara/Shaders/Private/Ribbons/NiagaraRibbonGenerateIndices.usf" 2522
"../../../Engine/Plugins/FX/Niagara/Shaders/Private/Ribbons/NiagaraRibbonInitializeIndices.usf" 2523
"../../../Engine/Plugins/FX/Niagara/Shaders/Private/Ribbons/NiagaraRibbonRibbonUVParamCalculation.usf" 2524
"../../../Engine/Plugins/FX/Niagara/Shaders/Private/Ribbons/NiagaraRibbonVertexReductionFinalization.usf" 2525
"../../../Engine/Plugins/FX/Niagara/Shaders/Private/Ribbons/NiagaraRibbonVertexReductionInitialization.usf" 2526
"../../../Engine/Plugins/FX/Niagara/Shaders/Private/Ribbons/NiagaraRibbonSortParticles.usf" 2527
"../../../Engine/Plugins/FX/Niagara/Shaders/Private/NiagaraNeighborQuerySort.usf" 2528
"../../../Engine/Plugins/FX/Niagara/Shaders/Private/NiagaraLWCHelper.usf" 2529
"../../../Engine/Plugins/FX/Niagara/Shaders/Private/NiagaraUpdateMeshGPUSceneInstances.usf" 2530
"../../../Engine/Plugins/FX/Niagara/Shaders/Private/NiagaraGenerateMips.usf" 2531
"../../../Engine/Plugins/FX/Niagara/Shaders/Private/NiagaraDebugDraw.usf" 2532
"../../../Engine/Plugins/FX/Niagara/Shaders/Private/NiagaraDebugDraw.ush" 2533
"../../../Engine/Plugins/FX/Niagara/Shaders/Private/NiagaraVisualizeTexture.usf" 2534
"../../../Engine/Plugins/FX/Niagara/Shaders/Private/NiagaraClearCounts.usf" 2535
"../../../Engine/Plugins/FX/Niagara/Shaders/Private/NiagaraBatchedElements.usf" 2536
"../../../Engine/Plugins/FX/Niagara/Shaders/Private/NiagaraRayTracingShaders.usf" 2537
"../../../Engine/Plugins/FX/Niagara/Shaders/Private/NiagaraAsyncGpuTraceCommon.ush" 2538
"../../../Engine/Shaders/Private/HashTable.ush" 2539
"../../../Engine/Shaders/Private/RayTracing/VFXTraceRay.ush" 2540
"../../../Engine/Plugins/FX/Niagara/Shaders/Private/NiagaraRayMarchingShaders.usf" 2541
"../../../Engine/Plugins/FX/Niagara/Shaders/Private/NiagaraRayTraceCollisionGroupShaders.usf" 2542
"../../../Engine/Plugins/FX/Niagara/Shaders/Private/NiagaraAsyncGpuTraceUtils.usf" 2543
"../../../Engine/Shaders/Private/VirtualTextureAdapter.usf" 2544
"../../../Engine/Shaders/Private/BlockCompressionCommon.ush" 2545
"../../../Engine/Shaders/Private/BCCompressionCommon.ush" 2546
"../../../Engine/Shaders/Private/TranslucentLightingShaders.usf" 2547
"../../../Engine/Shaders/Private/TranslucencyVolumeInjectionCommon.ush" 2548
"../../../Engine/Shaders/Private/CubemapCommon.ush" 2549
"../../../Engine/Shaders/Private/VectorFieldCompositeShaders.usf" 2550
"../../../Engine/Shaders/Private/UpdateTextureShaders.usf" 2551
"../../../Engine/Shaders/Private/StereoLayerShader.usf" 2552
"../../../Engine/Shaders/Private/SparseVolumeTexture/UpdateSparseVolumeTexture.usf" 2553
"../../../Engine/Shaders/Private/MorphTargets.usf" 2554
"../../../Engine/Shaders/Private/SimpleElementColorChannelMaskPixelShader.usf" 2555
"../../../Engine/Shaders/Private/SimpleElementHitProxyPixelShader.usf" 2556
"../../../Engine/Shaders/Private/SimpleElementPixelShader.usf" 2557
"../../../Engine/Shaders/Private/IESLightProfilesCommon.ush" 2558
"../../../Engine/Shaders/Private/SimpleElementVertexShader.usf" 2559
"../../../Engine/Shaders/Private/ScreenPixelShaderOES.usf" 2560
"../../../Engine/Shaders/Private/ScreenVertexShader.usf" 2561
"../../../Engine/Shaders/Private/ScreenPixelShader.usf" 2562
"../../../Engine/Shaders/Private/ToonProfile.usf" 2563
"../../../Engine/Shaders/Private/SSProfilePreIntegratedMobile.usf" 2564
"../../../Engine/Shaders/Private/SpecularProfile.usf" 2565
"../../../Engine/Shaders/Private/Nanite/NaniteStreaming.usf" 2566
"../../../Engine/Shaders/Private/Nanite/NaniteStreaming.ush" 2567
"../../../Engine/Shaders/Private/VolumetricLightmapStreaming.usf" 2568
"../../../Engine/Shaders/Private/PhysicsFieldReset.usf" 2569
"../../../Engine/Shaders/Private/PhysicsFieldBuilder.usf" 2570
"../../../Engine/Shaders/Private/ParticleSortKeyGen.usf" 2571
"../../../Engine/Shaders/Private/ParticleBoundsShader.usf" 2572
"../../../Engine/Shaders/Private/ParticleSimVisualizeShader.usf" 2573
"../../../Engine/Shaders/Private/ParticleInjectionShader.usf" 2574
"../../../Engine/Shaders/Private/ParticleSimulationShader.usf" 2575
"../../../Engine/Shaders/Private/ParticleCurveInjectionShader.usf" 2576
"../../../Engine/Shaders/Private/Nanite/NaniteTranscode.usf" 2577
"../../../Engine/Shaders/Private/Nanite/NaniteScatterUpdates.usf" 2578
"../../../Engine/Shaders/Private/CopyUIntBuffer.usf" 2579
"../../../Engine/Shaders/Private/RadixSortShaders.usf" 2580
"../../../Engine/Shaders/Private/RecomputeTangentsPerVertexPass.usf" 2581
"../../../Engine/Shaders/Private/RecomputeTangentsCommon.ush" 2582
"../../../Engine/Shaders/Private/RecomputeTangentsPerTrianglePass.usf" 2583
"../../../Engine/Shaders/Private/DynamicMeshBounds.usf" 2584
"../../../Engine/Shaders/Private/GpuSkinCacheComputeShader.usf" 2585
"../../../Engine/Shaders/Private/DynamicMeshBounds.ush" 2586
"../../../Engine/Shaders/Private/BitonicSort.usf" 2587
"../../../Engine/Shaders/Public/WaveBroadcastIntrinsics.ush" 2588
"../../../Engine/Shaders/Private/HeightFieldAtlasManagement.usf" 2589
"../../../Engine/Shaders/Private/Landscape/LandscapeEditLayersUtils.usf" 2590
"../../../Engine/Shaders/Private/Landscape/LandscapeEditLayersWeightmaps.usf" 2591
"../../../Engine/Shaders/Private/Landscape/LandscapeEditLayersHeightmaps.usf" 2592
"../../../Engine/Shaders/Private/LandscapeLayersPS.usf" 2593
"../../../Engine/Shaders/Private/LandscapePhysicalMaterial.usf" 2594
"../../../Engine/Shaders/Private/LandscapeGrassWeight.usf" 2595
"../../../Engine/Shaders/Private/Landscape/LandscapeCulling.usf" 2596
"../../../Engine/Shaders/Private/Landscape/LandscapeMergeTexturesPS.usf" 2597
"../../../Engine/Shaders/Private/WideCustomResolveShaders.usf" 2598
"../../../Engine/Shaders/Private/WideCustomResolve_Wide.ush" 2599
"../../../Engine/Shaders/Private/WideCustomResolve_Wider.ush" 2600
"../../../Engine/Shaders/Private/WideCustomResolve_Widest.ush" 2601
"../../../Engine/Shaders/Private/WaterInfoTextureBlur.usf" 2602
"../../../Engine/Shaders/Private/WaterInfoTextureMerge.usf" 2603
"../../../Engine/Shaders/Private/PageTableUpdate.usf" 2604
"../../../Engine/Shaders/Private/VirtualTextureCompress.usf" 2605
"../../../Engine/Shaders/Private/ASTCCompressionCommon.ush" 2606
"../../../Engine/Shaders/Private/IntegerSequenceEncoding.ush" 2607
"../../../Engine/Shaders/Private/ETCCompressionCommon.ush" 2608
"../../../Engine/Shaders/Private/VirtualTextureMaterial.usf" 2609
"../../../Engine/Shaders/Private/PixelShaderOutputCommon.ush" 2610
"../../../Engine/Shaders/Private/ShaderOutputCommon.ush" 2611
"../../../Engine/Shaders/Private/VolumetricRenderTarget.usf" 2612
"../../../Engine/Shaders/Private/HeightFogCommon.ush" 2613
"../../../Engine/Shaders/Private/ReflectionEnvironmentShared.ush" 2614
"../../../Engine/Shaders/Private/LocalFogVolumes/LocalFogVolumeCommon.ush" 2615
"../../../Engine/Shaders/Private/VolumetricFogVoxelization.usf" 2616
"../../../Engine/Shaders/Private/VolumetricCloudMaterialPixelCommon.ush" 2617
"../../../Engine/Shaders/Private/VolumetricFogLightFunction.usf" 2618
"../../../Engine/Shaders/Private/LightFunctionCommon.ush" 2619
"../../../Engine/Shaders/Private/VolumetricFog.usf" 2620
"../../../Engine/Shaders/Private/DeferredLightingCommon.ush" 2621
"../../../Engine/Shaders/Private/DynamicLightingCommon.ush" 2622
"../../../Engine/Shaders/Private/CapsuleLightIntegrate.ush" 2623
"../../../Engine/Shaders/Private/CapsuleLightSampling.ush" 2624
"../../../Engine/Shaders/Private/RectLightIntegrate.ush" 2625
"../../../Engine/Shaders/Private/ScreenSpaceShadowRayCast.ush" 2626
"../../../Engine/Shaders/Private/LightFunctionAtlas/LightFunctionAtlasCommon.usf" 2627
"../../../Engine/Shaders/Private/LightGridCommon.ush" 2628
"../../../Engine/Shaders/Private/DistanceFieldAOShared.ush" 2629
"../../../Engine/Shaders/Private/IntersectionUtils.ush" 2630
"../../../Engine/Shaders/Private/VolumeLightingCommon.ush" 2631
"../../../Engine/Shaders/Private/ShadowProjectionCommon.ush" 2632
"../../../Engine/Shaders/Private/ShadowFilteringCommon.ush" 2633
"../../../Engine/Shaders/Private/PixelQuadMessagePassing.ush" 2634
"../../../Engine/Shaders/Private/VolumeLightingCommonSampling.ush" 2635
"../../../Engine/Shaders/Private/VolumetricLightmapShared.ush" 2636
"../../../Engine/Shaders/Private/ForwardShadowingCommon.ush" 2637
"../../../Engine/Shaders/Private/LightDataUniforms.ush" 2638
"../../../Engine/Shaders/Private/Lumen/LumenTranslucencyVolumeShared.ush" 2639
"../../../Engine/Shaders/Private/Lumen/LumenRadianceCacheInterpolation.ush" 2640
"../../../Engine/Shaders/Private/VirtualShadowMaps/VirtualShadowMapProjectionCommon.ush" 2641
"../../../Engine/Shaders/Private/DiaphragmDOF/DOFCommon.ush" 2642
"../../../Engine/Shaders/Private/VolumetricCloudCommon.ush" 2643
"../../../Engine/Shaders/Private/VolumetricCloud.usf" 2644
"../../../Engine/Shaders/Private/VisualizeVolumetricLightmap.usf" 2645
"../../../Engine/Shaders/Private/Tools/VisualizeLightShape.usf" 2646
"../../../Engine/Shaders/Private/VirtualShadowMaps/VirtualShadowMapProjectionComposite.usf" 2647
"../../../Engine/Shaders/Private/LightShaderParameters.ush" 2648
"../../../Engine/Shaders/Private/VirtualShadowMaps/VirtualShadowMapMaskBitsCommon.ush" 2649
"../../../Engine/Shaders/Private/VirtualShadowMaps/VirtualShadowMapLightGrid.ush" 2650
"../../../Engine/Shaders/Private/VirtualShadowMaps/VirtualShadowMapProjection.usf" 2651
"../../../Engine/Shaders/Private/VirtualShadowMaps/VirtualShadowMapProjectionFilter.ush" 2652
"../../../Engine/Shaders/Private/VirtualShadowMaps/VirtualShadowMapProjectionDirectional.ush" 2653
"../../../Engine/Shaders/Private/VirtualShadowMaps/VirtualShadowMapSMRTCommon.ush" 2654
"../../../Engine/Shaders/Private/VirtualShadowMaps/VirtualShadowMapSMRTTemplate.ush" 2655
"../../../Engine/Shaders/Private/VirtualShadowMaps/VirtualShadowMapProjectionSpot.ush" 2656
"../../../Engine/Shaders/Private/VirtualShadowMaps/VirtualShadowMapTransmissionCommon.ush" 2657
"../../../Engine/Shaders/Private/VirtualShadowMaps/VirtualShadowMapScreenRayTrace.ush" 2658
"../../../Engine/Shaders/Private/VirtualShadowMaps/VirtualShadowMapStats.ush" 2659
"../../../Engine/Shaders/Private/HairStrands/HairStrandsVoxelPageCommon.ush" 2660
"../../../Engine/Shaders/Private/HairStrands/HairStrandsVoxelPageTraversal.ush" 2661
"../../../Engine/Shaders/Private/VirtualShadowMaps/VirtualShadowMapCacheGPUInvalidation.usf" 2662
"../../../Engine/Shaders/Private/VirtualShadowMaps/VirtualShadowMapCacheInvalidation.ush" 2663
"../../../Engine/Shaders/Private/ScreenSpaceDenoise/SSDDefinitions.ush" 2664
"../../../Engine/Shaders/Private/InstanceCulling/InstanceCullingLoadBalancer.ush" 2665
"../../../Engine/Shaders/Private/VirtualShadowMaps/VirtualShadowMapCacheLoadBalancer.usf" 2666
"../../../Engine/Shaders/Private/VirtualShadowMaps/VirtualShadowMapCopyStats.usf" 2667
"../../../Engine/Shaders/Private/VirtualShadowMaps/VirtualShadowMapShadowCasterBounds.usf" 2668
"../../../Engine/Shaders/Private/VirtualShadowMaps/VirtualShadowMapVisualize.ush" 2669
"../../../Engine/Shaders/Private/VirtualShadowMaps/VirtualShadowMapShadowCasterColor.usf" 2670
"../../../Engine/Shaders/Private/VirtualShadowMaps/VirtualShadowMapDebug.usf" 2671
"../../../Engine/Shaders/Private/VirtualShadowMaps/Desaturate.usf" 2672
"../../../Engine/Shaders/Private/VirtualShadowMaps/VirtualShadowMapPhysicalPageManagement.usf" 2673
"../../../Engine/Shaders/Private/ReductionCommon.ush" 2674
"../../../Engine/Shaders/Private/GPUMessaging.ush" 2675
"../../../Engine/Shaders/Private/VirtualShadowMaps/VirtualShadowMapPerPageDispatch.ush" 2676
"../../../Engine/Shaders/Private/VirtualShadowMaps/VirtualShadowMapComputeExplicitChunkDrawsViewMask.usf" 2677
"../../../Engine/Shaders/Shared/SceneCullingDefinitions.h" 2678
"../../../Engine/Shaders/Private/VirtualShadowMaps/VirtualShadowMapCompactViews.usf" 2679
"../../../Engine/Shaders/Private/VirtualShadowMaps/VirtualShadowMapBuildPerPageDrawCommands.usf" 2680
"../../../Engine/Shaders/Private/InstanceCulling/InstanceCullingCommon.ush" 2681
"../../../Engine/Shaders/Shared/InstanceCullingDefinitions.h" 2682
"../../../Engine/Shaders/Private/VirtualShadowMaps/VirtualShadowMapPrintStats.usf" 2683
"../../../Engine/Shaders/Private/VirtualShadowMaps/VirtualShadowMapPageManagement.usf" 2684
"../../../Engine/Shaders/Private/VirtualShadowMaps/VirtualShadowMapPageMarking.usf" 2685
"../../../Engine/Shaders/Private/VirtualShadowMaps/VirtualShadowMapPageMarking.ush" 2686
"../../../Engine/Shaders/Shared/SingleLayerWaterDefinitions.h" 2687
"../../../Engine/Shaders/Private/HairStrands/HairStrandsTileCommon.ush" 2688
"../../../Engine/Shaders/Private/Froxel/Froxel.ush" 2689
"../../../Engine/Shaders/Shared/FroxelDefinitions.h" 2690
"../../../Engine/Shaders/Private/VirtualShadowMaps/VirtualShadowMapThrottle.usf" 2691
"../../../Engine/Shaders/Private/VelocityUpdate.usf" 2692
"../../../Engine/Shaders/Private/VelocityCommon.ush" 2693
"../../../Engine/Shaders/Private/VelocityShader.usf" 2694
"../../../Engine/Shaders/Private/BasePassCommonFunctions.ush" 2695
"../../../Engine/Shaders/Private/VariableRateShading/VRSShadingRatePreview.usf" 2696
"../../../Engine/Shaders/Private/VariableRateShading/VRSShadingRateCommon.ush" 2697
"../../../Engine/Shaders/Private/VariableRateShading/VRSShadingRateCombine.usf" 2698
"../../../Engine/Shaders/Private/VariableRateShading/VRSShadingRateFoveated.usf" 2699
"../../../Engine/Shaders/Private/VariableRateShading/VRSShadingRateReproject.usf" 2700
"../../../Engine/Shaders/Private/VariableRateShading/VRSShadingRateCalculate.usf" 2701
"../../../Engine/Shaders/Private/TranslucencyUpsampling.usf" 2702
"../../../Engine/Shaders/Private/ComposeSeparateTranslucency.usf" 2703
"../../../Engine/Shaders/Private/SeparateTranslucency.ush" 2704
"../../../Engine/Shaders/Private/TranslucencyVolumeVisualize.usf" 2705
"../../../Engine/Shaders/Private/TranslucencyVolumeCommon.ush" 2706
"../../../Engine/Shaders/Private/TranslucentLightInjectionShaders.usf" 2707
"../../../Engine/Shaders/Private/HeterogeneousVolumes/HeterogeneousVolumesAdaptiveVolumetricShadowMapSampling.ush" 2708
"../../../Engine/Shaders/Private/HeterogeneousVolumes/HeterogeneousVolumesAdaptiveVolumetricShadowMapUtils.ush" 2709
"../../../Engine/Shaders/Private/HeterogeneousVolumes/HeterogeneousVolumesBeerShadowMapUtils.ush" 2710
"../../../Engine/Shaders/Private/TranslucentShadowDepthShaders.usf" 2711
"../../../Engine/Shaders/Private/ShadowDepthCommon.ush" 2712
"../../../Engine/Shaders/Private/RayTracing/RayTracingTest.usf" 2713
"../../../Engine/Shaders/Private/PostProcessSubsurfaceTile.usf" 2714
"../../../Engine/Shaders/Private/PostProcessSubsurfaceCommon.ush" 2715
"../../../Engine/Shaders/Private/Substrate/SubstrateVisualize.usf" 2716
"../../../Engine/Shaders/Private/Substrate/SubstrateTile.ush" 2717
"../../../Engine/Shaders/Shared/SubstrateVisualizeDefinitions.h" 2718
"../../../Engine/Shaders/Private/Substrate/SubstrateVisualizeCommon.ush" 2719
"../../../Engine/Shaders/Private/SkyLightingDiffuseShared.ush" 2720
"../../../Engine/Shaders/Private/SkyLightingShared.ush" 2721
"../../../Engine/Shaders/Private/ClearCoatCommon.ush" 2722
"../../../Engine/Shaders/Private/ReflectionEnvironmentComposite.ush" 2723
"../../../Engine/Shaders/Private/Substrate/SubstrateLightingCommon.ush" 2724
"../../../Engine/Shaders/Private/Substrate/SubstrateRoughRefraction.usf" 2725
"../../../Engine/Shaders/Private/PathTracing/Material/PathTracingFresnel.ush" 2726
"../../../Engine/Shaders/Private/PathTracing/Material/PathTracingGlossy.ush" 2727
"../../../Engine/Shaders/Private/Substrate/SubstrateMaterialSampling.usf" 2728
"../../../Engine/Shaders/Private/Substrate/SubstrateMaterialSampling.ush" 2729
"../../../Engine/Shaders/Private/Lumen/LumenPosition.ush" 2730
"../../../Engine/Shaders/Private/Substrate/SubstrateTile.usf" 2731
"../../../Engine/Shaders/Private/Substrate/SubstrateMaterialClassification.usf" 2732
"../../../Engine/Shaders/Private/Substrate/SubstrateDBuffer.usf" 2733
"../../../Engine/Shaders/Private/StochasticLighting/StochasticLightingTileClassification.usf" 2734
"../../../Engine/Shaders/Private/Lumen/LumenMaterial.ush" 2735
"../../../Engine/Shaders/Private/HairStrands/HairStrandsVisibilityUtils.ush" 2736
"../../../Engine/Shaders/Private/Lumen/LumenReflectionCommon.ush" 2737
"../../../Engine/Shaders/Private/Lumen/LumenReflectionsCombine.ush" 2738
"../../../Engine/Shaders/Private/Lumen/LumenScreenProbeTileClassication.ush" 2739
"../../../Engine/Shaders/Private/MegaLights/MegaLightsTileClassification.ush" 2740
"../../../Engine/Shaders/Private/StochasticLighting/StochasticLightingUpsample.ush" 2741
"../../../Engine/Shaders/Private/StochasticLighting/StochasticLightingCommon.ush" 2742
"../../../Engine/Shaders/Private/SplineMeshSceneTexture.usf" 2743
"../../../Engine/Shaders/Private/SparseVolumeTexture/VisualizeSparseVolumeTexture.usf" 2744
"../../../Engine/Shaders/Private/SkyAtmosphere.usf" 2745
"../../../Engine/Shaders/Private/Skinning/ResolveAttachments.usf" 2746
"../../../Engine/Shaders/Private/Nanite/NaniteSkinningUpdateViewData.usf" 2747
"../../../Engine/Shaders/Private/SceneCulling/SceneCulling.ush" 2748
"../../../Engine/Shaders/Private/Skinning/CopyPreviousTransforms.usf" 2749
"../../../Engine/Shaders/Private/Skinning/TransformProviders.usf" 2750
"../../../Engine/Shaders/Private/Skinning/SkinnedMeshDebug.usf" 2751
"../../../Engine/Shaders/Private/Skinning/AnimSequenceTransformProvider.usf" 2752
"../../../Engine/Shaders/Private/Skinning/AnimBankEval.usf" 2753
"../../../Engine/Shaders/Private/SingleLayerWaterComposite.usf" 2754
"../../../Engine/Shaders/Private/Froxel/FroxelBuild.ush" 2755
"../../../Engine/Shaders/Private/SingleLayerWaterRefractionCulling.usf" 2756
"../../../Engine/Shaders/Private/ScreenSpaceShadows.usf" 2757
"../../../Engine/Shaders/Private/bend_sss_gpu.ush" 2758
"../../../Engine/Shaders/Private/ShadowFactorsUpsampleCommon.ush" 2759
"../../../Engine/Shaders/Private/FirstPersonSelfShadow.usf" 2760
"../../../Engine/Shaders/Private/HZBTracing.ush" 2761
"../../../Engine/Shaders/Private/LateZDummyPS.usf" 2762
"../../../Engine/Shaders/Private/ShadowProjectionVertexShader.usf" 2763
"../../../Engine/Shaders/Private/ShadowProjectionPixelShader.usf" 2764
"../../../Engine/Shaders/Private/MobileLightingCommon.ush" 2765
"../../../Engine/Shaders/Private/PlanarReflectionShared.ush" 2766
"../../../Engine/Shaders/Private/MobileSSR.ush" 2767
"../../../Engine/Shaders/Private/SSRT/SSRTRayCast.ush" 2768
"../../../Engine/Shaders/Private/ShadowPercentageCloserFiltering.ush" 2769
"../../../Engine/Shaders/Private/TransmissionThickness.ush" 2770
"../../../Engine/Shaders/Private/CopyShadowMaps.usf" 2771
"../../../Engine/Shaders/Private/ShadowDepthPixelShader.usf" 2772
"../../../Engine/Shaders/Private/ShadowDepthVertexShader.usf" 2773
"../../../Engine/Shaders/Private/ShadingEnergyConservationTable.usf" 2774
"../../../Engine/Shaders/Shared/PathTracingDefinitions.h" 2775
"../../../Engine/Shaders/Private/ShadingFurnaceTest.usf" 2776
"../../../Engine/Shaders/Private/Substrate/SubstrateDeferredLighting.ush" 2777
"../../../Engine/Shaders/Private/ShaderPrintDraw.usf" 2778
"../../../Engine/Shaders/Private/ShaderPrintDrawPrimitive.usf" 2779
"../../../Engine/Shaders/Private/DefaultSSRTiles.usf" 2780
"../../../Engine/Shaders/Private/ScreenSpaceReflectionTileCommons.ush" 2781
"../../../Engine/Shaders/Private/SSRT/SSRTDiffuseIndirect.usf" 2782
"../../../Engine/Shaders/Private/SSRT/SSRTTileClassificationBuffer.ush" 2783
"../../../Engine/Shaders/Private/SSRT/SSRTReflections.usf" 2784
"../../../Engine/Shaders/Private/ScreenSpaceDenoise/SSDPublic.ush" 2785
"../../../Engine/Shaders/Private/SSRT/SSRTTileClassification.usf" 2786
"../../../Engine/Shaders/Private/SSRT/SSRTPrevFrameReduction.usf" 2787
"../../../Engine/Shaders/Private/ScreenSpaceDenoise/SSDComposeHarmonics.usf" 2788
"../../../Engine/Shaders/Private/ScreenSpaceDenoise/SSDPublicHarmonics.ush" 2789
"../../../Engine/Shaders/Private/ScreenSpaceDenoise/SSDSignalFramework.ush" 2790
"../../../Engine/Shaders/Private/ScreenSpaceDenoise/SSDCommon.ush" 2791
"../../../Engine/Shaders/Private/SphericalGaussian.ush" 2792
"../../../Engine/Shaders/Private/ScreenSpaceDenoise/SSDMetadata.ush" 2793
"../../../Engine/Shaders/Private/ScreenSpaceDenoise/SSDSignalCore.ush" 2794
"../../../Engine/Shaders/Private/ScreenSpaceDenoise/DenoisingCommon.ush" 2795
"../../../Engine/Shaders/Private/ScreenSpaceDenoise/SSDSignalArray.ush" 2796
"../../../Engine/Shaders/Private/ScreenSpaceDenoise/SSDSignalBufferEncoding.ush" 2797
"../../../Engine/Shaders/Private/ScreenSpaceDenoise/SSDPublicBufferEncoding.ush" 2798
"../../../Engine/Shaders/Private/Lumen/LumenBufferEncoding.ush" 2799
"../../../Engine/Shaders/Private/ScreenSpaceDenoise/SSDTemporalAccumulation.usf" 2800
"../../../Engine/Shaders/Private/ScreenSpaceDenoise/SSDSpatialKernel.ush" 2801
"../../../Engine/Shaders/Private/ScreenSpaceDenoise/SSDSignalAccumulatorArray.ush" 2802
"../../../Engine/Shaders/Private/ScreenSpaceDenoise/SSDSignalAccumulator.ush" 2803
"../../../Engine/Shaders/Private/ScreenSpaceDenoise/SSDSignalCompression.ush" 2804
"../../../Engine/Shaders/Private/ScreenSpaceDenoise/SSDSpatialAccumulation.usf" 2805
"../../../Engine/Shaders/Private/ScreenSpaceDenoise/SSDInjest.usf" 2806
"../../../Engine/Shaders/Private/ScreenSpaceDenoise/SSDCompressMetadata.usf" 2807
"../../../Engine/Shaders/Private/DownsampleDepthPixelShader.usf" 2808
"../../../Engine/Shaders/Private/ScreenPass.usf" 2809
"../../../Engine/Shaders/Private/HZB.usf" 2810
"../../../Engine/Shaders/Private/OcclusionFeedbackShaders.usf" 2811
"../../../Engine/Shaders/Private/HZBOcclusion.usf" 2812
"../../../Engine/Shaders/Private/OcclusionQueryPixelShader.usf" 2813
"../../../Engine/Shaders/Private/OcclusionQueryVertexShader.usf" 2814
"../../../Engine/Shaders/Private/HitProxyCopy.usf" 2815
"../../../Engine/Shaders/Private/HitProxyPixelShader.usf" 2816
"../../../Engine/Shaders/Private/HitProxyVertexShader.usf" 2817
"../../../Engine/Shaders/Private/SceneCulling/SceneCullingDebugRender.usf" 2818
"../../../Engine/Shaders/Private/SceneCulling/SceneCullingBuildExplicitBounds.usf" 2819
"../../../Engine/Shaders/Private/SceneCapturePixelShader.usf" 2820
"../../../Engine/Shaders/Private/RendererUtils.usf" 2821
"../../../Engine/Shaders/Private/RTWriteMaskDecode.usf" 2822
"../../../Engine/Shaders/Private/ReflectionEnvironmentShaders.usf" 2823
"../../../Engine/Shaders/Private/RectLightAtlas.usf" 2824
"../../../Engine/Shaders/Private/RayTracing/TraceRayInlineStatistics.usf" 2825
"../../../Engine/Shaders/Private/RayTracing/CompositeSkyLightPS.usf" 2826
"../../../Engine/Shaders/Private/RayTracing/GenerateSkyLightVisibilityRaysCS.usf" 2827
"../../../Engine/Shaders/Private/RayTracing/RayTracingSkyLightCommon.ush" 2828
"../../../Engine/Shaders/Private/RayTracing/SkyLightVisibilityRaysData.ush" 2829
"../../../Engine/Shaders/Private/RayTracing/RayTracingSkyLightRGS.usf" 2830
"../../../Engine/Shaders/Private/HairStrands/HairStrandsRaytracing.ush" 2831
"../../../Engine/Shaders/Private/RayTracing/RayTracingSkyLightEvaluation.ush" 2832
"../../../Engine/Shaders/Private/RayTracing/RayTracingDeferredShadingCommon.ush" 2833
"../../../Engine/Shaders/Private/RayTracing/RayTracingOcclusionRGS.usf" 2834
"../../../Engine/Shaders/Private/RayTracing/RayTracingDirectionalLight.ush" 2835
"../../../Engine/Shaders/Private/RayTracing/RayTracingRectLight.ush" 2836
"../../../Engine/Shaders/Private/RayTracing/RayTracingSphereLight.ush" 2837
"../../../Engine/Shaders/Private/RayTracing/RayTracingCapsuleLight.ush" 2838
"../../../Engine/Shaders/Private/RayTracing/RayTracingFeedback.usf" 2839
"../../../Engine/Shaders/Shared/RayTracingDebugTypes.h" 2840
"../../../Engine/Shaders/Private/RayTracing/RayTracingPrimaryRays.usf" 2841
"../../../Engine/Shaders/Private/RayTracing/RayTracingLightingCommon.ush" 2842
"../../../Engine/Shaders/Private/RayTracing/RayTracingLightCullingCommon.ush" 2843
"../../../Engine/Shaders/Private/RayTracing/RayTracingMaterialDefaultHitShaders.usf" 2844
"../../../Engine/Shaders/Private/RayTracing/RayTracingMaterialHitShaders.usf" 2845
"../../../Engine/Shaders/Private/RayTracing/RayTracingShaderUtils.ush" 2846
"../../../Engine/Shaders/Private/RayTracing/RayTracingCalcInterpolants.ush" 2847
"../../../Engine/Shaders/Private/LightmapCommon.ush" 2848
"../../../Engine/Shaders/Private/Lumen/LumenHardwareRayTracingPayloadCommon.ush" 2849
"../../../Engine/Shaders/Shared/LumenDefinitions.h" 2850
"../../../Engine/Shaders/Private/Substrate/SubstrateExport.ush" 2851
"../../../Engine/Shaders/Private/RayTracing/RayTracingLightingMS.usf" 2852
"../../../Engine/Shaders/Private/Lumen/LumenDiffuseColorBoost.ush" 2853
"../../../Engine/Shaders/Private/RayTracing/RayTracingLightFunctionCommon.ush" 2854
"../../../Engine/Shaders/Private/RayTracing/RayTracingBuildLightGrid.usf" 2855
"../../../Engine/Shaders/Private/RayTracing/RayTracingInstanceBufferUtil.usf" 2856
"../../../Engine/Shaders/Shared/NaniteRayTracingDefinitions.h" 2857
"../../../Engine/Shaders/Private/RayTracing/RayTracingDynamicMesh.usf" 2858
"../../../Engine/Shaders/Private/RayTracing/RayTracingDefaultDecalHitShader.usf" 2859
"../../../Engine/Shaders/Private/RayTracing/RayTracingDecalMaterialShader.usf" 2860
"../../../Engine/Shaders/Private/PathTracing/PathTracingShaderUtils.ush" 2861
"../../../Engine/Shaders/Private/PathTracing/PathTracingCommon.ush" 2862
"../../../Engine/Shaders/Private/PathTracing/Material/PathTracingMaterialCommon.ush" 2863
"../../../Engine/Shaders/Private/PathTracing/Utilities/PathTracingRIS.ush" 2864
"../../../Engine/Shaders/Private/RayTracing/RayTracingBuildDecalGrid.usf" 2865
"../../../Engine/Shaders/Private/RayTracing/RayTracingDebugHitStatsUtils.usf" 2866
"../../../Engine/Shaders/Private/RayTracing/RayTracingDebugInstanceOverlap.usf" 2867
"../../../Engine/Shaders/Private/RayTracing/RayTracingDebugPicking.usf" 2868
"../../../Engine/Shaders/Private/RayTracing/RayTracingDebugUtils.ush" 2869
"../../../Engine/Shaders/Private/RayTracing/RayTracingDebugTraversal.usf" 2870
"../../../Engine/Shaders/Private/RayTracing/RayTracingDeferredMaterials.ush" 2871
"../../../Engine/Shaders/Shared/ThirdParty/AMD/ags_shader_intrinsics_dx12.h" 2872
"../../../Engine/Shaders/Shared/RaytracingDebugDefinitions.h" 2873
"../../../Engine/Shaders/Private/RayTracing/RayTracingDebugHitStatsCHS.usf" 2874
"../../../Engine/Shaders/Private/RayTracing/RayTracingDebugHitStats.usf" 2875
"../../../Engine/Shaders/Private/RayTracing/RayTracingDebugMS.usf" 2876
"../../../Engine/Shaders/Private/RayTracing/RayTracingDebugCHS.usf" 2877
"../../../Engine/Shaders/Private/RayTracing/RayTracingDebug.usf" 2878
"../../../Engine/Shaders/Private/RayTracing/RayTracingBuiltInShaders.usf" 2879
"../../../Engine/Shaders/Private/RayTracing/RayTracingBarycentrics.usf" 2880
"../../../Engine/Shaders/Private/RayTracing/RayTracingAmbientOcclusionRGS.usf" 2881
"../../../Engine/Shaders/Private/VisualizeShadingModels.usf" 2882
"../../../Engine/Shaders/Private/MotionBlur/VisualizeMotionVectors.usf" 2883
"../../../Engine/Shaders/Private/Tools/ColorGradingHistogram.usf" 2884
"../../../Engine/Shaders/Private/Tools/ColorGradingVectorScope.usf" 2885
"../../../Engine/Shaders/Private/Tools/ColorGradingParade.usf" 2886
"../../../Engine/Shaders/Private/TemporalSuperResolution/TSRVisualize.usf" 2887
"../../../Engine/Shaders/Private/TemporalSuperResolution/TSRColorSpace.ush" 2888
"../../../Engine/Shaders/Private/TemporalSuperResolution/TSRCommon.ush" 2889
"../../../Engine/Shaders/Public/DualPixelVectorization.ush" 2890
"../../../Engine/Shaders/Private/TemporalSuperResolution/TSRReprojectionField.ush" 2891
"../../../Engine/Shaders/Private/TemporalSuperResolution/TSRResolveHistory.usf" 2892
"../../../Engine/Shaders/Private/TemporalSuperResolution/TSRConvolutionNetwork.ush" 2893
"../../../Engine/Shaders/Private/TemporalSuperResolution/TSRKernels.ush" 2894
"../../../Engine/Shaders/Public/LaneVectorization.ush" 2895
"../../../Engine/Shaders/Private/TemporalSuperResolution/TSRUpdateHistory.usf" 2896
"../../../Engine/Shaders/Private/TemporalSuperResolution/TSRSpatialAntiAliasing.ush" 2897
"../../../Engine/Shaders/Private/TemporalSuperResolution/TSRSpatialAntiAliasing.usf" 2898
"../../../Engine/Shaders/Private/TemporalSuperResolution/TSRRejectShading.usf" 2899
"../../../Engine/Shaders/Private/TemporalSuperResolution/TSRShadingAnalysis.ush" 2900
"../../../Engine/Shaders/Private/TemporalSuperResolution/TSRConvolutionNetworkPass.ush" 2901
"../../../Engine/Shaders/Private/TemporalSuperResolution/TSRDecimateHistory.usf" 2902
"../../../Engine/Shaders/Private/TemporalSuperResolution/TSRDepthVelocityAnalysis.ush" 2903
"../../../Engine/Shaders/Private/TemporalSuperResolution/TSRClosestOccluder.ush" 2904
"../../../Engine/Shaders/Private/TemporalSuperResolution/TSRWeightRelaxation.usf" 2905
"../../../Engine/Shaders/Private/TemporalSuperResolution/TSRThinGeometryCommon.ush" 2906
"../../../Engine/Shaders/Private/TemporalSuperResolution/TSRDetectThinGeometry.usf" 2907
"../../../Engine/Shaders/Private/TemporalSuperResolution/TSRDilateVelocity.usf" 2908
"../../../Engine/Shaders/Private/MotionBlur/MotionBlurVelocityFlatten.ush" 2909
"../../../Engine/Shaders/Private/MotionBlur/MotionBlurCommon.ush" 2910
"../../../Engine/Shaders/Private/TemporalSuperResolution/TSRClearPrevTextures.usf" 2911
"../../../Engine/Shaders/Private/TemporalSuperResolution/TSRMeasureCoverage.usf" 2912
"../../../Engine/Shaders/Private/TemporalSuperResolution/TSRMeasureFlickeringLuma.usf" 2913
"../../../Engine/Shaders/Private/TemporalAA.usf" 2914
"../../../Engine/Shaders/Private/SMAA/SMAADebugVisualization.usf" 2915
"../../../Engine/Shaders/Private/SMAA/SMAACommon.ush" 2916
"../../../Engine/Shaders/Private/SMAA/SMAA.ush" 2917
"../../../Engine/Shaders/Private/SMAA/SMAANeighborhoodBlendingShader.usf" 2918
"../../../Engine/Shaders/Private/SMAA/SMAABlendingWeightCalculationShader.usf" 2919
"../../../Engine/Shaders/Private/SMAA/SMAAEdgeDetectionShader.usf" 2920
"../../../Engine/Shaders/Private/FilterPixelShader.usf" 2921
"../../../Engine/Shaders/Private/FilterVertexShader.usf" 2922
"../../../Engine/Shaders/Private/VisualizeVirtualTexture.usf" 2923
"../../../Engine/Shaders/Private/PostProcessVisualizeBuffer.usf" 2924
"../../../Engine/Shaders/Private/PostProcessVisualizeLocalExposure.usf" 2925
"../../../Engine/Shaders/Private/PostProcessHistogramCommon.ush" 2926
"../../../Engine/Shaders/Private/TonemapCommon.ush" 2927
"../../../Engine/Shaders/Private/ACES/ACESCommon.ush" 2928
"../../../Engine/Shaders/Private/ACES/ACESOutputTransform.ush" 2929
"../../../Engine/Shaders/Private/ACES/ACESUtilities.ush" 2930
"../../../Engine/Shaders/Private/ACES/ACESTonescale.ush" 2931
"../../../Engine/Shaders/Private/ACES/ACESDisplayEncoding.ush" 2932
"../../../Engine/Shaders/Private/ACES/ACES_v1.3.ush" 2933
"../../../Engine/Shaders/Private/PostProcessVisualizeLevelInstance.usf" 2934
"../../../Engine/Shaders/Private/PostProcessVisualizeHDR.usf" 2935
"../../../Engine/Shaders/Private/ShaderComplexityApplyPixelShader.usf" 2936
"../../../Engine/Shaders/Private/QuadOverdraw.ush" 2937
"../../../Engine/Shaders/Private/PostProcessUpscale.usf" 2938
"../../../Engine/Shaders/Private/PostProcessTonemap.usf" 2939
"../../../Engine/Shaders/Private/PostProcessing/FilmGrainPackConstants.usf" 2940
"../../../Engine/Shaders/Private/PostProcessing/FilmGrainReduce.usf" 2941
"../../../Engine/Shaders/Private/PostProcessTestImage.usf" 2942
"../../../Engine/Shaders/Private/PostProcessSubsurface.usf" 2943
"../../../Engine/Shaders/Private/PostProcessSubsurfaceDiffuse.ush" 2944
"../../../Engine/Shaders/Private/SeparableSSS.ush" 2945
"../../../Engine/Shaders/Private/SubsurfaceBurleyNormalized.ush" 2946
"../../../Engine/Shaders/Private/PostProcessSubsurfaceDiffuse.usf" 2947
"../../../Engine/Shaders/Private/PostProcessSelectionOutline.usf" 2948
"../../../Engine/Shaders/Private/MotionBlur/MotionBlurVisualize.usf" 2949
"../../../Engine/Shaders/Private/MotionBlur/MotionBlurApply.usf" 2950
"../../../Engine/Shaders/Private/MotionBlur/MotionBlurFilterTileClassify.usf" 2951
"../../../Engine/Shaders/Private/MotionBlur/MotionBlurTileScatter.usf" 2952
"../../../Engine/Shaders/Private/MotionBlur/MotionBlurTileGather.usf" 2953
"../../../Engine/Shaders/Private/MotionBlur/MotionBlurVelocityFlatten.usf" 2954
"../../../Engine/Shaders/Private/PostProcessMobile.usf" 2955
"../../../Engine/Shaders/Private/PostProcessMitchellNetravali.usf" 2956
"../../../Engine/Shaders/Private/PostProcessMaterialShaders.usf" 2957
"../../../Engine/Shaders/Private/NeuralPostProcessCommon.usf" 2958
"../../../Engine/Shaders/Private/PostProcessLocalExposure.usf" 2959
"../../../Engine/Shaders/Private/PostProcessLensFlares.usf" 2960
"../../../Engine/Shaders/Private/PostProcessGBufferHints.usf" 2961
"../../../Engine/Shaders/Private/PostProcessHMD.usf" 2962
"../../../Engine/Shaders/Private/Histogram.usf" 2963
"../../../Engine/Shaders/Private/PostProcessExposureMaterial.ush" 2964
"../../../Engine/Shaders/Private/PostProcessHistogramReduce.usf" 2965
"../../../Engine/Shaders/Private/PostProcessHistogram.usf" 2966
"../../../Engine/Shaders/Private/Bloom/BloomFinalizeApplyConstants.usf" 2967
"../../../Engine/Shaders/Private/Bloom/BloomCommon.ush" 2968
"../../../Engine/Shaders/Private/Bloom/BloomResizeKernel.usf" 2969
"../../../Engine/Shaders/Private/Bloom/BloomDownsampleKernel.usf" 2970
"../../../Engine/Shaders/Private/Bloom/BloomClampKernel.usf" 2971
"../../../Engine/Shaders/Private/Bloom/BloomPackKernelConstants.usf" 2972
"../../../Engine/Shaders/Private/Bloom/BloomSumScatterDispersionEnergy.usf" 2973
"../../../Engine/Shaders/Private/Bloom/BloomReduceKernelSurvey.usf" 2974
"../../../Engine/Shaders/Private/Bloom/BloomSurveyKernelCenterEnergy.usf" 2975
"../../../Engine/Shaders/Private/Bloom/BloomSurveyMaxScatterDispersion.usf" 2976
"../../../Engine/Shaders/Private/Bloom/BloomFindKernelCenter.usf" 2977
"../../../Engine/Shaders/Private/PostProcessEyeAdaptation.usf" 2978
"../../../Engine/Shaders/Private/PostProcessEyeAdaptationUtils.usf" 2979
"../../../Engine/Shaders/Private/PostProcessDownsample.usf" 2980
"../../../Engine/Shaders/Private/PostProcessDOF.usf" 2981
"../../../Engine/Shaders/Private/PostProcessDeviceEncodingOnly.usf" 2982
"../../../Engine/Shaders/Private/PostProcessCompositePrimitives.usf" 2983
"../../../Engine/Shaders/Private/PostProcessCombineLUTsInner.usf" 2984
"../../../Engine/Shaders/Private/PostProcessCombineLUTs.usf" 2985
"../../../Engine/Shaders/Private/PostProcessVisualizeDOF.usf" 2986
"../../../Engine/Shaders/Private/PostProcessBloom.usf" 2987
"../../../Engine/Shaders/Private/PostProcessAmbientOcclusion.usf" 2988
"../../../Engine/Shaders/Private/PostProcessAmbientOcclusionCommon.ush" 2989
"../../../Engine/Shaders/Private/FXAAShader.usf" 2990
"../../../Engine/Shaders/Private/Fxaa3_11.ush" 2991
"../../../Engine/Shaders/Private/PaniniProjection.usf" 2992
"../../../Engine/Shaders/Private/DiaphragmDOF/DOFRecombine.usf" 2993
"../../../Engine/Shaders/Private/DiaphragmDOF/DOFHybridScatterPixelShader.usf" 2994
"../../../Engine/Shaders/Private/DiaphragmDOF/DOFHybridScatterCommon.ush" 2995
"../../../Engine/Shaders/Private/DiaphragmDOF/DOFVignetteCommon.ush" 2996
"../../../Engine/Shaders/Private/DiaphragmDOF/DOFHybridScatterVertexShader.usf" 2997
"../../../Engine/Shaders/Private/DiaphragmDOF/DOFPostfiltering.usf" 2998
"../../../Engine/Shaders/Private/DiaphragmDOF/DOFGatherTileSuggest.ush" 2999
"../../../Engine/Shaders/Private/DiaphragmDOF/DOFCocTileCommon.ush" 3000
"../../../Engine/Shaders/Private/DiaphragmDOF/DOFGatherPass.usf" 3001
"../../../Engine/Shaders/Private/DiaphragmDOF/DOFGatherCommon.ush" 3002
"../../../Engine/Shaders/Private/DiaphragmDOF/DOFGatherAccumulator.ush" 3003
"../../../Engine/Shaders/Private/DiaphragmDOF/DOFGatherKernel.ush" 3004
"../../../Engine/Shaders/Private/DiaphragmDOF/DOFBokehLUT.usf" 3005
"../../../Engine/Shaders/Private/DiaphragmDOF/DOFHybridScatterCompilation.usf" 3006
"../../../Engine/Shaders/Private/DiaphragmDOF/DOFReduce.usf" 3007
"../../../Engine/Shaders/Private/DiaphragmDOF/DOFDownsample.ush" 3008
"../../../Engine/Shaders/Private/DiaphragmDOF/DOFHybridScatterCompilation.ush" 3009
"../../../Engine/Shaders/Private/DiaphragmDOF/DOFDownsample.usf" 3010
"../../../Engine/Shaders/Private/DiaphragmDOF/DOFCocTileDilate.usf" 3011
"../../../Engine/Shaders/Private/DiaphragmDOF/DOFCocTileFlatten.usf" 3012
"../../../Engine/Shaders/Private/DiaphragmDOF/DOFSetup.usf" 3013
"../../../Engine/Shaders/Private/Tools/DebugAlphaChannel.usf" 3014
"../../../Engine/Shaders/Private/PostProcessChannelMask.usf" 3015
"../../../Engine/Shaders/Private/PostProcessAlphaInvert.usf" 3016
"../../../Engine/Shaders/Private/PlanarReflectionShaders.usf" 3017
"../../../Engine/Shaders/Private/PhysicsFieldVisualizer.usf" 3018
"../../../Engine/Shaders/Private/PathTracing/PathTracingSpatialTemporalDenoising.usf" 3019
"../../../Engine/Shaders/Private/ColorDifference.ush" 3020
"../../../Engine/Shaders/Private/PathTracing/PathTracingCompositingPixelShader.usf" 3021
"../../../Engine/Shaders/Private/PathTracing/PathTracingAdaptiveUtils.ush" 3022
"../../../Engine/Shaders/Private/PathTracing/PathTracingDefaultHitShader.usf" 3023
"../../../Engine/Shaders/Private/PathTracing/PathTracingGPULightmassMaterialHitShader.usf" 3024
"../../../Engine/Shaders/Private/PathTracing/PathTracingMaterialHitShader.usf" 3025
"../../../Engine/Shaders/Private/PathTracing/Material/PathTracingSubstrateCommon.ush" 3026
"../../../Engine/Shaders/Private/PathTracing/PathTracingLightingMissShader.usf" 3027
"../../../Engine/Shaders/Private/PathTracing/PathTracingMissShader.usf" 3028
"../../../Engine/Shaders/Private/PathTracing/PathTracingAdaptiveStart.usf" 3029
"../../../Engine/Shaders/Private/PathTracing/PathTracingBuildAdaptiveError.usf" 3030
"../../../Engine/Shaders/Private/PathTracing/PathTracingVolumetricCloudMaterialShader.usf" 3031
"../../../Engine/Shaders/Private/PathTracing/Volume/PathTracingCloudsMaterialCommon.ush" 3032
"../../../Engine/Shaders/Private/PathTracing/Volume/PathTracingVolumeCommon.ush" 3033
"../../../Engine/Shaders/Private/PathTracing/Volume/PathTracingCloudsCommon.ush" 3034
"../../../Engine/Shaders/Private/PathTracing/Volume/PathTracingFog.ush" 3035
"../../../Engine/Shaders/Private/PathTracing/Volume/PathTracingAtmosphere.ush" 3036
"../../../Engine/Shaders/Private/PathTracing/Volume/PathTracingAtmosphereCommon.ush" 3037
"../../../Engine/Shaders/Private/PathTracing/Volume/PathTracingVolumeSampling.ush" 3038
"../../../Engine/Shaders/Private/PathTracing/PathTracingHeterogeneousVolumeMaterialShader.usf" 3039
"../../../Engine/Shaders/Private/HeterogeneousVolumes/HeterogeneousVolumesTracingUtils.ush" 3040
"../../../Engine/Shaders/Private/HeterogeneousVolumes/HeterogeneousVolumesVoxelGridTypes.ush" 3041
"../../../Engine/Shaders/Private/HeterogeneousVolumes/HeterogeneousVolumesVoxelGridUtils.ush" 3042
"../../../Engine/Shaders/Private/PathTracing/Volume/PathTracingHeterogeneousVolumesForwardDecl.ush" 3043
"../../../Engine/Shaders/Private/PathTracing/Volume/PathTracingHeterogeneousVolumesMaterialCommon.ush" 3044
"../../../Engine/Shaders/Private/PathTracing/Volume/PathTracingHeterogeneousVolumesTrackingCommon.ush" 3045
"../../../Engine/Shaders/Private/PathTracing/Volume/PathTracingHeterogeneousVolumesPreshadingCommon.ush" 3046
"../../../Engine/Shaders/Private/PathTracing/PathTracingBuildCloudAccelerationMap.usf" 3047
"../../../Engine/Shaders/Private/PathTracing/PathTracingBuildAtmosphereLUT.usf" 3048
"../../../Engine/Shaders/Private/PathTracing/PathTracingSwizzleScanlines.usf" 3049
"../../../Engine/Shaders/Private/PathTracing/PathTracingInitExtinctionCoefficient.usf" 3050
"../../../Engine/Shaders/Private/PathTracing/PathTracingCopyDepth.usf" 3051
"../../../Engine/Shaders/Private/PathTracing/PathTracingDebug.usf" 3052
"../../../Engine/Shaders/Private/RayTracing/RayTracingDecalGrid.ush" 3053
"../../../Engine/Shaders/Private/PathTracing/PathTracingDecals.ush" 3054
"../../../Engine/Shaders/Private/PathTracing/Material/PathTracingMaterialSampling.ush" 3055
"../../../Engine/Shaders/Private/PathTracing/Material/PathTracingLambert.ush" 3056
"../../../Engine/Shaders/Private/PathTracing/Material/PathTracingSubstrate.ush" 3057
"../../../Engine/Shaders/Private/PathTracing/Material/PathTracingEnergyConservation.ush" 3058
"../../../Engine/Shaders/Private/PathTracing/Material/PathTracingSubstrateFoliage.ush" 3059
"../../../Engine/Shaders/Private/PathTracing/Material/PathTracingSubstrateSolidGlass.ush" 3060
"../../../Engine/Shaders/Private/PathTracing/Material/PathTracingSubstrateThinGlass.ush" 3061
"../../../Engine/Shaders/Private/PathTracing/Material/PathTracingEye.ush" 3062
"../../../Engine/Shaders/Private/PathTracing/Material/PathTracingHair.ush" 3063
"../../../Engine/Shaders/Private/PathTracing/Material/PathTracingMedium.ush" 3064
"../../../Engine/Shaders/Private/PathTracing/Light/PathTracingLightSampling.ush" 3065
"../../../Engine/Shaders/Private/PathTracing/Light/PathTracingLightCommon.ush" 3066
"../../../Engine/Shaders/Private/PathTracing/Light/PathTracingDirectionalLight.ush" 3067
"../../../Engine/Shaders/Private/PathTracing/Light/PathTracingPointLight.ush" 3068
"../../../Engine/Shaders/Private/PathTracing/Light/PathTracingCapsuleLight.ush" 3069
"../../../Engine/Shaders/Private/PathTracing/Light/PathTracingRectLight.ush" 3070
"../../../Engine/Shaders/Private/PathTracing/Light/PathTracingSkyLight.ush" 3071
"../../../Engine/Shaders/Private/PathTracing/Light/PathTracingLightGrid.ush" 3072
"../../../Engine/Shaders/Private/PathTracing/PathTracing.usf" 3073
"../../../Engine/Shaders/Private/PathTracing/PathTracingCore.ush" 3074
"../../../Engine/Shaders/Private/PathTracing/Volume/PathTracingVolume.ush" 3075
"../../../Engine/Shaders/Private/PathTracing/Volume/PathTracingClouds.ush" 3076
"../../../Engine/Shaders/Private/PathTracing/Volume/PathTracingHeterogeneousVolumes.ush" 3077
"../../../Engine/Shaders/Private/HeterogeneousVolumes/HeterogeneousVolumesVoxelGridTraversal.ush" 3078
"../../../Engine/Shaders/Private/HeterogeneousVolumes/HeterogeneousVolumesFrustumVoxelGridUtils.ush" 3079
"../../../Engine/Shaders/Private/PathTracing/PathTracingBuildLightGrid.usf" 3080
"../../../Engine/Shaders/Private/PathTracing/PathTracingSkylightMISCompensation.usf" 3081
"../../../Engine/Shaders/Private/PathTracing/PathTracingSkylightPrepare.usf" 3082
"../../../Engine/Shaders/Private/OIT/OITSorting.usf" 3083
"../../../Engine/Shaders/Private/OITCombine.usf" 3084
"../../../Engine/Shaders/Private/OITCommon.ush" 3085
"../../../Engine/Shaders/Private/Nanite/Voxel/RasterizeBricks.usf" 3086
"../../../Engine/Shaders/Private/Nanite/Voxel/Brick.ush" 3087
"../../../Engine/Shaders/Private/Nanite/Voxel/Voxel.ush" 3088
"../../../Engine/Shaders/Private/Nanite/Voxel/ScatterBricks.usf" 3089
"../../../Engine/Shaders/Private/Nanite/Voxel/TileBricks.usf" 3090
"../../../Engine/Shaders/Private/Nanite/Voxel/AutoVoxel.usf" 3091
"../../../Engine/Shaders/Private/Nanite/NaniteDebugViews.usf" 3092
"../../../Engine/Shaders/Private/Nanite/NaniteEditorCommon.ush" 3093
"../../../Engine/Shaders/Private/BinarySearch.ush" 3094
"../../../Engine/Shaders/Private/Nanite/NaniteDepthDecode.usf" 3095
"../../../Engine/Shaders/Private/HTileEncoding.ush" 3096
"../../../Engine/Shaders/Private/Nanite/NaniteVisualize.usf" 3097
"../../../Engine/Shaders/Private/Nanite/NaniteTranslucency.usf" 3098
"../../../Engine/Shaders/Private/Nanite/NaniteStreamOut.usf" 3099
"../../../Engine/Shaders/Private/Nanite/NaniteHierarchyTraversal.ush" 3100
"../../../Engine/Shaders/Private/Nanite/NaniteShadeBinning.usf" 3101
"../../../Engine/Shaders/Private/Nanite/NaniteShadeCommon.ush" 3102
"../../../Engine/Shaders/Private/Nanite/NaniteFastClear.usf" 3103
"../../../Engine/Shaders/Private/Nanite/NaniteClusterRayTracing.usf" 3104
"../../../Engine/Shaders/Private/Nanite/NaniteClusterRayTracingStats.ush" 3105
"../../../Engine/Shaders/Private/Nanite/NaniteRayTracing.usf" 3106
"../../../Engine/Shaders/Private/Nanite/NaniteExportGBuffer.usf" 3107
"../../../Engine/Shaders/Private/Nanite/NaniteRasterizer.usf" 3108
"../../../Engine/Shaders/Private/Nanite/NaniteCurveCommon.ush" 3109
"../../../Engine/Shaders/Private/Nanite/NaniteDice.ush" 3110
"../../../Engine/Shaders/Private/ShaderBundleWorkGraphCommon.ush" 3111
"../../../Engine/Shaders/Private/Nanite/NaniteCurve.usf" 3112
"../../../Engine/Shaders/Private/Nanite/NaniteClusterCulling.usf" 3113
"../../../Engine/Shaders/Private/Nanite/NanitePrintStats.usf" 3114
"../../../Engine/Shaders/Private/Nanite/NaniteSplit.usf" 3115
"../../../Engine/Shaders/Private/Nanite/NaniteRasterBinning.usf" 3116
"../../../Engine/Shaders/Private/Nanite/NaniteInstanceCulling.usf" 3117
"../../../Engine/Shaders/Private/Nanite/NaniteInstanceHierarchyCulling.usf" 3118
"../../../Engine/Shaders/Private/WorkGroupLoadBalancer.ush" 3119
"../../../Engine/Shaders/Private/Nanite/NanitePrimitiveFilter.usf" 3120
"../../../Engine/Shaders/Private/Nanite/NaniteRasterClear.usf" 3121
"../../../Engine/Shaders/Private/Nanite/NaniteDepthExport.usf" 3122
"../../../Engine/Shaders/Private/Nanite/NaniteEmitShadow.usf" 3123
"../../../Engine/Shaders/Private/MobileDeferredUtils.usf" 3124
"../../../Engine/Shaders/Private/MobileFog.usf" 3125
"../../../Engine/Shaders/Private/DistortApplyScreenPS.usf" 3126
"../../../Engine/Shaders/Private/MobileDeferredShading.usf" 3127
"../../../Engine/Shaders/Private/MobileBasePassPixelShader.usf" 3128
"../../../Engine/Shaders/Private/MobileBasePassCommon.ush" 3129
"../../../Engine/Shaders/Private/BasePassCommon.ush" 3130
"../../../Engine/Shaders/Private/ShadingModelsMaterial.ush" 3131
"../../../Engine/Shaders/Private/ThinTranslucentCommon.ush" 3132
"../../../Engine/Shaders/Private/SingleLayerWaterShading.ush" 3133
"../../../Engine/Shaders/Private/DistortionCommon.ush" 3134
"../../../Engine/Shaders/Private/Substrate/SubstrateMobileForwardLighting.ush" 3135
"../../../Engine/Shaders/Private/MobileBasePassVertexShader.usf" 3136
"../../../Engine/Shaders/Private/MeshEdges.usf" 3137
"../../../Engine/Shaders/Private/MegaLights/MegaLightsLightComplexity.usf" 3138
"../../../Engine/Shaders/Private/MegaLights/MegaLightsSamplingDefinitionsCommon.ush" 3139
"../../../Engine/Shaders/Private/MegaLights/MegaLightsLightTargetPDF.ush" 3140
"../../../Engine/Shaders/Private/MegaLights/MegaLightsShading.ush" 3141
"../../../Engine/Shaders/Private/MegaLights/MegaLights.ush" 3142
"../../../Engine/Shaders/Shared/MegaLightsDefinitions.h" 3143
"../../../Engine/Shaders/Private/MegaLights/MegaLightsMaterial.ush" 3144
"../../../Engine/Shaders/Private/MegaLights/MegaLightsVolume.ush" 3145
"../../../Engine/Shaders/Private/MegaLights/MegaLightsVisibility.ush" 3146
"../../../Engine/Shaders/Private/MegaLights/MegaLightsDebug.usf" 3147
"../../../Engine/Shaders/Private/MegaLights/MegaLightsVisualizeHardwareRayTracing.usf" 3148
"../../../Engine/Shaders/Private/Lumen/LumenHardwareRayTracingCommon.ush" 3149
"../../../Engine/Shaders/Private/RayTracing/RayTracingReflectionEnvironment.ush" 3150
"../../../Engine/Shaders/Private/Lumen/LumenHardwareRayTracingPlatformCommon.ush" 3151
"../../../Engine/Shaders/Private/Lumen/LumenTracingCommon.ush" 3152
"../../../Engine/Shaders/Private/Lumen/SurfaceCache/LumenSurfaceCacheSampling.ush" 3153
"../../../Engine/Shaders/Private/Lumen/SurfaceCache/LumenSurfaceCache.ush" 3154
"../../../Engine/Shaders/Private/Lumen/LumenCardCommon.ush" 3155
"../../../Engine/Shaders/Private/Lumen/LumenCardTileShadowDownsampleFactor.ush" 3156
"../../../Engine/Shaders/Private/StochasticLighting/StochasticLightingVisualize.ush" 3157
"../../../Engine/Shaders/Private/MegaLights/MegaLightsVisualize.usf" 3158
"../../../Engine/Shaders/Private/MegaLights/MegaLightsDenoiser.ush" 3159
"../../../Engine/Shaders/Private/MegaLights/MegaLightsSampling.usf" 3160
"../../../Engine/Shaders/Private/MegaLights/MegaLightsRayTracing.ush" 3161
"../../../Engine/Shaders/Private/MegaLights/MegaLightsSampling.ush" 3162
"../../../Engine/Shaders/Private/MegaLights/MegaLightsEstimateLight.ush" 3163
"../../../Engine/Shaders/Private/MegaLights/MegaLightsVolumeSampling.usf" 3164
"../../../Engine/Shaders/Private/MegaLights/MegaLights.usf" 3165
"../../../Engine/Shaders/Private/HairStrands/HairStrandsDeepShadowCommon.ush" 3166
"../../../Engine/Shaders/Private/HairStrands/HairStrandsScreenTracing.ush" 3167
"../../../Engine/Shaders/Private/MegaLights/MegaLightsFilterVisibleLightHash.usf" 3168
"../../../Engine/Shaders/Private/MegaLights/MegaLightsShading.usf" 3169
"../../../Engine/Shaders/Private/MegaLights/MegaLightsVisibleLightHash.usf" 3170
"../../../Engine/Shaders/Private/MegaLights/MegaLightsVolumeShading.usf" 3171
"../../../Engine/Shaders/Private/MegaLights/MegaLightsVSMMarking.usf" 3172
"../../../Engine/Shaders/Private/MegaLights/MegaLightsVSMTracing.usf" 3173
"../../../Engine/Shaders/Private/MegaLights/MegaLightsRayTracing.usf" 3174
"../../../Engine/Shaders/Private/DistanceField/GlobalDistanceFieldUtils.ush" 3175
"../../../Engine/Shaders/Private/Lumen/LumenScreenTracing.ush" 3176
"../../../Engine/Shaders/Private/StochasticLighting/StochasticLightingRayTracing.ush" 3177
"../../../Engine/Shaders/Private/MegaLights/MegaLightsVolumeRayTracing.usf" 3178
"../../../Engine/Shaders/Private/MegaLights/MegaLightsVolumeHardwareRayTracing.usf" 3179
"../../../Engine/Shaders/Private/MegaLights/MegaLightsHardwareRayTracing.usf" 3180
"../../../Engine/Shaders/Private/MegaLights/MegaLightsLightPowerDelta.usf" 3181
"../../../Engine/Shaders/Private/MegaLights/MegaLightsDenoiserSpatial.usf" 3182
"../../../Engine/Shaders/Private/MegaLights/MegaLightsDenoiserTemporal.usf" 3183
"../../../Engine/Shaders/Private/MaterialCache/MaterialCacheABufferPages.usf" 3184
"../../../Engine/Shaders/Private/MaterialCache/MaterialCacheABufferBorderFillHardwarePages.usf" 3185
"../../../Engine/Shaders/Private/MaterialCache/MaterialCacheShade.usf" 3186
"../../../Engine/Shaders/Private/MaterialCache/MaterialCacheShadeCommon.ush" 3187
"../../../Engine/Shaders/Private/MaterialCache/MaterialCacheUnwrapNaniteShade.usf" 3188
"../../../Engine/Shaders/Private/MaterialCache/MaterialCacheUnwrapPixelShader.usf" 3189
"../../../Engine/Shaders/Private/MaterialCache/MaterialCacheUnwrapVertexShader.usf" 3190
"../../../Engine/Shaders/Private/Lumen/LumenVisualizeRadianceCache.usf" 3191
"../../../Engine/Shaders/Private/Lumen/LumenIrradianceFieldInterpolation.ush" 3192
"../../../Engine/Shaders/Private/Lumen/LumenVisualizeHardwareRayTracing.usf" 3193
"../../../Engine/Shaders/Private/Lumen/LumenVisualize.ush" 3194
"../../../Engine/Shaders/Private/Lumen/LumenHairTracing.ush" 3195
"../../../Engine/Shaders/Private/Lumen/LumenVisualize.usf" 3196
"../../../Engine/Shaders/Private/Lumen/LumenSoftwareRayTracing.ush" 3197
"../../../Engine/Shaders/Private/DistanceField/GlobalDistanceFieldObjectGrid.ush" 3198
"../../../Engine/Shaders/Private/DistanceFieldLightingShared.ush" 3199
"../../../Engine/Shaders/Private/Lumen/LumenRadianceCacheCommon.ush" 3200
"../../../Engine/Shaders/Private/Lumen/LumenVisualizeTraces.ush" 3201
"../../../Engine/Shaders/Private/Lumen/LumenTranslucencyVolumeLighting.usf" 3202
"../../../Engine/Shaders/Private/Lumen/LumenRadianceCacheMarkCommon.ush" 3203
"../../../Engine/Shaders/Private/Lumen/LumenTranslucencyVolumeLightingShared.ush" 3204
"../../../Engine/Shaders/Private/Lumen/LumenScreenProbeCommon.ush" 3205
"../../../Engine/Shaders/Private/RayTracing/RayGenUtils.ush" 3206
"../../../Engine/Shaders/Private/Lumen/LumenRadianceCacheTracingCommon.ush" 3207
"../../../Engine/Shaders/Private/Lumen/LumenFloatQuantization.ush" 3208
"../../../Engine/Shaders/Private/Lumen/LumenTranslucencyVolumeHardwareRayTracing.usf" 3209
"../../../Engine/Shaders/Private/Lumen/LumenTranslucencyRadianceCacheMarkShaders.usf" 3210
"../../../Engine/Shaders/Private/Lumen/SurfaceCache/LumenSurfaceCache.usf" 3211
"../../../Engine/Shaders/Private/Lumen/LumenVirtualTextureCommon.ush" 3212
"../../../Engine/Shaders/Private/Lumen/LumenShortRangeAOHardwareRayTracing.usf" 3213
"../../../Engine/Shaders/Private/Lumen/LumenScreenSpaceBentNormal.ush" 3214
"../../../Engine/Shaders/Private/Lumen/LumenScreenSpaceBentNormal.usf" 3215
"../../../Engine/Shaders/Private/Lumen/LumenScreenProbeTracing.usf" 3216
"../../../Engine/Shaders/Private/Lumen/LumenScreenProbeTracingCommon.ush" 3217
"../../../Engine/Shaders/Private/Lumen/LumenScreenProbeImportanceSampling.usf" 3218
"../../../Engine/Shaders/Private/Lumen/LumenScreenProbeImportanceSamplingShared.ush" 3219
"../../../Engine/Shaders/Private/Lumen/LumenScreenProbeGatherScreenData.usf" 3220
"../../../Engine/Shaders/Private/Lumen/LumenScreenProbeGatherTemporal.ush" 3221
"../../../Engine/Shaders/Private/Lumen/LumenScreenProbeHardwareRayTracing.usf" 3222
"../../../Engine/Shaders/Private/Lumen/LumenScreenProbeDebug.usf" 3223
"../../../Engine/Shaders/Private/Lumen/LumenScreenProbeGather.usf" 3224
"../../../Engine/Shaders/Private/Lumen/LumenUpsample.ush" 3225
"../../../Engine/Shaders/Private/Lumen/LumenScreenProbeGatherTemporal.usf" 3226
"../../../Engine/Shaders/Private/Lumen/LumenScreenProbeFiltering.usf" 3227
"../../../Engine/Shaders/Private/Lumen/LumenSceneLighting.usf" 3228
"../../../Engine/Shaders/Private/Lumen/LumenCardTile.ush" 3229
"../../../Engine/Shaders/Private/Lumen/LumenSceneLighting.ush" 3230
"../../../Engine/Shaders/Private/Lumen/Radiosity/LumenRadiosity.ush" 3231
"../../../Engine/Shaders/Private/Lumen/LumenSceneLightingDebug.usf" 3232
"../../../Engine/Shaders/Private/Lumen/LumenScene.usf" 3233
"../../../Engine/Shaders/Private/Lumen/LumenSceneDirectLightingHardwareRayTracing.usf" 3234
"../../../Engine/Shaders/Private/Lumen/LumenSceneDirectLightingStochastic.ush" 3235
"../../../Engine/Shaders/Private/Lumen/LumenSceneDirectLighting.ush" 3236
"../../../Engine/Shaders/Private/Lumen/LumenSceneDebugHardwareRayTracing.usf" 3237
"../../../Engine/Shaders/Private/Lumen/LumenSceneDirectLightingStochastic.usf" 3238
"../../../Engine/Shaders/Private/Lumen/LumenSceneDirectLightingSoftwareRayTracing.usf" 3239
"../../../Engine/Shaders/Private/DistanceFieldShadowingShared.ush" 3240
"../../../Engine/Shaders/Private/Lumen/LumenSceneDirectLightingPerLightShadowCommon.ush" 3241
"../../../Engine/Shaders/Private/Lumen/LumenSceneDirectLightingShadowMask.usf" 3242
"../../../Engine/Shaders/Private/Lumen/LumenSceneDirectLighting.usf" 3243
"../../../Engine/Shaders/Private/Lumen/LumenSceneDirectLightingCulling.usf" 3244
"../../../Engine/Shaders/Private/Lumen/LumenCardComputeShader.usf" 3245
"../../../Engine/Shaders/Private/Lumen/LumenCardBasePass.ush" 3246
"../../../Engine/Shaders/Private/Lumen/LumenCardPixelShader.usf" 3247
"../../../Engine/Shaders/Private/Lumen/LumenCardVertexShader.usf" 3248
"../../../Engine/Shaders/Private/Lumen/LumenReSTIRGather.usf" 3249
"../../../Engine/Shaders/Private/Lumen/LumenReflectionTracing.usf" 3250
"../../../Engine/Shaders/Private/Lumen/LumenReflectionDenoiserSpatial.usf" 3251
"../../../Engine/Shaders/Private/Lumen/LumenReflectionDenoiserCommon.ush" 3252
"../../../Engine/Shaders/Private/Lumen/LumenCompositeBackgroundVisibility.usf" 3253
"../../../Engine/Shaders/Private/Lumen/LumenReflectionDenoiserClear.usf" 3254
"../../../Engine/Shaders/Private/Lumen/LumenReflectionDenoiserTemporal.usf" 3255
"../../../Engine/Shaders/Private/Lumen/LumenReflectionResolve.usf" 3256
"../../../Engine/Shaders/Private/Lumen/LumenReflections.usf" 3257
"../../../Engine/Shaders/Private/Lumen/RayTracedTranslucency.usf" 3258
"../../../Engine/Shaders/Private/Lumen/LumenReflectionHardwareRayTracing.usf" 3259
"../../../Engine/Shaders/Private/Lumen/Radiosity/LumenVisualizeRadiosityProbes.usf" 3260
"../../../Engine/Shaders/Private/Lumen/Radiosity/LumenRadiosity.usf" 3261
"../../../Engine/Shaders/Private/Lumen/Radiosity/LumenRadiosityHardwareRayTracing.usf" 3262
"../../../Engine/Shaders/Private/Lumen/Radiosity/LumenRadiosityCulling.usf" 3263
"../../../Engine/Shaders/Private/Lumen/LumenRadianceCacheHardwareRayTracing.usf" 3264
"../../../Engine/Shaders/Private/Lumen/LumenRadianceCache.usf" 3265
"../../../Engine/Shaders/Private/Lumen/LumenRadianceCacheUpdate.ush" 3266
"../../../Engine/Shaders/Private/Lumen/LumenRadianceCacheDebug.usf" 3267
"../../../Engine/Shaders/Private/Lumen/LumenRadianceCacheUpdate.usf" 3268
"../../../Engine/Shaders/Private/Lumen/LumenMeshSDFCulling.usf" 3269
"../../../Engine/Shaders/Private/HybridIndirectLighting.ush" 3270
"../../../Engine/Shaders/Private/MeshDistanceFieldCommon.ush" 3271
"../../../Engine/Shaders/Private/Lumen/LumenIrradianceFieldGather.usf" 3272
"../../../Engine/Shaders/Private/Lumen/LumenHardwareRayTracingMaterials.usf" 3273
"../../../Engine/Shaders/Private/LocalFogVolumes/LocalFogVolumeSplat.usf" 3274
"../../../Engine/Shaders/Private/LocalFogVolumes/LocalFogVolumeTiledCulling.usf" 3275
"../../../Engine/Shaders/Private/LightShaftShader.usf" 3276
"../../../Engine/Shaders/Private/StationaryLightOverlapShaders.usf" 3277
"../../../Engine/Shaders/Private/DeferredLightPixelShaders.usf" 3278
"../../../Engine/Shaders/Private/DeferredLightVertexShaders.usf" 3279
"../../../Engine/Shaders/Private/LightMapDensityShader.usf" 3280
"../../../Engine/Shaders/Private/LightGridInjection.usf" 3281
"../../../Engine/Shaders/Shared/LightGridDefinitions.h" 3282
"../../../Engine/Shaders/Private/LightFunctionPixelShader.usf" 3283
"../../../Engine/Shaders/Private/LightFunctionVertexShader.usf" 3284
"../../../Engine/Shaders/Private/LightFunctionAtlas/LightFunctionAtlasRender.usf" 3285
"../../../Engine/Shaders/Private/InstanceCulling/InstanceCullingOcclusionQuery.usf" 3286
"../../../Engine/Shaders/Private/InstanceCulling/InstanceCullingSetup.ush" 3287
"../../../Engine/Shaders/Private/InstanceCulling/BuildInstanceDrawCommands.usf" 3288
"../../../Engine/Shaders/Private/InstanceCulling/InstanceCompactionCommon.ush" 3289
"../../../Engine/Shaders/Private/SceneDataMobileWriter.ush" 3290
"../../../Engine/Shaders/Private/InstanceCulling/CompactVisibleInstances.usf" 3291
"../../../Engine/Shaders/Private/ReflectionEnvironmentPixelShader.usf" 3292
"../../../Engine/Shaders/Private/AmbientCubemapComposite.usf" 3293
"../../../Engine/Shaders/Private/DiffuseIndirectComposite.usf" 3294
"../../../Engine/Shaders/Private/IESAtlas.usf" 3295
"../../../Engine/Shaders/Private/HeterogeneousVolumes/HeterogeneousVolumesVisualizeCascades.usf" 3296
"../../../Engine/Shaders/Private/HeterogeneousVolumes/HeterogeneousVolumesVoxelGridShadows.usf" 3297
"../../../Engine/Shaders/Private/HeterogeneousVolumes/HeterogeneousVolumesStochasticFiltering.ush" 3298
"../../../Engine/Shaders/Private/HeterogeneousVolumes/HeterogeneousVolumesVoxelGridRenderingUtils.ush" 3299
"../../../Engine/Shaders/Private/HeterogeneousVolumes/HeterogeneousVolumesLightingUtils.ush" 3300
"../../../Engine/Shaders/Private/HeterogeneousVolumes/HeterogeneousVolumesRayMarchingUtils.ush" 3301
"../../../Engine/Shaders/Private/HeterogeneousVolumes/HeterogeneousVolumesRayMarchingTypes.ush" 3302
"../../../Engine/Shaders/Private/HeterogeneousVolumes/HeterogeneousVolumesTransmittanceVolumeUtils.ush" 3303
"../../../Engine/Shaders/Private/HeterogeneousVolumes/HeterogeneousVolumesAdaptiveVolumetricShadowMapSampler.ush" 3304
"../../../Engine/Shaders/Private/HeterogeneousVolumes/HeterogeneousVolumesVoxelGridRendering.usf" 3305
"../../../Engine/Shaders/Private/HeterogeneousVolumes/HeterogeneousVolumesVoxelGridPipeline.usf" 3306
"../../../Engine/Shaders/Private/HeterogeneousVolumes/HeterogeneousVolumesMaterialBakingPipeline.usf" 3307
"../../../Engine/Shaders/Private/HeterogeneousVolumes/HeterogeneousVolumesLiveShadingUtils.ush" 3308
"../../../Engine/Shaders/Private/HeterogeneousVolumes/HeterogeneousVolumesFrustumVoxelGrid.usf" 3309
"../../../Engine/Shaders/Private/HeterogeneousVolumes/HeterogeneousVolumesSparseVoxelPipeline.usf" 3310
"../../../Engine/Shaders/Private/HeterogeneousVolumes/HeterogeneousVolumesSparseVoxelUtils.ush" 3311
"../../../Engine/Shaders/Private/HeterogeneousVolumes/HeterogeneousVolumesSparseVoxelUniformBufferUtils.ush" 3312
"../../../Engine/Shaders/Private/HeterogeneousVolumes/HeterogeneousVolumesPreshadingPipeline.usf" 3313
"../../../Engine/Shaders/Private/HeterogeneousVolumes/HeterogeneousVolumesPreshadingUniformBufferUtils.ush" 3314
"../../../Engine/Shaders/Private/HeterogeneousVolumes/HeterogeneousVolumesPreshadingUtils.ush" 3315
"../../../Engine/Shaders/Private/HeterogeneousVolumes/HeterogeneousVolumesShadowMask.usf" 3316
"../../../Engine/Shaders/Private/HeterogeneousVolumes/HeterogeneousVolumesLiveShadingShadows.usf" 3317
"../../../Engine/Shaders/Private/HeterogeneousVolumes/HeterogeneousVolumesLiveShadingGlobalPipeline.usf" 3318
"../../../Engine/Shaders/Private/HeterogeneousVolumes/HeterogeneousVolumesLiveShadingPipeline.usf" 3319
"../../../Engine/Shaders/Private/HeterogeneousVolumes/HeterogeneousVolumesHardwareRayTracing.usf" 3320
"../../../Engine/Shaders/Private/HeterogeneousVolumes/HeterogeneousVolumesAmbientOcclusionPipeline.usf" 3321
"../../../Engine/Shaders/Private/HeterogeneousVolumes/HeterogeneousVolumesComposite.usf" 3322
"../../../Engine/Shaders/Private/HdrCustomResolveShaders.usf" 3323
"../../../Engine/Shaders/Private/HairStrands/RenderCurveRaster.usf" 3324
"../../../Engine/Shaders/Shared/RenderCurveDefinitions.h" 3325
"../../../Engine/Shaders/Private/HairStrands/HairStrandsVoxelRasterCompute.usf" 3326
"../../../Engine/Shaders/Private/HairStrands/HairStrandsHitProxy.usf" 3327
"../../../Engine/Shaders/Private/HairStrands/HairStrandsVisibilityRasterComputeNaive.usf" 3328
"../../../Engine/Shaders/Private/HairStrands/HairStrandsVisibilityRasterHW.usf" 3329
"../../../Engine/Shaders/Private/HairStrands/HairStrandsVisibilityRasterCompute.usf" 3330
"../../../Engine/Shaders/Private/HairStrands/HairStrandsVisibilityRasterClassification.usf" 3331
"../../../Engine/Shaders/Private/HairStrands/HairStrandsCoverage.usf" 3332
"../../../Engine/Shaders/Private/HairStrands/HairStrandsVisibilityDepthPS.usf" 3333
"../../../Engine/Shaders/Private/HairStrands/HairStrandsVisibilityTransmittanceDepthPS.usf" 3334
"../../../Engine/Shaders/Private/HairStrands/HairStrandsVisibilityFillOpaqueDepthPS.usf" 3335
"../../../Engine/Shaders/Private/HairStrands/HairStrandsVisibilityCompactionComputeRaster.usf" 3336
"../../../Engine/Shaders/Private/HairStrands/HairStrandsVisibilityCompaction.usf" 3337
"../../../Engine/Shaders/Private/HairStrands/HairStrandsVisibilityCopyIndirectArg.usf" 3338
"../../../Engine/Shaders/Private/HairStrands/HairStrandsVisibilityClearPS.usf" 3339
"../../../Engine/Shaders/Private/HairStrands/HairStrandsVisibilityPS.usf" 3340
"../../../Engine/Shaders/Private/HairStrands/HairStrandsVisibilityVS.usf" 3341
"../../../Engine/Shaders/Private/HairStrands/HairStrandsVelocity.usf" 3342
"../../../Engine/Shaders/Private/HairStrands/HairStrandsVisibilityComputeSampleCoverage.usf" 3343
"../../../Engine/Shaders/Private/HairStrands/HairStrandsMaterialPS.usf" 3344
"../../../Engine/Shaders/Private/HairStrands/HairStrandsMaterialCommon.ush" 3345
"../../../Engine/Shaders/Private/HairStrands/HairStrandsMaterialVS.usf" 3346
"../../../Engine/Shaders/Private/HairStrands/HairStrandsLightSample.usf" 3347
"../../../Engine/Shaders/Private/HairStrands/HairStrandsDeepShadowMask.usf" 3348
"../../../Engine/Shaders/Private/HairStrands/HairStrandsDeepTransmittanceMask.usf" 3349
"../../../Engine/Shaders/Private/HairStrands/HairStrandsVisibilityTile.usf" 3350
"../../../Engine/Shaders/Private/HairStrands/HairStrandsDeepShadowPS.usf" 3351
"../../../Engine/Shaders/Private/HairStrands/HairStrandsDeepShadowVS.usf" 3352
"../../../Engine/Shaders/Private/HairStrands/HairStrandsAABB.usf" 3353
"../../../Engine/Shaders/Private/HairStrands/HairStrandsLUT.usf" 3354
"../../../Engine/Shaders/Private/HairStrands/HairStrandsForwardRaster.usf" 3355
"../../../Engine/Shaders/Private/HairStrands/HairStrandsForwardCulling.usf" 3356
"../../../Engine/Shaders/Private/HairStrands/HairStrandsEnvironmentLighting.usf" 3357
"../../../Engine/Shaders/Private/HairStrands/HairStrandsDebugCommonStruct.ush" 3358
"../../../Engine/Shaders/Private/HairStrands/HairStrandsEnvironmentAO.usf" 3359
"../../../Engine/Shaders/Private/HairStrands/HairStrandsDeepShadowAllocation.usf" 3360
"../../../Engine/Shaders/Private/HairStrands/HairStrandsVoxelDebug.usf" 3361
"../../../Engine/Shaders/Private/HairStrands/HairStrandsComposition.usf" 3362
"../../../Engine/Shaders/Private/HairStrands/HairStrandsGBufferCommon.ush" 3363
"../../../Engine/Shaders/Private/GPUScene/GPUSceneDataManagement.usf" 3364
"../../../Engine/Shaders/Private/GPUSceneDebugRender.usf" 3365
"../../../Engine/Shaders/Private/GPUFeedbackCompaction.usf" 3366
"../../../Engine/Shaders/Private/GPUFastFourierTransform.usf" 3367
"../../../Engine/Shaders/Private/GPUFastFourierTransform2DCore.ush" 3368
"../../../Engine/Shaders/Private/GPUFastFourierTransformCore.ush" 3369
"../../../Engine/Shaders/Private/GPUBenchmark.usf" 3370
"../../../Engine/Shaders/Private/DistanceField/GlobalDistanceFieldDebug.usf" 3371
"../../../Engine/Shaders/Private/DistanceField/GlobalDistanceFieldUpdate.ush" 3372
"../../../Engine/Shaders/Private/DistanceField/GlobalDistanceFieldMip.usf" 3373
"../../../Engine/Shaders/Private/DistanceField/GlobalDistanceField.usf" 3374
"../../../Engine/Shaders/Private/DistanceField/GlobalDistanceFieldCompositeObjects.usf" 3375
"../../../Engine/Shaders/Private/DistanceField/GlobalDistanceFieldHeightfields.usf" 3376
"../../../Engine/Shaders/Private/HeightfieldLightingShared.ush" 3377
"../../../Engine/Shaders/Private/GenerateConservativeDepth.usf" 3378
"../../../Engine/Shaders/Private/FrontLayerTranslucency.usf" 3379
"../../../Engine/Shaders/Private/FogSeparateComposition.usf" 3380
"../../../Engine/Shaders/Private/FogScreenSpaceScattering.ush" 3381
"../../../Engine/Shaders/Private/FogSeparateComposition.ush" 3382
"../../../Engine/Shaders/Private/HeightFogPixelShader.usf" 3383
"../../../Engine/Shaders/Private/HeightFogVertexShader.usf" 3384
"../../../Engine/Shaders/Private/DistortFiltering.usf" 3385
"../../../Engine/Shaders/Private/DistortAccumulatePS.usf" 3386
"../../../Engine/Shaders/Private/DistortAccumulateVS.usf" 3387
"../../../Engine/Shaders/Private/DistanceFieldVisualization.usf" 3388
"../../../Engine/Shaders/Private/DistanceFieldStreaming.usf" 3389
"../../../Engine/Shaders/Private/DistanceFieldShadowing.usf" 3390
"../../../Engine/Shaders/Private/DistanceFieldScreenGridLighting.usf" 3391
"../../../Engine/Shaders/Private/DistanceFieldObjectCulling.usf" 3392
"../../../Engine/Shaders/Private/DistanceFieldLightingPost.usf" 3393
"../../../Engine/Shaders/Private/DitheredTransitionStencil.usf" 3394
"../../../Engine/Shaders/Private/CopyDepthTexture.usf" 3395
"../../../Engine/Shaders/Private/CopyDepthTextureCS.usf" 3396
"../../../Engine/Shaders/Private/DeferredDecal.usf" 3397
"../../../Engine/Shaders/Private/DecalCommon.ush" 3398
"../../../Engine/Shaders/Private/DebugViewModeVertexShader.usf" 3399
"../../../Engine/Shaders/Private/DebugViewModeCommon.ush" 3400
"../../../Engine/Shaders/Private/DebugViewModePixelShader.usf" 3401
"../../../Engine/Shaders/Private/DebugProbes.usf" 3402
"../../../Engine/Shaders/Private/MeshDecals.usf" 3403
"../../../Engine/Shaders/Private/ClusteredDeferredShadingPixelShader.usf" 3404
"../../../Engine/Shaders/Private/ClusteredDeferredShadingVertexShader.usf" 3405
"../../../Engine/Shaders/Private/CapsuleShadowShaders.usf" 3406
"../../../Engine/Shaders/Private/BasePassPixelShader.usf" 3407
"../../../Engine/Shaders/Private/FrontLayerTranslucencyShared.ush" 3408
"../../../Engine/Shaders/Private/ForwardLightingCommon.ush" 3409
"../../../Engine/Shaders/Private/Substrate/SubstrateForwardLighting.ush" 3410
"../../../Engine/Shaders/Private/ComputeShaderOutputCommon.ush" 3411
"../../../Engine/Shaders/Private/BasePassVertexShader.usf" 3412
"../../../Engine/Shaders/Private/BasePassVertexCommon.ush" 3413
"../../../Engine/Shaders/Private/SimpleElementVolumeTexturePreviewPixelShader.usf" 3414
"../../../Engine/Shaders/Private/SimpleElementTexture2DPreviewPixelShader.usf" 3415
"../../../Engine/Shaders/Private/meshpaintdilatepixelshader.usf" 3416
"../../../Engine/Shaders/Private/meshpaintdilatevertexshader.usf" 3417
"../../../Engine/Shaders/Private/MeshPaintPixelShader.usf" 3418
"../../../Engine/Shaders/Private/MeshPaintVertexShader.usf" 3419
"../../../Engine/Shaders/Private/SlateElementPixelShader.usf" 3420
"../../../Engine/Shaders/Private/SlateShaderCommon.ush" 3421
"../../../Engine/Shaders/Private/SlateMaskingShader.usf" 3422
"../../../Engine/Shaders/Private/SlateVertexShader.usf" 3423
"../../../Engine/Shaders/Private/CompositeUIPixelShader.usf" 3424
"../../../Engine/Shaders/Private/ColorDeficiency.ush" 3425
"../../../Engine/Shaders/Private/SlatePostProcessColorDeficiencyPixelShader.usf" 3426
"../../../Engine/Shaders/Private/SlatePostProcessPixelShader.usf" 3427
"../../../Engine/Shaders/Private/Tools/VisualizeTexture.usf" 3428
"../../../Engine/Shaders/Private/UpdateDescriptorHandle.usf" 3429
"../../../Engine/Shaders/Private/ByteBuffer.usf" 3430
"../../../Engine/Shaders/Private/ShaderBundleWorkGraphDispatch.usf" 3431
"../../../Engine/Shaders/Private/ShaderBundleDispatch.usf" 3432
"../../../Engine/Shaders/Private/ResolveVertexShader.usf" 3433
"../../../Engine/Shaders/Private/ResolvePixelShader.usf" 3434
"../../../Engine/Shaders/Private/Tools/SetupIndirectArgs.usf" 3435
"../../../Engine/Shaders/Private/ClearReplacementShaders.usf" 3436
"../../../Engine/Shaders/Private/Tools/DrawTexture.usf" 3437
"../../../Engine/Shaders/Private/RayTracing/RayTracingValidation.usf" 3438
"../../../Engine/Shaders/Private/RenderGraphUtilities.usf" 3439
"../../../Engine/Shaders/Private/OneColorShader.usf" 3440
"../../../Engine/Shaders/Private/OculusShaders.usf" 3441
"../../../Engine/Shaders/Private/MediaShaders.usf" 3442
"../../../Engine/Shaders/Private/GPUMessaging.usf" 3443
"../../../Engine/Shaders/Private/Tools/GPUDebugCrashUtils.usf" 3444
"../../../Engine/Shaders/Private/NullPixelShader.usf" 3445
"../../../Engine/Shaders/Private/ComputeGenerateMips.usf" 3446
"../../../Engine/Shaders/Private/Tools/DumpTexture.usf" 3447
"../../../Engine/Shaders/Private/CopyTextureShaders.usf" 3448
"../../../Engine/Shaders/Private/Tools/FullscreenVertexShader.usf" 3449
"../../../Engine/Shaders/Private/RayTracing/RayTracingDispatchDesc.usf" 3450
"../../../Engine/Shaders/Private/Bink.usf" 3451
"../../../Engine/Shaders/Private/DepthOnlyPixelShader.usf" 3452
"../../../Engine/Shaders/Private/PositionOnlyDepthVertexShader.usf" 3453
"../../../Engine/Shaders/Private/DepthOnlyVertexShader.usf" 3454
"../../../Engine/Shaders/Private/AnisotropyPassShader.usf" 3455
"/Engine/EngineResources/WhiteSquareTexture" 3456
"../../../Engine/Content/EngineResources/WhiteSquareTexture.uasset" 3457
"/Engine/EngineResources/GradientTexture0" 3458
"../../../Engine/Content/EngineResources/GradientTexture0.uasset" 3459
"/Engine/EngineResources/Black" 3460
"../../../Engine/Content/EngineResources/Black.uasset" 3461
"/Engine/EditorResources/S_Actor" 3462
"../../../Engine/Content/EditorResources/S_Actor.uasset" 3463
"/Engine/EngineFonts/RobotoDistanceField" 3464
"../../../Engine/Content/EngineFonts/RobotoDistanceField.uasset" 3465
"/Engine/EngineMaterials/DefaultTextMaterialOpaque" 3466
"../../../Engine/Content/EngineMaterials/DefaultTextMaterialOpaque.uasset" 3467
"/Engine/EngineMaterials/WorldGridMaterial" 3468
"/Engine/EngineMaterials/DefaultDeferredDecalMaterial" 3469
"/Engine/EngineMaterials/DefaultLightFunctionMaterial" 3470
"/Engine/EngineMaterials/DefaultPostProcessMaterial" 3471
"../../../Engine/Content/EngineMaterials/WorldGridMaterial.uasset" 3472
"../../../Engine/Content/Functions/Engine_MaterialFunctions01/Opacity/CameraDepthFade.uasset" 3473
"../../../Engine/Content/EngineMaterials/T_Default_Material_Grid_M.uasset" 3474
"../../../Engine/Content/EngineMaterials/T_Default_Material_Grid_N.uasset" 3475
"../../../Engine/Content/EngineMaterials/DefaultDeferredDecalMaterial.uasset" 3476
"../../../Engine/Content/EngineMaterials/DefaultDiffuse.uasset" 3477
"../../../Engine/Content/EngineMaterials/DefaultLightFunctionMaterial.uasset" 3478
"../../../Engine/Content/EngineMaterials/DefaultPostProcessMaterial.uasset" 3479
"../../../Engine/Content/Functions/Engine_MaterialFunctions02/Utility/BreakOutFloat2Components.uasset" 3480
"/Engine/EditorResources/S_Trigger" 3481
"../../../Engine/Content/EditorResources/S_Trigger.uasset" 3482
"/Engine/EditorResources/S_BoxReflectionCapture" 3483
"../../../Engine/Content/EditorResources/S_BoxReflectionCapture.uasset" 3484
"/Engine/EngineResources/DefaultTexture" 3485
"../../../Engine/Content/EngineResources/DefaultTexture.uasset" 3486
"/Engine/EditorResources/S_TriggerBox" 3487
"../../../Engine/Content/EditorResources/S_TriggerBox.uasset" 3488
"/Engine/EditorResources/S_TriggerCapsule" 3489
"../../../Engine/Content/EditorResources/S_TriggerCapsule.uasset" 3490
"/Engine/EditorResources/S_TriggerSphere" 3491
"../../../Engine/Content/EditorResources/S_TriggerSphere.uasset" 3492
"/Engine/EngineMeshes/Sphere" 3493
"../../../Engine/Content/EngineMeshes/Sphere.uasset" 3494
"/Engine/EngineDamageTypes/DmgTypeBP_Environmental" 3495
"../../../Engine/Content/EngineDamageTypes/DmgTypeBP_Environmental.uasset" 3496
"/Engine/EngineResources/DefaultTextureCube" 3497
"../../../Engine/Content/EngineResources/DefaultTextureCube.uasset" 3498
"/Engine/EngineResources/DefaultVolumeTexture" 3499
"../../../Engine/Content/EngineResources/DefaultVolumeTexture.uasset" 3500
"../../../Engine/Content/EngineResources/DefaultVolumeTexture2D.uasset" 3501
"/Engine/EditorMaterials/WidgetVertexColorMaterial" 3502
"../../../Engine/Content/EditorMaterials/WidgetVertexColorMaterial.uasset" 3503
"/Engine/EditorResources/S_Solver" 3504
"../../../Engine/Content/EditorResources/S_Solver.uasset" 3505
"/Engine/EngineDebugMaterials/VolumeToRender" 3506
"../../../Engine/Content/EngineDebugMaterials/VolumeToRender.uasset" 3507
"/Engine/EngineDebugMaterials/M_VolumeRenderSphereTracePP" 3508
"../../../Engine/Content/EngineDebugMaterials/M_VolumeRenderSphereTracePP.uasset" 3509
"../../../Engine/Content/Functions/Engine_MaterialFunctions02/Utility/CameraDirectionVector.uasset" 3510
"/Engine/EditorMeshes/Camera/SM_CraneRig_Base" 3511
"../../../Engine/Content/EditorMeshes/Camera/SM_CraneRig_Base.uasset" 3512
"../../../Engine/Content/EditorMaterials/Camera/MI_CineMat_Rig.uasset" 3513
"../../../Engine/Content/EditorMaterials/Camera/CineMat.uasset" 3514
"/Engine/EditorMeshes/Camera/SM_CraneRig_Arm" 3515
"../../../Engine/Content/EditorMeshes/Camera/SM_CraneRig_Arm.uasset" 3516
"/Engine/EditorMeshes/Camera/SM_CraneRig_Mount" 3517
"../../../Engine/Content/EditorMeshes/Camera/SM_CraneRig_Mount.uasset" 3518
"/Engine/EditorMeshes/Camera/SM_CraneRig_Body" 3519
"../../../Engine/Content/EditorMeshes/Camera/SM_CraneRig_Body.uasset" 3520
"/Engine/EditorMeshes/Camera/SM_RailRig_Track" 3521
"../../../Engine/Content/EditorMeshes/Camera/SM_RailRig_Track.uasset" 3522
"/Engine/EditorMeshes/Camera/SM_RailRig_Mount" 3523
"../../../Engine/Content/EditorMeshes/Camera/SM_RailRig_Mount.uasset" 3524
"/Engine/EditorLandscapeResources/SplineEditorMesh" 3525
"../../../Engine/Content/EditorLandscapeResources/SplineEditorMesh.uasset" 3526
"../../../Engine/Content/EditorLandscapeResources/SplineEditorMeshMat.uasset" 3527
"/Water/Icons/WaterBodyIslandSprite" 3528
"../../Plugins/Experimental/Water/Content/Icons/WaterBodyIslandSprite.uasset" 3529
"/Water/Icons/WaterZoneActorSprite" 3530
"../../Plugins/Experimental/Water/Content/Icons/WaterZoneActorSprite.uasset" 3531
"/HairStrands/Materials/HairDebugMaterial" 3532
"../../Plugins/Runtime/HairStrands/Content/Materials/HairDebugMaterial.uasset" 3533
"../../../Engine/Content/Functions/Engine_MaterialFunctions02/Utility/MakeFloat2.uasset" 3534
"../../../Engine/Content/Functions/Engine_MaterialFunctions02/Utility/MakeFloat3.uasset" 3535
"../../../Engine/Content/EngineMaterials/HairColorMap.uasset" 3536
"../../../Engine/Content/EngineMaterials/HairDebugColor.uasset" 3537
"../../Plugins/Runtime/HairStrands/Content/Materials/HairGroupColors.uasset" 3538
"/HairStrands/Materials/HairDefaultMaterial" 3539
"../../Plugins/Runtime/HairStrands/Content/Materials/HairDefaultMaterial.uasset" 3540
"/HairStrands/Materials/HairCardsDefaultMaterial" 3541
"../../Plugins/Runtime/HairStrands/Content/Materials/HairCardsDefaultMaterial.uasset" 3542
"/HairStrands/Materials/HairMeshesDefaultMaterial" 3543
"../../Plugins/Runtime/HairStrands/Content/Materials/HairMeshesDefaultMaterial.uasset" 3544
"/Engine/EngineMaterials/Widget3DPassThrough_Translucent" 3545
"../../../Engine/Content/EngineMaterials/Widget3DPassThrough_Translucent.uasset" 3546
"../../../Engine/Content/EngineMaterials/Widget3DPassThrough.uasset" 3547
"/Engine/EngineMaterials/Widget3DPassThrough_Translucent_OneSided" 3548
"../../../Engine/Content/EngineMaterials/Widget3DPassThrough_Translucent_OneSided.uasset" 3549
"/Engine/EngineMaterials/Widget3DPassThrough_Opaque" 3550
"../../../Engine/Content/EngineMaterials/Widget3DPassThrough_Opaque.uasset" 3551
"/Engine/EngineMaterials/Widget3DPassThrough_Opaque_OneSided" 3552
"../../../Engine/Content/EngineMaterials/Widget3DPassThrough_Opaque_OneSided.uasset" 3553
"/Engine/EngineMaterials/Widget3DPassThrough_Masked" 3554
"../../../Engine/Content/EngineMaterials/Widget3DPassThrough_Masked.uasset" 3555
"/Engine/EngineMaterials/Widget3DPassThrough_Masked_OneSided" 3556
"../../../Engine/Content/EngineMaterials/Widget3DPassThrough_Masked_OneSided.uasset" 3557
"/Engine/VREditor/ViewportInteractionAssetContainerData" 3558
"../../../Engine/Content/VREditor/ViewportInteractionAssetContainerData.uasset" 3559
"../../../Engine/Content/VREditor/SnapGrid/SnapGridMaterial.uasset" 3560
"../../../Engine/Content/VREditor/TransformGizmo/TransformGizmoMaterial_Inst.uasset" 3561
"../../../Engine/Content/VREditor/TransformGizmo/TranslucentTransformGizmoMaterial_Inst.uasset" 3562
"../../../Engine/Content/VREditor/SnapGrid/SnapGridPlaneMesh.uasset" 3563
"../../../Engine/Content/VREditor/Sounds/UI/Drop_Item_From_ContentBrowser.uasset" 3564
"../../../Engine/Content/VREditor/Sounds/UI/Gizmo_Handle_Clicked.uasset" 3565
"../../../Engine/Content/VREditor/Sounds/UI/Object_PickUp.uasset" 3566
"../../../Engine/Content/VREditor/Sounds/UI/Object_Snaps_To_Another_Actor.uasset" 3567
"../../../Engine/Content/VREditor/Sounds/UI/Object_Snaps_To_Grid.uasset" 3568
"../../../Engine/Content/VREditor/Sounds/UI/Scaling_Down.uasset" 3569
"../../../Engine/Content/VREditor/Sounds/UI/Scaling_Up.uasset" 3570
"../../../Engine/Content/VREditor/Sounds/UI/Selection_Changes.uasset" 3571
"../../../Engine/Content/VREditor/TransformGizmo/PlaneTranslationHandle.uasset" 3572
"../../../Engine/Content/VREditor/TransformGizmo/RotationHandleFull.uasset" 3573
"../../../Engine/Content/VREditor/TransformGizmo/RotationHandleIndicator.uasset" 3574
"../../../Engine/Content/VREditor/TransformGizmo/RotationHandleQuarter.uasset" 3575
"../../../Engine/Content/VREditor/TransformGizmo/StartRotationHandleIndicator.uasset" 3576
"../../../Engine/Content/VREditor/TransformGizmo/TransformGizmoFreeRotation.uasset" 3577
"../../../Engine/Content/VREditor/TransformGizmo/TranslateArrowHandle.uasset" 3578
"../../../Engine/Content/VREditor/TransformGizmo/UniformScaleHandle.uasset" 3579
"../../../Engine/Content/Functions/Engine_MaterialFunctions02/Math/Transform3x3Matrix.uasset" 3580
"../../../Engine/Content/Functions/Engine_MaterialFunctions02/SplitComponents.uasset" 3581
"../../../Engine/Content/VREditor/TransformGizmo/TransformGizmoMaterial.uasset" 3582
"../../../Engine/Content/VREditor/TransformGizmo/TranslucentTransformGizmoMaterial.uasset" 3583
"../../../Engine/Content/Functions/Engine_MaterialFunctions02/Utility/BreakOutFloat3Components.uasset" 3584
"../../../Engine/Content/VREditor/LaserPointer/VR_LaserPower_01.uasset" 3585
"/Engine/VREditor/TransformGizmo/BoundingBoxCorner" 3586
"../../../Engine/Content/VREditor/TransformGizmo/BoundingBoxCorner.uasset" 3587
"/Engine/VREditor/TransformGizmo/BoundingBoxEdge" 3588
"../../../Engine/Content/VREditor/TransformGizmo/BoundingBoxEdge.uasset" 3589
"/Engine/ArtTools/RenderToTexture/Meshes/S_1_Unit_Plane" 3590
"../../../Engine/Content/ArtTools/RenderToTexture/Meshes/S_1_Unit_Plane.uasset" 3591
"/Engine/EngineDebugMaterials/M_SimpleUnlitTranslucent" 3592
"../../../Engine/Content/EngineDebugMaterials/M_SimpleUnlitTranslucent.uasset" 3593
"/Engine/EngineFonts/Roboto" 3594
"../../../Engine/Content/EngineFonts/Roboto.uasset" 3595
"../../../Engine/Content/EngineFonts/Faces/DroidSansFallback.uasset" 3596
"../../../Engine/Content/EngineFonts/Faces/RobotoBold.uasset" 3597
"../../../Engine/Content/EngineFonts/Faces/RobotoBoldItalic.uasset" 3598
"../../../Engine/Content/EngineFonts/Faces/RobotoItalic.uasset" 3599
"../../../Engine/Content/EngineFonts/Faces/RobotoLight.uasset" 3600
"../../../Engine/Content/EngineFonts/Faces/RobotoRegular.uasset" 3601
"../../../Engine/Content/Internationalization/icudt64l/brkitr/en_US.res" 3602
"../../../Engine/Content/Internationalization/icudt64l/brkitr/en.res" 3603
"../../../Engine/Content/Internationalization/icudt64l/brkitr/root.res" 3604
"../../../Engine/Content/Internationalization/icudt64l/brkitr/char.brk" 3605
"../../../Engine/Content/Internationalization/icudt64l/brkitr/word.brk" 3606
"/Engine/EditorMaterials/ParticleSystems/PSysThumbnail_NoImage" 3607
"../../../Engine/Content/EditorMaterials/ParticleSystems/PSysThumbnail_NoImage.uasset" 3608
"/Engine/EditorMaterials/ParticleSystems/PSysThumbnail_OOD" 3609
"../../../Engine/Content/EditorMaterials/ParticleSystems/PSysThumbnail_OOD.uasset" 3610
"/Engine/EngineResources/LandscapeVisibilityLayerInfo" 3611
"../../../Engine/Content/EngineResources/LandscapeVisibilityLayerInfo.uasset" 3612
"/Water/Meshes/LakeMesh" 3613
"../../Plugins/Experimental/Water/Content/Meshes/LakeMesh.uasset" 3614
"/Water/Meshes/RiverMesh" 3615
"../../Plugins/Experimental/Water/Content/Meshes/RiverMesh.uasset" 3616
"/Water/Icons/WaterBodyExclusionVolumeSprite" 3617
"../../Plugins/Experimental/Water/Content/Icons/WaterBodyExclusionVolumeSprite.uasset" 3618
"../../../Engine/Plugins/Runtime/IOSDeviceProfileSelector/Config/DeviceModelsInfo.ini" 3619
"/ACLPlugin/ACLAnimBoneCompressionSettings" 3620
"../../Plugins/Animation/ACLPlugin/Content/ACLAnimBoneCompressionSettings.uasset" 3621
"/Engine/Animation/DefaultRecorderBoneCompression" 3622
"../../../Engine/Content/Animation/DefaultRecorderBoneCompression.uasset" 3623
"/ACLPlugin/ACLAnimCurveCompressionSettings" 3624
"../../Plugins/Animation/ACLPlugin/Content/ACLAnimCurveCompressionSettings.uasset" 3625
"/Engine/Animation/DefaultVariableFrameStrippingSettings" 3626
"../../../Engine/Content/Animation/DefaultVariableFrameStrippingSettings.uasset" 3627
"/Engine/EditorMaterials/Dataflow/M_Dataflow_CheckerBoard" 3628
"../../../Engine/Content/EditorMaterials/Dataflow/M_Dataflow_CheckerBoard.uasset" 3629
"../../../Engine/Content/EditorMaterials/Dataflow/T_CheckerBoard.uasset" 3630
"/Engine/EditorMaterials/Dataflow/DataflowSelection" 3631
"../../../Engine/Content/EditorMaterials/Dataflow/DataflowSelection.uasset" 3632
"../../../Engine/Content/Functions/Engine_MaterialFunctions01/Gradient/LinearGradient.uasset" 3633
"../../../Engine/Content/Functions/Engine_MaterialFunctions01/ImageAdjustment/CheapContrast.uasset" 3634
"../../../Engine/Content/Functions/Engine_MaterialFunctions01/Texturing/WorldAlignedTexture.uasset" 3635
"../../../Engine/Content/Functions/Engine_MaterialFunctions02/Utility/VectorLength.uasset" 3636
"../../../Engine/Content/Functions/Engine_MaterialFunctions02/WorldPositionOffset/ObjectScale.uasset" 3637
"../../../Engine/Content/EngineMaterials/Grid.uasset" 3638
"/Paper2D/MaskedUnlitSpriteMaterial" 3639
"../../Plugins/2D/Paper2D/Content/MaskedUnlitSpriteMaterial.uasset" 3640
"../../Plugins/2D/Paper2D/Content/DefaultSpriteMaterial.uasset" 3641
"../../Plugins/2D/Paper2D/Content/PlaceholderTextures/DummySpriteTexture.uasset" 3642
"/Paper2D/OpaqueUnlitSpriteMaterial" 3643
"../../Plugins/2D/Paper2D/Content/OpaqueUnlitSpriteMaterial.uasset" 3644
"/Paper2D/DefaultPaperTerrainMaterial" 3645
"../../Plugins/2D/Paper2D/Content/DefaultPaperTerrainMaterial.uasset" 3646
"../../Plugins/2D/Paper2D/Content/DummySprite.uasset" 3647
"/ControlRig/Controls/ControlRigXRayMaterial" 3648
"../../Plugins/Animation/ControlRig/Content/Controls/ControlRigXRayMaterial.uasset" 3649
"/ControlRig/Controls/DefaultGizmoLibraryNormalized" 3650
"../../Plugins/Animation/ControlRig/Content/Controls/DefaultGizmoLibraryNormalized.uasset" 3651
"/ControlRig/M_Manip" 3652
"../../Plugins/Animation/ControlRig/Content/M_Manip.uasset" 3653
"../../../Engine/Content/Functions/Engine_MaterialFunctions02/WorldPositionOffset/CameraOffset.uasset" 3654
"/AudioWidgets/Resources/ScrubHandleDown_Clamped" 3655
"../../Plugins/Runtime/AudioWidgets/Content/Resources/ScrubHandleDown_Clamped.uasset" 3656
"/Engine/BasicShapes/Cube" 3657
"../../../Engine/Content/BasicShapes/Cube.uasset" 3658
"/Engine/BasicShapes/Cylinder" 3659
"../../../Engine/Content/BasicShapes/Cylinder.uasset" 3660
"../../../Engine/Content/EngineMaterials/DefaultMaterial.uasset" 3661
"/Engine/BasicShapes/Sphere" 3662
"../../../Engine/Content/BasicShapes/Sphere.uasset" 3663
"/Game/LevelPrototyping/Materials/M_FlatCol" 3664
"../../../../../../Game projects/Grand-City-Mobile-RP-UE5/Content/LevelPrototyping/Materials/M_FlatCol.uasset" 3665
"/Game/LevelPrototyping/Interactable/JumpPad/Assets/Materials/M_SimpleGlow" 3666
"../../../../../../Game projects/Grand-City-Mobile-RP-UE5/Content/LevelPrototyping/Interactable/JumpPad/Assets/Materials/M_SimpleGlow.uasset" 3667
"/Game/Quests/Materials/M_QuestBeacon" 3668
"../../../../../../Game projects/Grand-City-Mobile-RP-UE5/Content/Quests/Materials/M_QuestBeacon.uasset" 3669
"/Game/VehicleVarietyPack/Meshes/SM_Pickup" 3670
"../../../../../../Game projects/Grand-City-Mobile-RP-UE5/Content/VehicleVarietyPack/Meshes/SM_Pickup.uasset" 3671
"../../../../../../Game projects/Grand-City-Mobile-RP-UE5/Content/VehicleVarietyPack/Materials/Pickup/M_Pickup_Body.uasset" 3672
"../../../../../../Game projects/Grand-City-Mobile-RP-UE5/Content/VehicleVarietyPack/Materials/Pickup/M_Pickup_Interior.uasset" 3673
"../../../../../../Game projects/Grand-City-Mobile-RP-UE5/Content/VehicleVarietyPack/Materials/Pickup/M_Pickup_Under.uasset" 3674
"../../../../../../Game projects/Grand-City-Mobile-RP-UE5/Content/VehicleVarietyPack/Materials/Pickup/Mi_Pickup_Glass.uasset" 3675
"../../../../../../Game projects/Grand-City-Mobile-RP-UE5/Content/VehicleVarietyPack/Textures/Pickup/TX_Pickup_Diffuse.uasset" 3676
"../../../../../../Game projects/Grand-City-Mobile-RP-UE5/Content/VehicleVarietyPack/Textures/Pickup/TX_Pickup_EMM.uasset" 3677
"../../../../../../Game projects/Grand-City-Mobile-RP-UE5/Content/VehicleVarietyPack/Textures/Pickup/TX_Pickup_Normal.uasset" 3678
"../../../../../../Game projects/Grand-City-Mobile-RP-UE5/Content/VehicleVarietyPack/Textures/Pickup/TX_Pickup_ORM.uasset" 3679
"../../../../../../Game projects/Grand-City-Mobile-RP-UE5/Content/VehicleVarietyPack/Textures/Pickup/TX_Pickup_Interior_Diffuse.uasset" 3680
"../../../../../../Game projects/Grand-City-Mobile-RP-UE5/Content/VehicleVarietyPack/Textures/Pickup/TX_Pickup_Interior_Normal.uasset" 3681
"../../../../../../Game projects/Grand-City-Mobile-RP-UE5/Content/VehicleVarietyPack/Textures/Pickup/TX_Pickup_Interior_OPC.uasset" 3682
"../../../../../../Game projects/Grand-City-Mobile-RP-UE5/Content/VehicleVarietyPack/Textures/Pickup/TX_Pickup_Interior_ORM.uasset" 3683
"../../../../../../Game projects/Grand-City-Mobile-RP-UE5/Content/VehicleVarietyPack/Textures/Pickup/TX_Pickup_Diffuse_1.uasset" 3684
"../../../../../../Game projects/Grand-City-Mobile-RP-UE5/Content/VehicleVarietyPack/Textures/Pickup/TX_Pickup_Normal_1.uasset" 3685
"../../../../../../Game projects/Grand-City-Mobile-RP-UE5/Content/VehicleVarietyPack/Textures/Pickup/TX_Pickup_ORM_1.uasset" 3686
"../../../../../../Game projects/Grand-City-Mobile-RP-UE5/Content/VehicleVarietyPack/Materials/Masters/M_Glass.uasset" 3687
"../../../../../../Game projects/Grand-City-Mobile-RP-UE5/Content/VehicleVarietyPack/Textures/Pickup/TX_Pickup_Diffuse_2.uasset" 3688
"../../../../../../Game projects/Grand-City-Mobile-RP-UE5/Content/VehicleVarietyPack/Textures/Pickup/TX_Pickup_Normal_2.uasset" 3689
"../../../../../../Game projects/Grand-City-Mobile-RP-UE5/Content/VehicleVarietyPack/Textures/Pickup/TX_Pickup_OPC_2.uasset" 3690
"../../../../../../Game projects/Grand-City-Mobile-RP-UE5/Content/VehicleVarietyPack/Textures/Pickup/TX_Pickup_ORM_2.uasset" 3691
"/Game/Characters/Mannequins/Meshes/SKM_Quinn_Simple" 3692
"../../../../../../Game projects/Grand-City-Mobile-RP-UE5/Content/Characters/Mannequins/Meshes/SKM_Quinn_Simple.uasset" 3693
"../../../../../../Game projects/Grand-City-Mobile-RP-UE5/Content/Characters/Mannequins/Materials/Quinn/MI_Quinn_01.uasset" 3694
"../../../../../../Game projects/Grand-City-Mobile-RP-UE5/Content/Characters/Mannequins/Materials/Quinn/MI_Quinn_02.uasset" 3695
"../../../../../../Game projects/Grand-City-Mobile-RP-UE5/Content/Characters/Mannequins/Meshes/SK_Mannequin.uasset" 3696
"../../../../../../Game projects/Grand-City-Mobile-RP-UE5/Content/Characters/Mannequins/Rigs/PA_Mannequin.uasset" 3697
"../../../../../../Game projects/Grand-City-Mobile-RP-UE5/Content/Characters/Mannequins/Materials/M_Mannequin.uasset" 3698
"../../../../../../Game projects/Grand-City-Mobile-RP-UE5/Content/Characters/Mannequins/Textures/Quinn/T_Quinn_01_D.uasset" 3699
"../../../../../../Game projects/Grand-City-Mobile-RP-UE5/Content/Characters/Mannequins/Textures/Quinn/T_Quinn_01_MRA.uasset" 3700
"../../../../../../Game projects/Grand-City-Mobile-RP-UE5/Content/Characters/Mannequins/Textures/Quinn/T_Quinn_01_N.uasset" 3701
"../../../../../../Game projects/Grand-City-Mobile-RP-UE5/Content/Characters/Mannequins/Textures/Quinn/T_Quinn_02_D.uasset" 3702
"../../../../../../Game projects/Grand-City-Mobile-RP-UE5/Content/Characters/Mannequins/Textures/Quinn/T_Quinn_02_MRA.uasset" 3703
"../../../../../../Game projects/Grand-City-Mobile-RP-UE5/Content/Characters/Mannequins/Textures/Quinn/T_Quinn_02_N.uasset" 3704
"../../../Engine/Content/Functions/Engine_MaterialFunctions01/Texturing/ScaleUVsByCenter.uasset" 3705
"../../../../../../Game projects/Grand-City-Mobile-RP-UE5/Content/Characters/Mannequins/Textures/Manny/T_Manny_01_BN.uasset" 3706
"../../../../../../Game projects/Grand-City-Mobile-RP-UE5/Content/Characters/Mannequins/Textures/Manny/T_Manny_01_D.uasset" 3707
"../../../../../../Game projects/Grand-City-Mobile-RP-UE5/Content/Characters/Mannequins/Textures/Manny/T_Manny_01_MRA.uasset" 3708
"../../../../../../Game projects/Grand-City-Mobile-RP-UE5/Content/Characters/Mannequins/Textures/Shared/T_UE_Logo_M.uasset" 3709
"C:/Users/Administrator/AppData/Local/UnrealEngine/Common/DerivedDataCache/Buckets/LegacyMESHDATAKEY/6e/54/978c477051575819a55740c58663a4a6badc.udd" 3710
"C:/Users/Administrator/AppData/Local/UnrealEngine/Common/DerivedDataCache/Content/ce/80/86b2b4b0b75e4cd91b225b1fa9aef2bdfdba.udd" 3711
"C:/Users/Administrator/AppData/Local/UnrealEngine/Common/DerivedDataCache/Buckets/StaticMesh/ed/4e/7b8d43c04e61e873a3eb986ba708af70d414.udd" 3712
"C:/Users/Administrator/AppData/Local/UnrealEngine/Common/DerivedDataCache/Content/d0/98/5f9b1c05612063fdb5bf0baba7b2576496a5.udd" 3713
"C:/Users/Administrator/AppData/Local/UnrealEngine/Common/DerivedDataCache/Buckets/LegacyCARD/96/c4/1d55b064b4f988016a1c97f94e855fafeb22.udd" 3714
"/Game/Characters/Mannequins/Anims/Unarmed/ABP_Unarmed" 3715
"../../../../../../Game projects/Grand-City-Mobile-RP-UE5/Content/Characters/Mannequins/Anims/Unarmed/ABP_Unarmed.uasset" 3716
"../../../../../../Game projects/Grand-City-Mobile-RP-UE5/Content/Characters/Mannequins/Anims/Unarmed/Jump/MM_Fall_Loop.uasset" 3717
"../../../../../../Game projects/Grand-City-Mobile-RP-UE5/Content/Characters/Mannequins/Anims/Unarmed/Jump/MM_Jump.uasset" 3718
"../../../../../../Game projects/Grand-City-Mobile-RP-UE5/Content/Characters/Mannequins/Anims/Unarmed/Jump/MM_Land.uasset" 3719
"../../../../../../Game projects/Grand-City-Mobile-RP-UE5/Content/Characters/Mannequins/Anims/Unarmed/MM_Idle.uasset" 3720
"../../../../../../Game projects/Grand-City-Mobile-RP-UE5/Content/Characters/Mannequins/Anims/Unarmed/BS_Idle_Walk_Run.uasset" 3721
"../../../../../../Game projects/Grand-City-Mobile-RP-UE5/Content/Characters/Mannequins/Rigs/CR_Mannequin_FootIK.uasset" 3722
"../../../Engine/Content/Animation/DefaultAnimBoneCompressionSettings.uasset" 3723
"../../../Engine/Content/Animation/DefaultAnimCurveCompressionSettings.uasset" 3724
"../../../../../../Game projects/Grand-City-Mobile-RP-UE5/Content/Characters/Mannequins/Anims/Unarmed/Jog/MF_Unarmed_Jog_Bwd.uasset" 3725
"../../../../../../Game projects/Grand-City-Mobile-RP-UE5/Content/Characters/Mannequins/Anims/Unarmed/Jog/MF_Unarmed_Jog_Bwd_Left.uasset" 3726
"../../../../../../Game projects/Grand-City-Mobile-RP-UE5/Content/Characters/Mannequins/Anims/Unarmed/Jog/MF_Unarmed_Jog_Bwd_Right.uasset" 3727
"../../../../../../Game projects/Grand-City-Mobile-RP-UE5/Content/Characters/Mannequins/Anims/Unarmed/Jog/MF_Unarmed_Jog_Fwd.uasset" 3728
"../../../../../../Game projects/Grand-City-Mobile-RP-UE5/Content/Characters/Mannequins/Anims/Unarmed/Jog/MF_Unarmed_Jog_Fwd_Left.uasset" 3729
"../../../../../../Game projects/Grand-City-Mobile-RP-UE5/Content/Characters/Mannequins/Anims/Unarmed/Jog/MF_Unarmed_Jog_Fwd_Right.uasset" 3730
"../../../../../../Game projects/Grand-City-Mobile-RP-UE5/Content/Characters/Mannequins/Anims/Unarmed/Jog/MF_Unarmed_Jog_Left.uasset" 3731
"../../../../../../Game projects/Grand-City-Mobile-RP-UE5/Content/Characters/Mannequins/Anims/Unarmed/Jog/MF_Unarmed_Jog_Right.uasset" 3732
"../../../../../../Game projects/Grand-City-Mobile-RP-UE5/Content/Characters/Mannequins/Anims/Unarmed/Walk/MF_Unarmed_Walk_Bwd.uasset" 3733
"../../../../../../Game projects/Grand-City-Mobile-RP-UE5/Content/Characters/Mannequins/Anims/Unarmed/Walk/MF_Unarmed_Walk_Bwd_Left.uasset" 3734
"../../../../../../Game projects/Grand-City-Mobile-RP-UE5/Content/Characters/Mannequins/Anims/Unarmed/Walk/MF_Unarmed_Walk_Bwd_Right.uasset" 3735
"../../../../../../Game projects/Grand-City-Mobile-RP-UE5/Content/Characters/Mannequins/Anims/Unarmed/Walk/MF_Unarmed_Walk_Fwd.uasset" 3736
"../../../../../../Game projects/Grand-City-Mobile-RP-UE5/Content/Characters/Mannequins/Anims/Unarmed/Walk/MF_Unarmed_Walk_Fwd_Left.uasset" 3737
"../../../../../../Game projects/Grand-City-Mobile-RP-UE5/Content/Characters/Mannequins/Anims/Unarmed/Walk/MF_Unarmed_Walk_Fwd_Right.uasset" 3738
"../../../../../../Game projects/Grand-City-Mobile-RP-UE5/Content/Characters/Mannequins/Anims/Unarmed/Walk/MF_Unarmed_Walk_Left.uasset" 3739
"../../../../../../Game projects/Grand-City-Mobile-RP-UE5/Content/Characters/Mannequins/Anims/Unarmed/Walk/MF_Unarmed_Walk_Right.uasset" 3740
"/Game/Characters/Mannequins/Anims/CrouchFixed/MM_Unarmed_Crouch_Entry" 3741
"../../../../../../Game projects/Grand-City-Mobile-RP-UE5/Content/Characters/Mannequins/Anims/CrouchFixed/MM_Unarmed_Crouch_Entry.uasset" 3742
"/Game/Characters/Mannequins/Anims/CrouchFixed/MM_Unarmed_Crouch_Exit" 3743
"../../../../../../Game projects/Grand-City-Mobile-RP-UE5/Content/Characters/Mannequins/Anims/CrouchFixed/MM_Unarmed_Crouch_Exit.uasset" 3744
"/Game/Characters/Mannequins/Anims/CrouchFixed/MM_Unarmed_Crouch_Idle" 3745
"../../../../../../Game projects/Grand-City-Mobile-RP-UE5/Content/Characters/Mannequins/Anims/CrouchFixed/MM_Unarmed_Crouch_Idle.uasset" 3746
"/Game/Characters/Mannequins/Anims/CrouchFixed/MM_Unarmed_Crouch_Walk_Fwd" 3747
"../../../../../../Game projects/Grand-City-Mobile-RP-UE5/Content/Characters/Mannequins/Anims/CrouchFixed/MM_Unarmed_Crouch_Walk_Fwd.uasset" 3748
"/Game/Characters/Mannequins/Anims/CrouchFixed/MM_Unarmed_Crouch_Walk_Bwd" 3749
"../../../../../../Game projects/Grand-City-Mobile-RP-UE5/Content/Characters/Mannequins/Anims/CrouchFixed/MM_Unarmed_Crouch_Walk_Bwd.uasset" 3750
"/Game/Characters/Mannequins/Anims/CrouchFixed/MM_Unarmed_Crouch_Walk_Left" 3751
"../../../../../../Game projects/Grand-City-Mobile-RP-UE5/Content/Characters/Mannequins/Anims/CrouchFixed/MM_Unarmed_Crouch_Walk_Left.uasset" 3752
"/Game/Characters/Mannequins/Anims/CrouchFixed/MM_Unarmed_Crouch_Walk_Right" 3753
"../../../../../../Game projects/Grand-City-Mobile-RP-UE5/Content/Characters/Mannequins/Anims/CrouchFixed/MM_Unarmed_Crouch_Walk_Right.uasset" 3754
"/Game/Characters/Mannequins/Anims/Vehicle/MM_Car_Enter" 3755
"../../../../../../Game projects/Grand-City-Mobile-RP-UE5/Content/Characters/Mannequins/Anims/Vehicle/MM_Car_Enter.uasset" 3756
"/Game/Characters/Mannequins/Anims/Vehicle/MM_Car_Exit" 3757
"../../../../../../Game projects/Grand-City-Mobile-RP-UE5/Content/Characters/Mannequins/Anims/Vehicle/MM_Car_Exit.uasset" 3758
"../../../Engine/Config/BaseUnrealInsightsSettings.ini" 3759
"/PCG/ComputeSources/PCGCS_ShaderUtils" 3760
"../../Plugins/PCG/Content/ComputeSources/PCGCS_ShaderUtils.uasset" 3761
"/PCG/ComputeSources/PCGCS_ShaderUtilsInternal" 3762
"../../Plugins/PCG/Content/ComputeSources/PCGCS_ShaderUtilsInternal.uasset" 3763
"/PCG/ComputeSources/PCGCS_Quaternion" 3764
"../../Plugins/PCG/Content/ComputeSources/PCGCS_Quaternion.uasset" 3765
"/Engine/VREditor/TransformGizmo/SM_Sequencer_Node" 3766
"../../../Engine/Content/VREditor/TransformGizmo/SM_Sequencer_Node.uasset" 3767
"../../../Engine/Content/VREditor/TransformGizmo/Main.uasset" 3768
"../../../Engine/Content/VREditor/TransformGizmo/Xray.uasset" 3769
"/MediaPlate/SM_MediaPlateScreen" 3770
"../../Plugins/Media/MediaPlate/Content/SM_MediaPlateScreen.uasset" 3771
"/SpeedTreeImporter/SpeedTree9/SpeedTreeMaster" 3772
"../../Plugins/Editor/SpeedTreeImporter/Content/SpeedTree9/SpeedTreeMaster.uasset" 3773
"../../../Engine/Content/Functions/Engine_MaterialFunctions02/ObjectLocalBounds.uasset" 3774
"../../../Engine/Content/Functions/Engine_MaterialFunctions02/SafeNormalize.uasset" 3775
"../../../Engine/Content/Functions/Engine_MaterialFunctions02/UVs/BoundingBoxBased_0-1_UVW.uasset" 3776
"../../Plugins/Editor/SpeedTreeImporter/Content/SpeedTree9/SpeedTreeBranchMotion.uasset" 3777
"../../Plugins/Editor/SpeedTreeImporter/Content/SpeedTree9/SpeedTreeCameraFacing.uasset" 3778
"../../Plugins/Editor/SpeedTreeImporter/Content/SpeedTree9/SpeedTreeWind.uasset" 3779
"../../Plugins/Editor/SpeedTreeImporter/Content/SpeedTree9/SpeedTreeWindMotion.uasset" 3780
"../../Plugins/Editor/SpeedTreeImporter/Content/SpeedTree9/UnpackDirection.uasset" 3781
"../../Plugins/Editor/SpeedTreeImporter/Content/SpeedTree9/UnpackInteger3.uasset" 3782
"../../Plugins/Editor/SpeedTreeImporter/Content/SpeedTree9/Empty.uasset" 3783
"../../Plugins/Editor/SpeedTreeImporter/Content/SpeedTree9/EmptyNormal.uasset" 3784
"../../Plugins/Editor/SpeedTreeImporter/Content/SpeedTree9/game_wind_noise.uasset" 3785
"/SpeedTreeImporter/SpeedTree9/SpeedTreeBillboardMaster" 3786
"../../Plugins/Editor/SpeedTreeImporter/Content/SpeedTree9/SpeedTreeBillboardMaster.uasset" 3787
"../../Plugins/Editor/SpeedTreeImporter/Content/SpeedTree9/SpeedTreeBillboard.uasset" 3788
"/MeshModelingToolsetExp/Materials/PointSetOverlaidComponentMaterial" 3789
"../../Plugins/Experimental/MeshModelingToolsetExp/Content/Materials/PointSetOverlaidComponentMaterial.uasset" 3790
"../../../Engine/Content/Functions/Engine_MaterialFunctions02/Utility/FOV.uasset" 3791
"../../../Engine/Content/Functions/Engine_MaterialFunctions02/WorldPositionOffset/V2/ObjectScale.uasset" 3792
"../../../Engine/Content/Functions/Engine_MaterialFunctions03/Viewport/MF_OrthoWidth.uasset" 3793
"../../Plugins/Experimental/MeshModelingToolsetExp/Content/Materials/GetDisplacementVectorForDepthBias.uasset" 3794
"/MeshModelingToolsetExp/Materials/LineSetOverlaidComponentMaterial" 3795
"../../Plugins/Experimental/MeshModelingToolsetExp/Content/Materials/LineSetOverlaidComponentMaterial.uasset" 3796
"../../../Engine/Content/Functions/Engine_MaterialFunctions02/Math/ProjectVectorOntoPlane.uasset" 3797
"/Landmass/Landscape/BlueprintBrushes/Materials/Internal/BrushBounds" 3798
"../../Plugins/Experimental/Landmass/Content/Landscape/BlueprintBrushes/Materials/Internal/BrushBounds.uasset" 3799
"../../../Engine/Content/EditorMaterials/TilingAAGrid.uasset" 3800
"../../../Engine/Content/EditorMaterials/TilingAALineBoxFiltered.uasset" 3801
"../../../Engine/Content/EditorMaterials/TilingAALineIntegral.uasset" 3802
"../../../Engine/Content/Functions/Engine_MaterialFunctions01/ImageAdjustment/SCurve.uasset" 3803
"../../../Engine/Content/Functions/Engine_MaterialFunctions03/Blends/Blend_Screen.uasset" 3804
"../../../Engine/Content/Functions/Engine_MaterialFunctions03/Procedurals/ComputeFilterWidth.uasset" 3805
"../../Plugins/Experimental/Landmass/Content/Landscape/BlueprintBrushes/Materials/BrushMaterials/BasicFunctions/LandmassBrush_ShapeMask.uasset" 3806
"../../Plugins/Experimental/Landmass/Content/Landscape/BlueprintBrushes/MF/Landmass_BrushTilt.uasset" 3807
"../../Plugins/Experimental/Landmass/Content/Landscape/BlueprintBrushes/MF/LandmassBrush_EdgeFalloff.uasset" 3808
"../../Plugins/Experimental/Landmass/Content/Landscape/BlueprintBrushes/MF/LandmassBrush_Noise.uasset" 3809
"../../Plugins/Experimental/Landmass/Content/Landscape/BlueprintBrushes/MF/LandmassBrush_UVs.uasset" 3810
"../../Plugins/Experimental/Landmass/Content/Landscape/BlueprintBrushes/MF/PointSampleLandscapeUVs.uasset" 3811
"../../Plugins/Experimental/Landmass/Content/Landscape/OldPrototype_BP/Mats/MF/UnpackRG8Height.uasset" 3812
"../../Plugins/Experimental/Landmass/Content/Landscape/BlueprintBrushes/MPC/MPC_Landscape.uasset" 3813
"../../../Engine/Content/ArtTools/RenderToTexture/Textures/T_EV_BlankWhite_01.uasset" 3814
"../../../Engine/Content/EngineMaterials/BlendFunc_DefBase.uasset" 3815
"../../../Engine/Content/EngineMaterials/BlendFunc_DefBlend.uasset" 3816
"../../../Engine/Content/EngineResources/Black_Low.uasset" 3817
"/Landmass/Landscape/Meshes/S_SpritePlane" 3818
"../../Plugins/Experimental/Landmass/Content/Landscape/Meshes/S_SpritePlane.uasset" 3819
"/Landmass/Landscape/BlueprintBrushes/Materials/Sprite/M_BrushSprite_01" 3820
"../../Plugins/Experimental/Landmass/Content/Landscape/BlueprintBrushes/Materials/Sprite/M_BrushSprite_01.uasset" 3821
"../../../Engine/Content/Functions/Engine_MaterialFunctions02/WorldPositionOffset/ComponentPivotLocation.uasset" 3822
"../../../Engine/Content/Functions/Engine_MaterialFunctions02/WorldPositionOffset/Sprite.uasset" 3823
"../../../Engine/Content/EditorResources/S_Terrain.uasset" 3824
"/Engine/BasicShapes/BasicShapeMaterial" 3825
"../../../Engine/Content/BasicShapes/BasicShapeMaterial.uasset" 3826
"/Engine/EditorMaterials/Dataflow/DataflowVertexMaterial" 3827
"../../../Engine/Content/EditorMaterials/Dataflow/DataflowVertexMaterial.uasset" 3828
"/Engine/EditorMaterials/Dataflow/DataflowTwoSidedVertexMaterial" 3829
"../../../Engine/Content/EditorMaterials/Dataflow/DataflowTwoSidedVertexMaterial.uasset" 3830
"/Engine/EditorLandscapeResources/LayerVisMaterial" 3831
"../../../Engine/Content/EditorLandscapeResources/LayerVisMaterial.uasset" 3832
"../../../Engine/Content/EditorLandscapeResources/WhiteSquareTexture.uasset" 3833
"/Engine/EditorLandscapeResources/SelectBrushMaterial_Selected" 3834
"../../../Engine/Content/EditorLandscapeResources/SelectBrushMaterial_Selected.uasset" 3835
"../../../Engine/Content/EditorLandscapeResources/SelectBrushMaterial.uasset" 3836
"../../../Engine/Content/Functions/Engine_MaterialFunctions03/Math/WithinRangeFloat2.uasset" 3837
"../../../Engine/Content/EditorLandscapeResources/DefaultAlphaTexture.uasset" 3838
"/Engine/EditorLandscapeResources/SelectBrushMaterial_SelectedRegion" 3839
"../../../Engine/Content/EditorLandscapeResources/SelectBrushMaterial_SelectedRegion.uasset" 3840
"/Engine/EditorLandscapeResources/MaskBrushMaterial_MaskedRegion" 3841
"../../../Engine/Content/EditorLandscapeResources/MaskBrushMaterial_MaskedRegion.uasset" 3842
"../../../Engine/Content/EditorLandscapeResources/MaskBrushMaterial.uasset" 3843
"/Engine/EditorLandscapeResources/ColorMaskBrushMaterial_MaskedRegion" 3844
"../../../Engine/Content/EditorLandscapeResources/ColorMaskBrushMaterial_MaskedRegion.uasset" 3845
"../../../Engine/Content/EditorLandscapeResources/ColorMaskBrushMaterial.uasset" 3846
"/Engine/EditorLandscapeResources/LandscapeDirtyMaterial" 3847
"../../../Engine/Content/EditorLandscapeResources/LandscapeDirtyMaterial.uasset" 3848
"/Engine/EditorLandscapeResources/LandscapeLayerUsageMaterial" 3849
"../../../Engine/Content/EditorLandscapeResources/LandscapeLayerUsageMaterial.uasset" 3850
"../../../Engine/Content/Functions/Engine_MaterialFunctions01/Debug/DebugIntValues.uasset" 3851
"../../../Engine/Content/Functions/Engine_MaterialFunctions02/WorldPositionOffset/LocalPosition.uasset" 3852
"../../../Engine/Content/Functions/Engine_MaterialFunctions01/Texturing/TextureCropping.uasset" 3853
"../../../Engine/Content/Functions/Engine_MaterialFunctions02/ExampleContent/DebugNumberStrip.uasset" 3854
"C:/Users/Administrator/AppData/Local/UnrealEngine/Editor/UInteractiveToolsPresetCollectionAsset_DefaultCollection.json" 3855
"/Engine/EngineMaterials/NaniteHiddenSectionMaterial" 3856
"../../../Engine/Content/EngineMaterials/NaniteHiddenSectionMaterial.uasset" 3857
"/Engine/EngineMaterials/RemoveSurfaceMaterial" 3858
"../../../Engine/Content/EngineMaterials/RemoveSurfaceMaterial.uasset" 3859
"/Engine/EngineDebugMaterials/DebugMeshMaterial" 3860
"../../../Engine/Content/EngineDebugMaterials/DebugMeshMaterial.uasset" 3861
"/Engine/EngineMaterials/EmissiveMeshMaterial" 3862
"../../../Engine/Content/EngineMaterials/EmissiveMeshMaterial.uasset" 3863
"../../../Engine/Content/EngineMaterials/DefaultWhiteGrid_Low.uasset" 3864
"/Engine/EngineMaterials/M_InvalidLightmapSettings" 3865
"../../../Engine/Content/EngineMaterials/M_InvalidLightmapSettings.uasset" 3866
"../../../Engine/Content/EngineMaterials/InvalidLightmapSettings.uasset" 3867
"/Engine/EngineMaterials/GizmoMaterial" 3868
"../../../Engine/Content/EngineMaterials/GizmoMaterial.uasset" 3869
"/Engine/EngineMaterials/PhAT_JointLimitMaterial" 3870
"../../../Engine/Content/EngineMaterials/PhAT_JointLimitMaterial.uasset" 3871
"/Engine/EngineMaterials/FlattenMaterial" 3872
"../../../Engine/Content/EngineMaterials/FlattenMaterial.uasset" 3873
"../../../Engine/Content/EngineMaterials/BaseFlattenDiffuseMap.uasset" 3874
"../../../Engine/Content/EngineMaterials/BaseFlattenEmissiveMap.uasset" 3875
"../../../Engine/Content/EngineMaterials/BaseFlattenGrayscaleMap.uasset" 3876
"../../../Engine/Content/EngineMaterials/BaseFlattenLinearColor.uasset" 3877
"../../../Engine/Content/EngineMaterials/BaseFlattenNormalMap.uasset" 3878
"../../../Engine/Content/Functions/Engine_MaterialFunctions02/PivotPainter2/Black_1x1_EXR_Texture.uasset" 3879
"/Engine/EngineMaterials/FlattenMaterial_VT" 3880
"../../../Engine/Content/EngineMaterials/FlattenMaterial_VT.uasset" 3881
"../../../Engine/Content/EngineMaterials/BaseFlattenDiffuseMap_VT.uasset" 3882
"../../../Engine/Content/EngineMaterials/BaseFlattenEmissiveMap_VT.uasset" 3883
"../../../Engine/Content/EngineMaterials/BaseFlattenGrayscaleMap_VT.uasset" 3884
"../../../Engine/Content/EngineMaterials/BaseFlattenLinearColor_VT.uasset" 3885
"../../../Engine/Content/EngineMaterials/BaseFlattenNormalMap_VT.uasset" 3886
"../../../Engine/Content/EngineMaterials/Black_1x1_EXR_Texture_VT.uasset" 3887
"/Engine/EngineMaterials/FlattenMaterial_WS_Normal_VT" 3888
"../../../Engine/Content/EngineMaterials/FlattenMaterial_WS_Normal_VT.uasset" 3889
"/Engine/EngineMaterials/Good64x64TilingNoiseHighFreq" 3890
"../../../Engine/Content/EngineMaterials/Good64x64TilingNoiseHighFreq.uasset" 3891
"/Engine/EngineMaterials/DefaultBokeh" 3892
"../../../Engine/Content/EngineMaterials/DefaultBokeh.uasset" 3893
"/Engine/EngineMaterials/MiniFont" 3894
"../../../Engine/Content/EngineMaterials/MiniFont.uasset" 3895
"/Engine/EngineMaterials/WeightMapPlaceholderTexture" 3896
"../../../Engine/Content/EngineMaterials/WeightMapPlaceholderTexture.uasset" 3897
"/Engine/EngineMaterials/WeightMapArrayPlaceholderTexture" 3898
"../../../Engine/Content/EngineMaterials/WeightMapArrayPlaceholderTexture.uasset" 3899
"/Engine/EngineMaterials/DefaultWhiteGrid" 3900
"../../../Engine/Content/EngineMaterials/DefaultWhiteGrid.uasset" 3901
"/Engine/EngineMaterials/PreintegratedSkinBRDF" 3902
"../../../Engine/Content/EngineMaterials/PreintegratedSkinBRDF.uasset" 3903
"/Engine/EngineMaterials/LTC/GGX_LTCAmp" 3904
"../../../Engine/Content/EngineMaterials/LTC/GGX_LTCAmp.uasset" 3905
"/Engine/EngineMaterials/LTC/GGX_LTCMat" 3906
"../../../Engine/Content/EngineMaterials/LTC/GGX_LTCMat.uasset" 3907
"/Engine/EngineMaterials/LTC/Sheen_LTC" 3908
"../../../Engine/Content/EngineMaterials/LTC/Sheen_LTC.uasset" 3909
"/Engine/EngineMaterials/EnergyConservation/GGX_ReflectionEnergy" 3910
"../../../Engine/Content/EngineMaterials/EnergyConservation/GGX_ReflectionEnergy.uasset" 3911
"/Engine/EngineMaterials/EnergyConservation/GGX_MaxSpecEnergy" 3912
"../../../Engine/Content/EngineMaterials/EnergyConservation/GGX_MaxSpecEnergy.uasset" 3913
"/Engine/EngineMaterials/EnergyConservation/GGX_TransmissionEnergyArray" 3914
"../../../Engine/Content/EngineMaterials/EnergyConservation/GGX_TransmissionEnergyArray.uasset" 3915
"/Engine/EngineMaterials/EnergyConservation/SheenLegacy_Energy" 3916
"../../../Engine/Content/EngineMaterials/EnergyConservation/SheenLegacy_Energy.uasset" 3917
"/Engine/EngineMaterials/DefaultPhysicalMaterial" 3918
"../../../Engine/Content/EngineMaterials/DefaultPhysicalMaterial.uasset" 3919
"/Engine/EngineMaterials/DefaultDestructiblePhysicalMaterial" 3920
"../../../Engine/Content/EngineMaterials/DefaultDestructiblePhysicalMaterial.uasset" 3921
"/Water/Materials/MPC/MPC_Water" 3922
"../../Plugins/Experimental/Water/Content/Materials/MPC/MPC_Water.uasset" 3923
"/Niagara/ParameterDefinitions/CoreParameters" 3924
"../../Plugins/FX/Niagara/Content/ParameterDefinitions/CoreParameters.uasset" 3925
"/Niagara/ParameterDefinitions/DecalRenderer" 3926
"../../Plugins/FX/Niagara/Content/ParameterDefinitions/DecalRenderer.uasset" 3927
"/Niagara/ParameterDefinitions/LightRenderer" 3928
"../../Plugins/FX/Niagara/Content/ParameterDefinitions/LightRenderer.uasset" 3929
"/Niagara/ParameterDefinitions/MeshRenderer" 3930
"../../Plugins/FX/Niagara/Content/ParameterDefinitions/MeshRenderer.uasset" 3931
"/Niagara/ParameterDefinitions/RibbonRenderer" 3932
"../../Plugins/FX/Niagara/Content/ParameterDefinitions/RibbonRenderer.uasset" 3933
"/Niagara/ParameterDefinitions/SpriteRenderer" 3934
"../../Plugins/FX/Niagara/Content/ParameterDefinitions/SpriteRenderer.uasset" 3935
"/DeformerGraph/Deformers/DG_LinearBlendSkin_Morph_Cloth" 3936
"../../Plugins/Animation/DeformerGraph/Content/Deformers/DG_LinearBlendSkin_Morph_Cloth.uasset" 3937
"../../Plugins/Animation/DeformerGraph/Content/DeformerFunctions/DG_Function_LinearBlendSkin_Morph_Cloth.uasset" 3938
"/DeformerGraph/Deformers/DG_LinearBlendSkin_Morph_Cloth_RecomputeNormals" 3939
"../../Plugins/Animation/DeformerGraph/Content/Deformers/DG_LinearBlendSkin_Morph_Cloth_RecomputeNormals.uasset" 3940
"../../Plugins/Animation/DeformerGraph/Content/DeformerFunctions/DG_Function_ComputeNormalsTangents.uasset" 3941
"../../Plugins/Animation/DeformerGraph/Content/DeformerFunctions/DG_Function_LinearBlendSkin_Morph_Cloth_PositionOnly.uasset" 3942
"/Engine/EditorResources/SequenceRecorder/Countdown" 3943
"../../../Engine/Content/EditorResources/SequenceRecorder/Countdown.uasset" 3944
"/Engine/EditorResources/SequenceRecorder/RecordingIndicator" 3945
"../../../Engine/Content/EditorResources/SequenceRecorder/RecordingIndicator.uasset" 3946
"/Engine/EditorMaterials/PhAT_UnselectedMaterial" 3947
"../../../Engine/Content/EditorMaterials/PhAT_UnselectedMaterial.uasset" 3948
"/Engine/EditorMaterials/PhAT_NoCollisionMaterial" 3949
"../../../Engine/Content/EditorMaterials/PhAT_NoCollisionMaterial.uasset" 3950
"/Engine/BasicShapes/Cone" 3951
"../../../Engine/Content/BasicShapes/Cone.uasset" 3952
"/Engine/BasicShapes/Plane" 3953
"../../../Engine/Content/BasicShapes/Plane.uasset" 3954
"/Water/Curves/FloatCurve" 3955
"../../Plugins/Experimental/Water/Content/Curves/FloatCurve.uasset" 3956
"/Water/Curves/FloatCurve_WaterBodyIsland" 3957
"../../Plugins/Experimental/Water/Content/Curves/FloatCurve_WaterBodyIsland.uasset" 3958
"/Water/Waves/GerstnerWaves_Lake" 3959
"../../Plugins/Experimental/Water/Content/Waves/GerstnerWaves_Lake.uasset" 3960
"/Water/Waves/GerstnerWaves_Ocean" 3961
"../../Plugins/Experimental/Water/Content/Waves/GerstnerWaves_Ocean.uasset" 3962
"/Water/Icons/WaterSprite" 3963
"../../Plugins/Experimental/Water/Content/Icons/WaterSprite.uasset" 3964
"/Water/Icons/WaterErrorSprite" 3965
"../../Plugins/Experimental/Water/Content/Icons/WaterErrorSprite.uasset" 3966
"/Water/Icons/WaterLandscapeBrushSprite" 3967
"../../Plugins/Experimental/Water/Content/Icons/WaterLandscapeBrushSprite.uasset" 3968
"../../../Engine/Plugins/FX/Niagara/Shaders/Private/NiagaraDataInterfaceTexture2DArrayTemplate.ush" 3969
"../../../Engine/Plugins/FX/Niagara/Shaders/Private/NiagaraDataInterfaceActorComponentTemplate.ush" 3970
"../../../Engine/Plugins/FX/Niagara/Shaders/Private/NiagaraDataInterfaceArrayTemplate.ush" 3971
"../../../Engine/Plugins/FX/Niagara/Shaders/Private/NiagaraDataInterfaceArrayRWTemplate.ush" 3972
"../../../Engine/Plugins/FX/Niagara/Shaders/Private/NiagaraDataInterfaceArrayDistributionIntTemplate.ush" 3973
"../../../Engine/Plugins/FX/Niagara/Shaders/Private/NiagaraDataInterfaceAsyncGpuTrace.ush" 3974
"../../../Engine/Shaders/Public/Platform/Metal/MetalCommon.ush" 3975
"../../../Engine/Shaders/Public/Platform/Vulkan/VulkanCommon.ush" 3976
"../../../Engine/Shaders/Public/Platform/GL/GLCommon.ush" 3977
"../../../Engine/Plugins/FX/Niagara/Shaders/Private/NiagaraDataInterfaceAsyncGpuTraceTemplate.ush" 3978
"../../../Engine/Plugins/FX/Niagara/Shaders/Private/NiagaraDataInterfaceAudioCommon.ush" 3979
"../../../Engine/Plugins/FX/Niagara/Shaders/Private/NiagaraDataInterfaceAudioOscilloscopeTemplate.ush" 3980
"../../../Engine/Plugins/FX/Niagara/Shaders/Private/NiagaraDataInterfaceAudioSpectrumTemplate.ush" 3981
"../../../Engine/Plugins/FX/Niagara/Shaders/Private/NiagaraDataInterfaceCamera.ush" 3982
"../../../Engine/Plugins/Experimental/ChaosNiagara/Shaders/NiagaraDataInterfaceChaosDestruction.ush" 3983
"../../../Engine/Plugins/FX/Niagara/Shaders/Private/NiagaraDataInterfaceCollisionQuery.ush" 3984
"../../../Engine/Shaders/Public/Platform/Vulkan/VulkanSubpassSupport.ush" 3985
"../../../Engine/Shaders/Public/Platform/GL/GLSubpassSupport.ush" 3986
"../../../Engine/Shaders/Public/Platform/Metal/MetalSubpassSupport.ush" 3987
"../../../Engine/Plugins/FX/Niagara/Shaders/Private/NiagaraDataInterfaceCollisionQueryTemplate.ush" 3988
"../../../Engine/Plugins/FX/Niagara/Shaders/Private/NiagaraDataInterfaceCurveTemplate.ush" 3989
"../../../Engine/Plugins/FX/Niagara/Shaders/Private/NiagaraDataInterfaceCubeTextureTemplate.ush" 3990
"../../../Engine/Plugins/FX/Niagara/Shaders/Private/DataChannel/NiagaraDataInterfaceDataChannelCommon.ush" 3991
"../../../Engine/Plugins/FX/Niagara/Shaders/Private/DataChannel/NiagaraDataInterfaceDataChannelTemplateCommon.ush" 3992
"../../../Engine/Plugins/FX/Niagara/Shaders/Private/DataChannel/NiagaraDataInterfaceDataChannelTemplateReadCommon.ush" 3993
"../../../Engine/Plugins/FX/Niagara/Shaders/Private/DataChannel/NiagaraDataInterfaceDataChannelTemplate_Read.ush" 3994
"../../../Engine/Plugins/FX/Niagara/Shaders/Private/DataChannel/NiagaraDataInterfaceDataChannelTemplate_Consume.ush" 3995
"../../../Engine/Plugins/FX/Niagara/Shaders/Private/DataChannel/NiagaraDataInterfaceDataChannelTemplateWriteCommon.ush" 3996
"../../../Engine/Plugins/FX/Niagara/Shaders/Private/DataChannel/NiagaraDataInterfaceDataChannelTemplate_Append.ush" 3997
"../../../Engine/Plugins/FX/Niagara/Shaders/Private/NiagaraDataInterfaceDataTableTemplate.ush" 3998
"../../../Engine/Plugins/FX/Niagara/Shaders/Private/NiagaraDataInterfaceDebugDraw.ush" 3999
"../../../Engine/Plugins/FX/Niagara/Shaders/Private/NiagaraDataInterfaceDebugDrawTemplate.ush" 4000
"../../../Engine/Plugins/FX/Niagara/Shaders/Private/NiagaraDataInterfaceDynamicMeshTemplate.ush" 4001
"../../../Engine/Plugins/FX/Niagara/Shaders/Private/NiagaraDataInterfaceEmitterPropertiesTemplate.ush" 4002
"../../../Engine/Plugins/FX/Niagara/Shaders/Private/NiagaraDataInterfaceExportTemplate.ush" 4003
"../../../Engine/Plugins/FX/Niagara/Shaders/Private/NiagaraDataInterfaceGBufferTemplate.ush" 4004
"../../../Engine/Plugins/Experimental/ChaosNiagara/Shaders/NiagaraDataInterfaceGeometryCollection.ush" 4005
"../../../Engine/Plugins/FX/Niagara/Shaders/Private/NiagaraTransformUtils.ush" 4006
"../../../Engine/Plugins/Runtime/HairStrands/Shaders/Private/NiagaraStrandsExternalForce.ush" 4007
"../../../Engine/Plugins/Runtime/HairStrands/Shaders/Private/NiagaraHookeSpringMaterial.ush" 4008
"../../../Engine/Plugins/Runtime/HairStrands/Shaders/Private/NiagaraAngularSpringMaterial.ush" 4009
"../../../Engine/Plugins/Runtime/HairStrands/Shaders/Private/NiagaraConstantVolumeMaterial.ush" 4010
"../../../Engine/Plugins/Runtime/HairStrands/Shaders/Private/NiagaraCosseratRodMaterial.ush" 4011
"../../../Engine/Plugins/Runtime/HairStrands/Shaders/Private/NiagaraStaticCollisionConstraint.ush" 4012
"../../../Engine/Plugins/Runtime/HairStrands/Shaders/Private/NiagaraDataInterfaceHairStrands.ush" 4013
"../../../Engine/Plugins/Runtime/HairStrands/Shaders/Private/NiagaraDataInterfaceHairStrandsTemplate.ush" 4014
"../../../Engine/Plugins/FX/Niagara/Shaders/Private/NiagaraDataInterfaceIntRenderTarget2D.ush" 4015
"../../../Engine/Plugins/FX/Niagara/Shaders/Private/NiagaraDataInterfaceLandscape.ush" 4016
"../../../Engine/Plugins/FX/Niagara/Shaders/Private/NiagaraDataInterfaceMemoryBufferTemplate.ush" 4017
"../../../Engine/Plugins/FX/Niagara/Shaders/Private/NiagaraDataInterfaceMeshRendererInfoTemplate.ush" 4018
"../../../Engine/Plugins/FX/Niagara/Shaders/Private/NiagaraDataInterfaceNeighborQuery.ush" 4019
"../../../Engine/Plugins/FX/Niagara/Shaders/Private/NiagaraDataInterfaceOcclusion.ush" 4020
"../../../Engine/Plugins/FX/Niagara/Shaders/Private/NiagaraDataInterfacePhysicsAsset.ush" 4021
"../../../Engine/Plugins/Experimental/ChaosNiagara/Shaders/NiagaraDataInterfacePhysicsField.ush" 4022
"../../../Engine/Plugins/FX/Niagara/Shaders/Private/NiagaraDataInterfacePlatformSetTemplate.ush" 4023
"../../../Engine/Plugins/Runtime/HairStrands/Shaders/Private/NiagaraDataInterfaceVelocityGrid.ush" 4024
"../../../Engine/Plugins/Runtime/HairStrands/Shaders/Private/NiagaraDataInterfaceVelocityGridTemplate.ush" 4025
"../../../Engine/Plugins/Runtime/HairStrands/Shaders/Private/NiagaraDataInterfacePressureGrid.ush" 4026
"../../../Engine/Plugins/Runtime/HairStrands/Shaders/Private/NiagaraDataInterfacePressureGridTemplate.ush" 4027
"../../../Engine/Plugins/FX/Niagara/Shaders/Private/NiagaraDataInterfacePropertyInterfaceTemplate.ush" 4028
"../../../Engine/Plugins/FX/Niagara/Shaders/Private/NiagaraDataInterfaceRenderTarget2DTemplate.ush" 4029
"../../../Engine/Plugins/FX/Niagara/Shaders/Private/NiagaraDataInterfaceRenderTarget2DArrayTemplate.ush" 4030
"../../../Engine/Plugins/FX/Niagara/Shaders/Private/NiagaraDataInterfaceRenderTargetCubeTemplate.ush" 4031
"../../../Engine/Plugins/FX/Niagara/Shaders/Private/NiagaraDataInterfaceRenderTargetVolumeTemplate.ush" 4032
"../../../Engine/Plugins/FX/Niagara/Shaders/Private/NiagaraDataInterfaceRigidMeshCollisionQuery.ush" 4033
"../../../Engine/Plugins/FX/Niagara/Shaders/Private/NiagaraDistanceFieldQueries.ush" 4034
"../../../Engine/Plugins/FX/Niagara/Shaders/Private/NiagaraDataInterfaceSceneCapture2DTemplate.ush" 4035
"../../../Engine/Plugins/FX/Niagara/Shaders/Private/NiagaraDataInterfaceSimCacheReaderTemplate.ush" 4036
"../../../Engine/Plugins/FX/Niagara/Shaders/Private/NiagaraDataInterfaceSimpleCounterTemplate.ush" 4037
"../../../Engine/Plugins/FX/Niagara/Shaders/Private/NiagaraDataInterfaceSkeletalMesh.ush" 4038
"../../../Engine/Plugins/FX/Niagara/Shaders/Private/NiagaraBaryCentricUtils.ush" 4039
"../../../Engine/Plugins/FX/Niagara/Shaders/Private/NiagaraDataInterfaceSkeletalMeshTemplate.ush" 4040
"../../../Engine/Plugins/FX/Niagara/Shaders/Private/NiagaraDataInterfaceSocketReaderTemplate.ush" 4041
"../../../Engine/Plugins/FX/Niagara/Shaders/Private/NiagaraDataInterfaceSparseVolumeTextureTemplate.ush" 4042
"../../../Engine/Plugins/FX/Niagara/Shaders/Private/NiagaraDataInterfaceSplineTemplate.ush" 4043
"../../../Engine/Plugins/FX/Niagara/Shaders/Private/NiagaraDataInterfaceSpriteRendererInfoTemplate.ush" 4044
"../../../Engine/Plugins/FX/Niagara/Shaders/Private/NiagaraDataInterfaceStaticMeshTemplate.ush" 4045
"../../../Engine/Plugins/FX/Niagara/Shaders/Private/NiagaraDataInterfaceStaticMeshIndirectTemplate.ush" 4046
"../../../Engine/Plugins/FX/Niagara/Shaders/Private/NiagaraSharedDataGPU_StaticMesh.ush" 4047
"../../../Engine/Plugins/FX/Niagara/Shaders/Private/NiagaraDataInterfaceTextureTemplate.ush" 4048
"../../../Engine/Plugins/FX/Niagara/Shaders/Private/NiagaraDataInterfaceVirtualTexture.ush" 4049
"../../../Engine/Plugins/FX/Niagara/Shaders/Private/NiagaraDataInterfaceVirtualTextureTemplate.ush" 4050
"../../../Engine/Plugins/FX/Niagara/Shaders/Private/NiagaraDataInterfaceVirtualTextureSampleTemplate.ush" 4051
"../../../Engine/Plugins/FX/Niagara/Shaders/Private/NiagaraDataInterfaceVolumeCache.ush" 4052
"../../../Engine/Plugins/FX/Niagara/Shaders/Private/NiagaraDataInterfaceVolumeTextureTemplate.ush" 4053
"C:/Users/Administrator/AppData/Local/Temp/UnrealShaderWorkingDir/50E56F734BD126127D72088A097E8F30/3/WorkerOutputOnly.out" 4054
"C:/Users/Administrator/AppData/Local/Temp/UnrealShaderWorkingDir/50E56F734BD126127D72088A097E8F30/1/WorkerOutputOnly.out" 4055
"C:/Users/Administrator/AppData/Local/Temp/UnrealShaderWorkingDir/50E56F734BD126127D72088A097E8F30/0/WorkerOutputOnly.out" 4056
"C:/Users/Administrator/AppData/Local/Temp/UnrealShaderWorkingDir/50E56F734BD126127D72088A097E8F30/5/WorkerOutputOnly.out" 4057
"C:/Users/Administrator/AppData/Local/Temp/UnrealShaderWorkingDir/50E56F734BD126127D72088A097E8F30/2/WorkerOutputOnly.out" 4058
"C:/Users/Administrator/AppData/Local/Temp/UnrealShaderWorkingDir/50E56F734BD126127D72088A097E8F30/4/WorkerOutputOnly.out" 4059
"C:/Users/Administrator/AppData/Local/Temp/UnrealShaderWorkingDir/50E56F734BD126127D72088A097E8F30/7/WorkerOutputOnly.out" 4060
"C:/Users/Administrator/AppData/Local/Temp/UnrealShaderWorkingDir/50E56F734BD126127D72088A097E8F30/6/WorkerOutputOnly.out" 4061
"C:/Users/Administrator/AppData/Local/Temp/UnrealShaderWorkingDir/50E56F734BD126127D72088A097E8F30/8/WorkerOutputOnly.out" 4062
"C:/Users/Administrator/AppData/Local/UnrealEngine/Common/DerivedDataCache/Buckets/LegacyNavCollision/d9/a4/3c3ff64a7ec37c7e2586b56e4113e09c05cc.udd" 4063
"../../../Engine/Content/EngineSounds/Submixes/MasterEQEffectPreset.uasset" 4064
"../../../Engine/Content/EngineSounds/Submixes/MasterEQSubmixDefault.uasset" 4065
"../../../Engine/Content/EngineSounds/Submixes/MasterReverbEffectPreset.uasset" 4066
"../../../Engine/Content/EngineSounds/Submixes/MasterSubmixDefault.uasset" 4067
"../../../Engine/Content/EngineSounds/Submixes/MasterReverbSubmixDefault.uasset" 4068
"C:/Game projects/Grand-City-Mobile-RP-UE5/Content/_GENERATED/Administrator/Boolean_E8F14484.uasset" 4069
"C:/Game projects/Grand-City-Mobile-RP-UE5/Content/PCGTest_City/Materials/MI_Building_VehicleUpgrade.uasset" 4070
"C:/Game projects/Grand-City-Mobile-RP-UE5/Content/PCGTest_City/Materials/MI_SubDistrict_Green.uasset" 4071
"C:/Game projects/Grand-City-Mobile-RP-UE5/Content/PCGTest_City/Materials/MI_SubDistrict_Red.uasset" 4072
"C:/Game projects/Grand-City-Mobile-RP-UE5/Content/PCGTest_City/Materials/MI_SubDistrict_Blue.uasset" 4073
"C:/Game projects/Grand-City-Mobile-RP-UE5/Content/PCGTest_City/Materials/MI_Tree_Trunk.uasset" 4074
"C:/Game projects/Grand-City-Mobile-RP-UE5/Content/PCGTest_City/Materials/MI_Tree_Canopy.uasset" 4075
"C:/Game projects/Grand-City-Mobile-RP-UE5/Content/PCGTest_City/Meshes/SM_TreeBlock.uasset" 4076
"C:/Game projects/Grand-City-Mobile-RP-UE5/Content/PCGTest_City/Materials/MI_District_Commercial.uasset" 4077
"C:/Game projects/Grand-City-Mobile-RP-UE5/Content/PCGTest_City/Materials/MI_District_Downtown.uasset" 4078
"C:/Game projects/Grand-City-Mobile-RP-UE5/Content/PCGTest_City/Materials/MI_District_Residential.uasset" 4079
"C:/Game projects/Grand-City-Mobile-RP-UE5/Content/PCGTest_City/Meshes/SM_BuildingBlock.uasset" 4080
"C:/Game projects/Grand-City-Mobile-RP-UE5/Content/PCGTest_City/BP_PCG_CitySubDistricts.uasset" 4081
"C:/Game projects/Grand-City-Mobile-RP-UE5/Content/PCGTest_City/PCG_CityBlockout.uasset" 4082
"C:/Game projects/Grand-City-Mobile-RP-UE5/Content/PCGTest_City/Meshes/SM_Building_var6.uasset" 4083
"C:/Game projects/Grand-City-Mobile-RP-UE5/Content/PCGTest_City/Meshes/SM_Building_var1.uasset" 4084
"C:/Game projects/Grand-City-Mobile-RP-UE5/Content/PCGTest_City/Materials/MI_StreetLight_Pole.uasset" 4085
"C:/Game projects/Grand-City-Mobile-RP-UE5/Content/PCGTest_City/Materials/MI_StreetLight_Head.uasset" 4086
"C:/Game projects/Grand-City-Mobile-RP-UE5/Content/PCGTest_City/Meshes/SM_Building_var4.uasset" 4087
"C:/Game projects/Grand-City-Mobile-RP-UE5/Content/PCGTest_City/Materials/MI_Road_Blockout.uasset" 4088
"../../../Engine/Content/EditorBlueprintResources/StandardMacros.uasset" 4089
"/Engine/EngineSounds/Submixes/MasterReverbEffectPreset" 4090
"C:/Game projects/Grand-City-Mobile-RP-UE5/Content/PCGTest_City/BP_CitySpline.uasset" 4091
"C:/Game projects/Grand-City-Mobile-RP-UE5/Content/L_TestMCP.umap" 4092
"/Engine/EngineSounds/Submixes/MasterEQEffectPreset" 4093
"/Engine/EngineSounds/Submixes/MasterEQSubmixDefault" 4094
"C:/Game projects/Grand-City-Mobile-RP-UE5/Content/PCGTest_City/Meshes/SM_Building_var3.uasset" 4095
"C:/Game projects/Grand-City-Mobile-RP-UE5/Content/PCGTest_City/Meshes/SM_Building_var2.uasset" 4096
"C:/Game projects/Grand-City-Mobile-RP-UE5/Content/PCGTest_City/Materials/MI_Sidewalk_Blockout.uasset" 4097
"/Game/_GENERATED/Administrator/Boolean_E8F14484" 4098
"C:/Game projects/Grand-City-Mobile-RP-UE5/Content/PCGTest_City/Meshes/SM_Building_var5.uasset" 4099
"/Game/PCGTest_City/Materials/MI_Building_VehicleUpgrade" 4100
"/Game/PCGTest_City/Materials/MI_SubDistrict_Green" 4101
"/Game/PCGTest_City/Materials/MI_SubDistrict_Red" 4102
"/Game/PCGTest_City/Materials/MI_Tree_Trunk" 4103
"/Game/PCGTest_City/Materials/MI_Tree_Canopy" 4104
"/Game/PCGTest_City/Meshes/SM_TreeBlock" 4105
"C:/Users/Administrator/AppData/Local/UnrealEngine/Common/DerivedDataCache/Buckets/StaticMesh/17/0f/795218ecab7803b4b43a4938572ef53a6bcb.udd" 4106
"/Game/PCGTest_City/Materials/MI_District_Commercial" 4107
"/Game/PCGTest_City/Materials/MI_District_Residential" 4108
"/Game/PCGTest_City/Materials/MI_District_Downtown" 4109
"/Game/PCGTest_City/Meshes/SM_BuildingBlock" 4110
"C:/Users/Administrator/AppData/Local/UnrealEngine/Common/DerivedDataCache/Buckets/LegacyDIST/6e/ac/3e9efb054a4b6b350fdf51539fa9568590bb.udd" 4111
"C:/Users/Administrator/AppData/Local/UnrealEngine/Common/DerivedDataCache/Buckets/StaticMesh/b6/ae/04bf8aeb3f8775396b6651a862585fb0d7f0.udd" 4112
"../../../../../../Game projects/Grand-City-Mobile-RP-UE5/Content/_GENERATED/Administrator/Boolean_E8F14484.uasset" 4113
"C:/Users/Administrator/AppData/Local/UnrealEngine/Common/DerivedDataCache/Buckets/LegacyCARD/d5/31/bfb02d0748ab9bc4351a79fa5b5e1e541062.udd" 4114
"/Game/PCGTest_City/Materials/MI_SubDistrict_Blue" 4115
"../../../Engine/Plugins/Interchange/Assets/Content/gltf/MaterialFunctions/MF_SpecularAnisotropy.uasset" 4116
"../../../Engine/Plugins/Interchange/Assets/Content/gltf/Textures/T_Anisotropy_Direction_Linear.uasset" 4117
"/Game/PCGTest_City/BP_PCG_CitySubDistricts" 4118
"C:/Users/Administrator/AppData/Local/UnrealEngine/Common/DerivedDataCache/Buckets/StaticMesh/88/08/9390b72a7507fd39c857d6b345b15f78211d.udd" 4119
"../../../Engine/Plugins/Interchange/Assets/Content/gltf/MaterialFunctions/MF_TransformUVs.uasset" 4120
"C:/Users/Administrator/AppData/Local/UnrealEngine/Common/DerivedDataCache/Buckets/LegacyCARD/0b/1d/a9bcc3ae2532893dc83ab92ecfe397f6e8a9.udd" 4121
"../../../Engine/Plugins/Interchange/Assets/Content/gltf/MaterialFunctions/MF_RotateV2.uasset" 4122
"../../../Engine/Plugins/Interchange/Assets/Content/gltf/MaterialFunctions/MF_Specular.uasset" 4123
"../../../Engine/Plugins/Interchange/Assets/Content/gltf/MaterialFunctions/MF_ScaleNormal.uasset" 4124
"C:/Users/Administrator/AppData/Local/UnrealEngine/Common/DerivedDataCache/Buckets/LegacyNavCollision/d1/f6/4a130f8b3ca8b08885ea32a7533bdd9b301e.udd" 4125
"../../../Engine/Plugins/Interchange/Assets/Content/gltf/MaterialFunctions/MF_Normals.uasset" 4126
"../../../Engine/Plugins/Interchange/Assets/Content/Functions/MF_IridescenceNoLUT.uasset" 4127
"../../../Engine/Plugins/Interchange/Assets/Content/gltf/MaterialFunctions/MF_Iridescence.uasset" 4128
"../../../Engine/Plugins/Interchange/Assets/Content/gltf/MaterialFunctions/MF_Occlusion.uasset" 4129
"../../../Engine/Plugins/Interchange/Assets/Content/gltf/MaterialFunctions/MF_MetallicRoughness.uasset" 4130
"../../../Engine/Plugins/Interchange/Assets/Content/gltf/MaterialFunctions/MF_Emissive.uasset" 4131
"../../../Engine/Plugins/Interchange/Assets/Content/gltf/Textures/T_Generic_N.uasset" 4132
"../../../Engine/Plugins/Interchange/Assets/Content/gltf/MaterialFunctions/MF_IOR.uasset" 4133
"../../../Engine/Plugins/Interchange/Assets/Content/gltf/MaterialFunctions/MF_RotateNormals_TS.uasset" 4134
"../../../Engine/Plugins/Interchange/Assets/Content/gltf/MaterialFunctions/MF_Clearcoat.uasset" 4135
"C:/Users/Administrator/AppData/Local/UnrealEngine/Common/DerivedDataCache/Buckets/LegacyCARD/d0/ea/eea75bf7653605d073c862b8e68846551e78.udd" 4136
"../../../../../../Game projects/Grand-City-Mobile-RP-UE5/Content/PCGTest_City/Meshes/SM_BuildingBlock.uasset" 4137
"../../../../../../Game projects/Grand-City-Mobile-RP-UE5/Content/PCGTest_City/Meshes/SM_TreeBlock.uasset" 4138
"C:/Users/Administrator/AppData/Local/UnrealEngine/Common/DerivedDataCache/Buckets/LegacyNavCollision/89/bb/91a569676995b22f6802e3aa31657c0b4a57.udd" 4139
"C:/Users/Administrator/AppData/Local/UnrealEngine/Common/DerivedDataCache/Buckets/LegacyNavCollision/56/9b/9e6bee0f15eab933bdcc4ade16c9496c3be0.udd" 4140
"C:/Users/Administrator/AppData/Local/UnrealEngine/Common/DerivedDataCache/Buckets/StaticMesh/a4/7a/4aa125198e1937aefe95115c31cea11d8b97.udd" 4141
"C:/Users/Administrator/AppData/Local/UnrealEngine/Common/DerivedDataCache/Buckets/StaticMesh/75/e1/82cce616561709ecf5c53a52769bf3be5118.udd" 4142
"C:/Users/Administrator/AppData/Local/UnrealEngine/Common/DerivedDataCache/Buckets/StaticMesh/ef/8d/4c980550f54ad5b84b8e48329480915961ea.udd" 4143
"C:/Users/Administrator/AppData/Local/UnrealEngine/Common/DerivedDataCache/Buckets/StaticMesh/8e/d2/83ddcd184697786823446b0182e1a909972c.udd" 4144
"C:/Users/Administrator/AppData/Local/UnrealEngine/Common/DerivedDataCache/Buckets/StaticMesh/fd/51/518871dc5d38d4a30e5347f1374bcde99346.udd" 4145
"C:/Users/Administrator/AppData/Local/UnrealEngine/Common/DerivedDataCache/Buckets/LegacyDIST/f9/00/ccb2a2b4de619b0efc9343967fa88793df8d.udd" 4146
"C:/Users/Administrator/AppData/Local/UnrealEngine/Common/DerivedDataCache/Buckets/LegacyDIST/3a/18/5c3ca29abf9f8b2ef27a065b217283538d6a.udd" 4147
"C:/Users/Administrator/AppData/Local/UnrealEngine/Common/DerivedDataCache/Buckets/LegacyDIST/6d/a8/3a5c267bb64703182f8756cf6270e2046b25.udd" 4148
"C:/Users/Administrator/AppData/Local/UnrealEngine/Common/DerivedDataCache/Buckets/LegacyDIST/cd/d0/dff2f06bd7246d26fe465d38804cd5962f0a.udd" 4149
"C:/Users/Administrator/AppData/Local/UnrealEngine/Common/DerivedDataCache/Buckets/LegacyDIST/10/79/be0397559f54e9f0de6d1d7f9a2f5a6157a0.udd" 4150
"C:/Users/Administrator/AppData/Local/UnrealEngine/Common/DerivedDataCache/Buckets/LegacyCARD/2b/c5/c937b3845a343e850ad8f660f8e9075bb427.udd" 4151
"C:/Users/Administrator/AppData/Local/UnrealEngine/Common/DerivedDataCache/Buckets/LegacyCARD/9c/ce/079255d4dc6c9558d53ffe5a9f665bf90eb7.udd" 4152
"C:/Users/Administrator/AppData/Local/UnrealEngine/Common/DerivedDataCache/Buckets/LegacyCARD/a3/c6/348b3980bff3bcb595643fd2350739609681.udd" 4153
"C:/Users/Administrator/AppData/Local/UnrealEngine/Common/DerivedDataCache/Buckets/LegacyCARD/a1/99/606f8c1020cfbbbf9a38379887745daf8e76.udd" 4154
"C:/Users/Administrator/AppData/Local/UnrealEngine/Common/DerivedDataCache/Buckets/LegacyCARD/e4/62/9107621042bacfb90f599287e1cc9b9b4af3.udd" 4155
"../../../../../../Game projects/Grand-City-Mobile-RP-UE5/Content/PCGTest_City/Meshes/SM_Building_var1.uasset" 4156
"../../../../../../Game projects/Grand-City-Mobile-RP-UE5/Content/PCGTest_City/Meshes/SM_Building_var2.uasset" 4157
"../../../../../../Game projects/Grand-City-Mobile-RP-UE5/Content/PCGTest_City/Meshes/SM_Building_var4.uasset" 4158
"../../../../../../Game projects/Grand-City-Mobile-RP-UE5/Content/PCGTest_City/Meshes/SM_Building_var5.uasset" 4159
"../../../../../../Game projects/Grand-City-Mobile-RP-UE5/Content/PCGTest_City/Meshes/SM_Building_var3.uasset" 4160
"C:/Users/Administrator/AppData/Local/UnrealEngine/Common/DerivedDataCache/Buckets/LegacyNavCollision/41/b1/2af0597b03f14270cb4ac4a7d614e056c408.udd" 4161
"C:/Users/Administrator/AppData/Local/UnrealEngine/Common/DerivedDataCache/Buckets/LegacyNavCollision/60/09/f7a4d7f551bcd6bd9c2c6f43358e9288e715.udd" 4162
"C:/Users/Administrator/AppData/Local/UnrealEngine/Common/DerivedDataCache/Buckets/LegacyNavCollision/6f/f3/d5afc966e81c3e41c6e4bdee0a3831b8e27d.udd" 4163
"C:/Users/Administrator/AppData/Local/UnrealEngine/Common/DerivedDataCache/Buckets/LegacyNavCollision/81/be/23456d7e479c7c95093251331b310159d433.udd" 4164
"C:/Users/Administrator/AppData/Local/UnrealEngine/Common/DerivedDataCache/Buckets/LegacyNavCollision/9d/29/9500c82b0d4182513e7bbd9327195898632a.udd" 4165
"C:/Users/Administrator/AppData/Local/UnrealEngine/Common/DerivedDataCache/Buckets/StaticMesh/38/51/2c8df90b3ddb09c2f86ba2abb71de8b684a3.udd" 4166
"C:/Users/Administrator/AppData/Local/UnrealEngine/Common/DerivedDataCache/Buckets/LegacyDIST/82/88/25d90d2a4110cc4b61e240d85c2c169c325b.udd" 4167
"C:/Users/Administrator/AppData/Local/UnrealEngine/Common/DerivedDataCache/Buckets/LegacyCARD/e9/a2/f1b69ee15a508e5803faffbb7dbe3f2bc8d3.udd" 4168
"../../../../../../Game projects/Grand-City-Mobile-RP-UE5/Content/PCGTest_City/Meshes/SM_Building_var6.uasset" 4169
"C:/Users/Administrator/AppData/Local/UnrealEngine/Common/DerivedDataCache/Buckets/LegacyNavCollision/18/57/f224758eede9d9e5e481b8bf87d780d1e1b9.udd" 4170
"/Game/PCGTest_City/PCG_CityBlockout" 4171
"/Game/L_TestMCP" 4172
"../../../../../../Game projects/Grand-City-Mobile-RP-UE5/Content/L_TestMCP.umap" 4173
"/InterchangeAssets/gltf/MaterialFunctions/MF_RotateNormals_TS" 4174
"/InterchangeAssets/gltf/Textures/T_Generic_N" 4175
"/InterchangeAssets/gltf/MaterialFunctions/MF_IOR" 4176
"/InterchangeAssets/Functions/MF_IridescenceNoLUT" 4177
"/InterchangeAssets/gltf/MaterialFunctions/MF_Normals" 4178
"/InterchangeAssets/gltf/MaterialFunctions/MF_SpecularAnisotropy" 4179
"/InterchangeAssets/gltf/MaterialFunctions/MF_TransformUVs" 4180
"../../../Engine/Content/Functions/Engine_MaterialFunctions01/Texturing/FlattenNormal.uasset" 4181
"../../../Engine/Content/Functions/Engine_MaterialFunctions03/Math/RemapValueRange.uasset" 4182
"../../../Engine/Plugins/Interchange/Assets/Content/Utilities/New_LUT.uasset" 4183
"../../../Engine/Plugins/Interchange/Assets/Content/gltf/MaterialBodies/MF_ClearCoat_Body.uasset" 4184
"../../../Engine/Plugins/Interchange/Assets/Content/Functions/MF_Iridescence.uasset" 4185
"../../../Engine/Plugins/Interchange/Assets/Content/gltf/Textures/T_White_srgb.uasset" 4186
"../../../Engine/Plugins/Interchange/Assets/Content/gltf/MaterialFunctions/MF_BaseColor.uasset" 4187
"../../../Engine/Plugins/Interchange/Assets/Content/gltf/MaterialInstances/MI_ClearCoat_Opaque.uasset" 4188
"../../../Engine/Plugins/Interchange/Assets/Content/gltf/Textures/T_White_Linear.uasset" 4189
"../../../Engine/Plugins/Interchange/Assets/Content/gltf/M_ClearCoat.uasset" 4190
"/InterchangeAssets/gltf/MaterialFunctions/MF_Clearcoat" 4191
"/InterchangeAssets/gltf/MaterialFunctions/MF_Emissive" 4192
"/InterchangeAssets/gltf/MaterialFunctions/MF_Iridescence" 4193
"../../../Engine/Plugins/Interchange/Assets/Content/gltf/MaterialInstances/MI_ClearCoat_Mask.uasset" 4194
"../../../Engine/Plugins/Interchange/Assets/Content/gltf/MaterialInstances/MI_ClearCoat_Blend_DS.uasset" 4195
"../../../Engine/Plugins/Interchange/Assets/Content/gltf/MaterialInstances/MI_ClearCoat_Blend.uasset" 4196
"../../../Engine/Plugins/Interchange/Assets/Content/gltf/MaterialBodies/MF_Default_Body.uasset" 4197
"../../../Engine/Plugins/Interchange/Assets/Content/gltf/MaterialInstances/MI_ClearCoat_Mask_DS.uasset" 4198
"/InterchangeAssets/gltf/MaterialFunctions/MF_MetallicRoughness" 4199
"../../../Engine/Plugins/Interchange/Assets/Content/gltf/M_Default.uasset" 4200
"../../../Engine/Plugins/Interchange/Assets/Content/gltf/MaterialInstances/MI_Default_Mask.uasset" 4201
"../../../Engine/Plugins/Interchange/Assets/Content/gltf/MaterialInstances/MI_ClearCoat_Opaque_DS.uasset" 4202
"/InterchangeAssets/gltf/MaterialFunctions/MF_Occlusion" 4203
"../../../Engine/Plugins/Interchange/Assets/Content/gltf/MaterialInstances/MI_Default_Opaque.uasset" 4204
"../../../Engine/Plugins/Interchange/Assets/Content/gltf/MaterialInstances/MI_Default_Blend.uasset" 4205
"/InterchangeAssets/gltf/MaterialFunctions/MF_Specular" 4206
"/InterchangeAssets/gltf/MaterialInstances/MI_ClearCoat_Opaque" 4207
"../../../Engine/Plugins/Interchange/Assets/Content/gltf/MaterialFunctions/MF_Sheen.uasset" 4208
"../../../Engine/Plugins/Interchange/Assets/Content/gltf/MaterialInstances/MI_Default_Blend_DS.uasset" 4209
"../../../Engine/Plugins/Interchange/Assets/Content/gltf/MaterialInstances/MI_Default_Opaque_DS.uasset" 4210
"../../../Engine/Plugins/Interchange/Assets/Content/gltf/MaterialInstances/MI_Default_Mask_DS.uasset" 4211
"../../../Engine/Plugins/Interchange/Assets/Content/gltf/MaterialBodies/MF_Sheen_Body.uasset" 4212
"../../../Engine/Plugins/Interchange/Assets/Content/gltf/M_Sheen.uasset" 4213
"/InterchangeAssets/gltf/M_Sheen" 4214
"../../../Engine/Plugins/Interchange/Assets/Content/gltf/MaterialInstances/MI_Sheen_Blend.uasset" 4215
"../../../Engine/Plugins/Interchange/Assets/Content/gltf/MaterialInstances/MI_Sheen_Mask.uasset" 4216
"../../../Engine/Plugins/Interchange/Assets/Content/gltf/MaterialInstances/MI_Sheen_Opaque_DS.uasset" 4217
"../../../Engine/Plugins/Interchange/Assets/Content/gltf/MaterialInstances/MI_Sheen_Blend_DS.uasset" 4218
"../../../Engine/Plugins/Interchange/Assets/Content/gltf/MaterialBodies/MF_Transmission_Body.uasset" 4219
"../../../Engine/Plugins/Interchange/Assets/Content/gltf/MaterialInstances/MI_Sheen_Mask_DS.uasset" 4220
"../../../Engine/Plugins/Interchange/Assets/Content/gltf/MaterialFunctions/MF_Fresnel_DS.uasset" 4221
"../../../Engine/Plugins/Interchange/Assets/Content/gltf/MaterialFunctions/MF_Temporal_Blur.uasset" 4222
"../../../Engine/Content/Functions/Engine_MaterialFunctions02/Texturing/ScreenAlignedPixelToPixelUVs.uasset" 4223
"/InterchangeAssets/gltf/MaterialInstances/MI_Default_Blend_DS" 4224
"../../../Engine/Plugins/Interchange/Assets/Content/gltf/MaterialInstances/MI_Transmission.uasset" 4225
"../../../Engine/Plugins/Interchange/Assets/Content/gltf/MaterialInstances/MI_Transmission_DS.uasset" 4226
"../../../Engine/Plugins/Interchange/Assets/Content/gltf/MaterialFunctions/MF_PerceivedBrightness.uasset" 4227
"../../../Engine/Plugins/Interchange/Assets/Content/gltf/MaterialFunctions/MF_Transmission.uasset" 4228
"../../../Engine/Plugins/Interchange/Assets/Content/gltf/M_Transmission.uasset" 4229
"../../../Engine/Plugins/Interchange/Assets/Content/gltf/MaterialInstances/MI_Sheen_Opaque.uasset" 4230
"../../../Engine/Plugins/Interchange/Assets/Content/gltf/MaterialFunctions/MF_SpecGlossToMetalRoughness.uasset" 4231
"/InterchangeAssets/gltf/MaterialInstances/MI_Default_Mask_DS" 4232
"/InterchangeAssets/gltf/MaterialInstances/MI_Default_Opaque_DS" 4233
"/InterchangeAssets/gltf/MaterialInstances/MI_Default_Blend" 4234
"/InterchangeAssets/gltf/MaterialInstances/MI_Default_Mask" 4235
"/InterchangeAssets/gltf/MaterialInstances/MI_Default_Opaque" 4236
"/InterchangeAssets/gltf/MaterialInstances/MI_ClearCoat_Blend_DS" 4237
"/InterchangeAssets/gltf/MaterialInstances/MI_ClearCoat_Mask_DS" 4238
"/InterchangeAssets/gltf/MaterialInstances/MI_ClearCoat_Opaque_DS" 4239
"/InterchangeAssets/gltf/MaterialInstances/MI_ClearCoat_Blend" 4240
"/InterchangeAssets/gltf/MaterialInstances/MI_ClearCoat_Mask" 4241
"/Engine/EditorResources/EmptyActor" 4242
"../../../Engine/Content/EditorResources/EmptyActor.uasset" 4243
"/Engine/EditorResources/LightIcons/S_LightError" 4244
"../../../Engine/Content/EditorResources/LightIcons/S_LightError.uasset" 4245
"/Engine/EngineMaterials/LineSetComponentMaterial" 4246
"../../../Engine/Content/EngineMaterials/LineSetComponentMaterial.uasset" 4247
"../../../Engine/Plugins/Interchange/Assets/Shaders/ThinFilmFunctions.usf" 4248
"../../../Engine/Plugins/Interchange/Assets/Content/gltf/MaterialFunctions/MF_DiffuseSpecGloss.uasset" 4249
"../../../Engine/Plugins/Interchange/Assets/Content/gltf/MaterialBodies/MF_SpecularGlossiness_Body.uasset" 4250
"../../../Engine/Plugins/Interchange/Assets/Content/gltf/M_SpecularGlossiness.uasset" 4251
"../../../Engine/Content/Functions/Engine_MaterialFunctions02/Math/AddComponents.uasset" 4252
"../../../Engine/Plugins/Interchange/Assets/Content/gltf/MaterialInstances/MI_SpecularGlossiness_Mask.uasset" 4253
"../../../Engine/Plugins/Interchange/Assets/Content/gltf/MaterialInstances/MI_SpecularGlossiness_Opaque.uasset" 4254
"../../../Engine/Plugins/Interchange/Assets/Content/gltf/MaterialInstances/MI_SpecularGlossiness_Blend.uasset" 4255
"../../../Engine/Plugins/Interchange/Assets/Content/gltf/MaterialInstances/MI_SpecularGlossiness_Blend_DS.uasset" 4256
"../../../Engine/Plugins/Interchange/Assets/Content/gltf/MaterialInstances/MI_SpecularGlossiness_Opaque_DS.uasset" 4257
"C:/Game projects/Grand-City-Mobile-RP-UE5/Content/Characters/Mannequins/Materials/Manny/MI_Manny_01_New.uasset" 4258
"C:/Game projects/Grand-City-Mobile-RP-UE5/Content/Characters/Mannequins/Materials/Manny/MI_Manny_02_New.uasset" 4259
"C:/Game projects/Grand-City-Mobile-RP-UE5/Content/Characters/Mannequins/Textures/Manny/T_Manny_02_BN.uasset" 4260
"C:/Game projects/Grand-City-Mobile-RP-UE5/Content/Characters/Mannequins/Textures/Manny/T_Manny_02_D.uasset" 4261
"../../../Engine/Plugins/Interchange/Assets/Content/gltf/MaterialFunctions/MF_MaxComponentValue.uasset" 4262
"C:/Game projects/Grand-City-Mobile-RP-UE5/Content/Characters/Mannequins/Textures/Manny/T_Manny_02_MRA.uasset" 4263
"../../../Engine/Plugins/Interchange/Assets/Content/gltf/MaterialInstances/MI_SpecularGlossiness_Mask_DS.uasset" 4264
"C:/Users/Administrator/AppData/Local/UnrealEngine/Common/DerivedDataCache/Buckets/StaticMesh/74/c3/c949eb99ebc2dc7b54b40891c3305c5cf6da.udd" 4265
"C:/Users/Administrator/AppData/Local/UnrealEngine/Common/DerivedDataCache/Content/23/47/56d11c9a536f202b9a9e52ba39d7e12d78c2.udd" 4266
"C:/Users/Administrator/AppData/Local/UnrealEngine/Common/DerivedDataCache/Buckets/StaticMesh/79/7e/fd3b66794ac6adeb2ff73769b20754a753fc.udd" 4267
"/InterchangeAssets/gltf/MaterialFunctions/MF_Transmission" 4268
"C:/Users/Administrator/AppData/Local/UnrealEngine/Common/DerivedDataCache/Buckets/StaticMesh/69/2a/2dc59412508d7b4e60428fff6f906af69884.udd" 4269
"/InterchangeAssets/gltf/MaterialInstances/MI_Sheen_Blend_DS" 4270
"/InterchangeAssets/gltf/MaterialInstances/MI_Sheen_Mask_DS" 4271
"/InterchangeAssets/gltf/MaterialInstances/MI_Sheen_Opaque_DS" 4272
"/InterchangeAssets/gltf/MaterialInstances/MI_Sheen_Blend" 4273
"/InterchangeAssets/gltf/MaterialInstances/MI_Sheen_Mask" 4274
"/InterchangeAssets/gltf/MaterialInstances/MI_Sheen_Opaque" 4275
"/InterchangeAssets/gltf/MaterialBodies/MF_Transmission_Body" 4276
"/InterchangeAssets/gltf/M_Transmission" 4277
"C:/Users/Administrator/AppData/Local/UnrealEngine/Common/DerivedDataCache/Buckets/StaticMesh/81/f9/7a733e701fdde5eba13a7f514fdf9c0516f8.udd" 4278
"C:/Users/Administrator/AppData/Local/UnrealEngine/Common/DerivedDataCache/Buckets/StaticMesh/2d/7f/ce6186f76650ac11cb6ffb8be7e755f352fe.udd" 4279
"C:/Users/Administrator/AppData/Local/UnrealEngine/Common/DerivedDataCache/Buckets/StaticMesh/05/ce/db3f93fb72bc3ced87a3f7de0a45c3c5ca98.udd" 4280
"C:/Users/Administrator/AppData/Local/UnrealEngine/Common/DerivedDataCache/Buckets/StaticMesh/cd/4b/a576f7d096c9718434197e3d64450c835cf7.udd" 4281
"C:/Users/Administrator/AppData/Local/UnrealEngine/Common/DerivedDataCache/Buckets/StaticMesh/00/bd/8c1c5df81ee5bef89c8c05dd58c2dc8d59c5.udd" 4282
"C:/Users/Administrator/AppData/Local/UnrealEngine/Common/DerivedDataCache/Buckets/StaticMesh/b3/f4/fbbca40e2a38a8c1621400e11c45c6bcbf04.udd" 4283
"/InterchangeAssets/gltf/MaterialInstances/MI_Transmission" 4284
"/InterchangeAssets/gltf/MaterialInstances/MI_Transmission_DS" 4285
"/Game/Characters/Mannequins/Materials/Manny/MI_Manny_01_New" 4286
"/Game/Characters/Mannequins/Materials/Manny/MI_Manny_02_New" 4287
"/InterchangeAssets/gltf/MaterialInstances/MI_SpecularGlossiness_Blend_DS" 4288
"/InterchangeAssets/gltf/MaterialInstances/MI_SpecularGlossiness_Mask_DS" 4289
"/InterchangeAssets/gltf/MaterialInstances/MI_SpecularGlossiness_Opaque_DS" 4290
"/InterchangeAssets/gltf/MaterialInstances/MI_SpecularGlossiness_Blend" 4291
"/InterchangeAssets/gltf/MaterialInstances/MI_SpecularGlossiness_Mask" 4292
"/InterchangeAssets/gltf/MaterialInstances/MI_SpecularGlossiness_Opaque" 4293
"../../../Engine/Plugins/Interchange/Assets/Content/gltf/MaterialBodies/MF_Unlit_Body.uasset" 4294
"../../../Engine/Plugins/Interchange/Assets/Content/gltf/MaterialInstances/MI_Unlit_Blend_DS.uasset" 4295
"../../../Engine/Plugins/Interchange/Assets/Content/gltf/MaterialInstances/MI_Unlit_Blend.uasset" 4296
"../../../Engine/Plugins/Interchange/Assets/Content/gltf/MaterialInstances/MI_Unlit_Opaque.uasset" 4297
"../../../Engine/Plugins/Interchange/Assets/Content/gltf/MaterialInstances/MI_Unlit_Opaque_DS.uasset" 4298
"C:/Game projects/Grand-City-Mobile-RP-UE5/Content/_GENERATED/Admin/Cylinder_FD46313F.uasset" 4299
"../../../Engine/Plugins/Interchange/Assets/Content/gltf/MaterialInstances/MI_Unlit_Mask.uasset" 4300
"../../../Engine/Plugins/Interchange/Assets/Content/gltf/M_Unlit.uasset" 4301
"C:/Game projects/Grand-City-Mobile-RP-UE5/Content/Characters/Mannequins/Meshes/SKM_Manny_Simple.uasset" 4302
"C:/Game projects/Grand-City-Mobile-RP-UE5/Content/_GENERATED/Admin/Combined_E35F18DE.uasset" 4303
"../../../Engine/Plugins/Interchange/Assets/Content/gltf/MaterialInstances/MI_Unlit_Mask_DS.uasset" 4304
"C:/Game projects/Grand-City-Mobile-RP-UE5/Content/L_Test.umap" 4305
"../../../Engine/Content/Functions/Engine_MaterialFunctions01/Volumetrics/BeersLaw.uasset" 4306
"../../../Engine/Plugins/Interchange/Assets/Content/gltf/Substrate/M_GLTF.uasset" 4307
"../../../Engine/Plugins/Interchange/Assets/Content/gltf/Substrate/MF_GLTFPBR.uasset" 4308
"C:/Game projects/Grand-City-Mobile-RP-UE5/Content/_GENERATED/Admin/Combined_8319DC48.uasset" 4309
"C:/Game projects/Grand-City-Mobile-RP-UE5/Content/_GENERATED/Admin/Box_866628CE.uasset" 4310
"../../../Engine/Plugins/Interchange/Assets/Content/Functions/MX_Transmission.uasset" 4311
"C:/Game projects/Grand-City-Mobile-RP-UE5/Content/_GENERATED/Admin/Combined_ABBBD910.uasset" 4312
"../../../Engine/Content/Functions/Substrate/Substrate-IOR-To-F0.uasset" 4313
"../../../Engine/Content/Functions/Substrate/MF_SchlickInternal.uasset" 4314
"../../../Engine/Plugins/Interchange/Assets/Content/Functions/MF_OrenNayerView.uasset" 4315
"../../../Engine/Plugins/Interchange/Assets/Content/Functions/MX_OpenPBR_Opaque.uasset" 4316
"../../../Engine/Plugins/Interchange/Assets/Content/Functions/MX_TransmissionSurface.uasset" 4317
"../../../Engine/Plugins/Interchange/Assets/Content/Functions/MX_StandardSurface.uasset" 4318
"../../../Engine/Plugins/Interchange/Assets/Content/Functions/MX_OpenPBR_Translucent.uasset" 4319
"/InterchangeAssets/Functions/MX_OpenPBR_Opaque" 4320
"/InterchangeAssets/Functions/MX_OpenPBR_Translucent" 4321
"/InterchangeAssets/gltf/Substrate/M_GLTF" 4322
"/Game/_GENERATED/Admin/Box_866628CE" 4323
"/Game/_GENERATED/Admin/Combined_8319DC48" 4324
"/Game/_GENERATED/Admin/Combined_ABBBD910" 4325
"/Game/_GENERATED/Admin/Combined_E35F18DE" 4326
"/Game/_GENERATED/Admin/Cylinder_FD46313F" 4327
"/InterchangeAssets/gltf/MaterialInstances/MI_Unlit_Blend_DS" 4328
"/InterchangeAssets/gltf/MaterialInstances/MI_Unlit_Mask_DS" 4329
"/InterchangeAssets/gltf/MaterialInstances/MI_Unlit_Opaque_DS" 4330
"/InterchangeAssets/gltf/MaterialInstances/MI_Unlit_Blend" 4331
"/InterchangeAssets/gltf/MaterialInstances/MI_Unlit_Mask" 4332
"/InterchangeAssets/gltf/MaterialInstances/MI_Unlit_Opaque" 4333
"/Game/Characters/Mannequins/Meshes/SKM_Manny_Simple" 4334
"/Game/L_Test" 4335
"../../../../../../Game projects/Grand-City-Mobile-RP-UE5/Content/L_Test.umap" 4336
"../../../Engine/Plugins/Animation/ControlRig/Content/Controls/ControlRig_Arrow2_3mm.uasset" 4337
"../../../Engine/Plugins/Animation/ControlRig/Content/Controls/ControlRig_Arrow2_1mm.uasset" 4338
"../../../Engine/Plugins/Animation/ControlRig/Content/Controls/ControlRig_Arrow4_3mm.uasset" 4339
"../../../Engine/Plugins/Animation/ControlRig/Content/Controls/ControlRig_Arrow4_1mm.uasset" 4340
"../../../Engine/Plugins/Animation/ControlRig/Content/Controls/ControlRig_Sphere_solid.uasset" 4341
"../../../Engine/Plugins/Animation/ControlRig/Content/Controls/ControlRig_Arrow_1mm.uasset" 4342
"../../../Engine/Plugins/Animation/ControlRig/Content/Controls/ControlRig_Arrow_3mm.uasset" 4343
"../../../Engine/Plugins/Animation/ControlRig/Content/Controls/ControlRig_Box_1mm.uasset" 4344
"../../../Engine/Plugins/Animation/ControlRig/Content/Controls/ControlRig_Box_3mm.uasset" 4345
"../../../Engine/Plugins/Animation/ControlRig/Content/Controls/ControlRig_Circle_1mm.uasset" 4346
"../../../Engine/Plugins/Animation/ControlRig/Content/Controls/ControlRig_Box_solid.uasset" 4347
"../../../Engine/Plugins/Animation/ControlRig/Content/Controls/ControlRig_Arrow_solid.uasset" 4348
"../../../Engine/Plugins/Animation/ControlRig/Content/Controls/ControlRig_Arrow2_solid.uasset" 4349
"../../../Engine/Plugins/Animation/ControlRig/Content/Controls/ControlRig_Diamond_3mm.uasset" 4350
"../../../Engine/Plugins/Animation/ControlRig/Content/Controls/ControlRig_Diamond_solid.uasset" 4351
"../../../Engine/Plugins/Animation/ControlRig/Content/Controls/ControlRig_HalfCircle_solid.uasset" 4352
"../../../Engine/Plugins/Animation/ControlRig/Content/Controls/ControlRig_Diamond_1mm.uasset" 4353
"../../../Engine/Plugins/Animation/ControlRig/Content/Controls/ControlRig_Hexagon_1mm.uasset" 4354
"../../../Engine/Plugins/Animation/ControlRig/Content/Controls/ControlRig_HalfCircle_1mm.uasset" 4355
"../../../Engine/Plugins/Animation/ControlRig/Content/Controls/ControlRig_Circle_solid.uasset" 4356
"../../../Engine/Plugins/Animation/ControlRig/Content/Controls/ControlRig_Circle_3mm.uasset" 4357
"../../../Engine/Plugins/Animation/ControlRig/Content/Controls/ControlRig_HalfCircle_3mm.uasset" 4358
"../../../Engine/Plugins/Animation/ControlRig/Content/Controls/ControlRig_Hexagon_solid.uasset" 4359
"../../../Engine/Plugins/Animation/ControlRig/Content/Controls/ControlRig_Hexagon_3mm.uasset" 4360
"../../../Engine/Plugins/Animation/ControlRig/Content/Controls/ControlRig_Octagon_1mm.uasset" 4361
"../../../Engine/Plugins/Animation/ControlRig/Content/Controls/ControlRig_Arrow4_solid.uasset" 4362
"/ControlRig/Controls/ControlRig_Octagon_1mm" 4363
"/ControlRig/Controls/ControlRig_Hexagon_solid" 4364
"/ControlRig/Controls/ControlRig_Hexagon_3mm" 4365
"/ControlRig/Controls/ControlRig_Hexagon_1mm" 4366
"/ControlRig/Controls/ControlRig_HalfCircle_solid" 4367
"/ControlRig/Controls/ControlRig_HalfCircle_3mm" 4368
"/ControlRig/Controls/ControlRig_HalfCircle_1mm" 4369
"/ControlRig/Controls/ControlRig_Diamond_solid" 4370
"/ControlRig/Controls/ControlRig_Diamond_3mm" 4371
"/ControlRig/Controls/ControlRig_Diamond_1mm" 4372
"/ControlRig/Controls/ControlRig_Circle_solid" 4373
"/ControlRig/Controls/ControlRig_Circle_3mm" 4374
"/ControlRig/Controls/ControlRig_Circle_1mm" 4375
"/ControlRig/Controls/ControlRig_Box_solid" 4376
"/ControlRig/Controls/ControlRig_Box_3mm" 4377
"/ControlRig/Controls/ControlRig_Box_1mm" 4378
"/ControlRig/Controls/ControlRig_Arrow_solid" 4379
"/ControlRig/Controls/ControlRig_Arrow_3mm" 4380
"/ControlRig/Controls/ControlRig_Arrow_1mm" 4381
"/ControlRig/Controls/ControlRig_Arrow4_solid" 4382
"/ControlRig/Controls/ControlRig_Arrow4_3mm" 4383
"/ControlRig/Controls/ControlRig_Arrow4_1mm" 4384
"/ControlRig/Controls/ControlRig_Arrow2_solid" 4385
"/ControlRig/Controls/ControlRig_Arrow2_3mm" 4386
"/ControlRig/Controls/ControlRig_Arrow2_1mm" 4387
"/ControlRig/Controls/ControlRig_Sphere_solid" 4388
"../../../Engine/Plugins/Animation/ControlRig/Content/Controls/ControlRig_RoundedSquare_1mm.uasset" 4389
"../../../Engine/Plugins/Animation/ControlRig/Content/Controls/ControlRig_Pyramid_1mm.uasset" 4390
"../../../Engine/Plugins/Animation/ControlRig/Content/Controls/ControlRig_QuarterCircle_1mm.uasset" 4391
"../../../Engine/Plugins/Animation/ControlRig/Content/Controls/ControlRig_Octagon_solid.uasset" 4392
"../../../Engine/Plugins/Animation/ControlRig/Content/Controls/ControlRig_RoundedSquare_3mm.uasset" 4393
"../../../Engine/Plugins/Animation/ControlRig/Content/Controls/ControlRig_QuarterCircle_solid.uasset" 4394
"../../../Engine/Plugins/Animation/ControlRig/Content/Controls/ControlRig_Octagon_3mm.uasset" 4395
"../../../Engine/Plugins/Animation/ControlRig/Content/Controls/ControlRig_QuarterCircle_3mm.uasset" 4396
"../../../Engine/Plugins/Animation/ControlRig/Content/Controls/ControlRig_RoundedTriangle_3mm.uasset" 4397
"../../../Engine/Plugins/Animation/ControlRig/Content/Controls/ControlRig_RoundedSquare_solid.uasset" 4398
"../../../Engine/Plugins/Animation/ControlRig/Content/Controls/ControlRig_RoundedTriangle_1mm.uasset" 4399
"../../../Engine/Plugins/Animation/ControlRig/Content/Controls/ControlRig_Sphere_1mm.uasset" 4400
"../../../Engine/Plugins/Animation/ControlRig/Content/Controls/ControlRig_Square_1mm.uasset" 4401
"../../../Engine/Plugins/Animation/ControlRig/Content/Controls/ControlRig_Sphere_3mm.uasset" 4402
"../../../Engine/Plugins/Animation/ControlRig/Content/Controls/ControlRig_Star4_3mm.uasset" 4403
"../../../Engine/Plugins/Animation/ControlRig/Content/Controls/ControlRig_Pyramid_solid.uasset" 4404
"../../../Engine/Plugins/Animation/ControlRig/Content/Controls/ControlRig_Pyramid_3mm.uasset" 4405
"../../../Engine/Plugins/Animation/ControlRig/Content/Controls/ControlRig_Star4_1mm.uasset" 4406
"../../../Engine/Plugins/Animation/ControlRig/Content/Controls/ControlRig_Square_solid.uasset" 4407
"../../../Engine/Plugins/Animation/ControlRig/Content/Controls/ControlRig_Star4_solid.uasset" 4408
"../../../Engine/Plugins/Animation/ControlRig/Content/Controls/ControlRig_Triangle_3mm.uasset" 4409
"../../../Engine/Plugins/Animation/ControlRig/Content/Controls/ControlRig_Triangle_1mm.uasset" 4410
"../../../Engine/Plugins/Animation/ControlRig/Content/Controls/ControlRig_Triangle_solid.uasset" 4411
"../../../Engine/Plugins/Animation/ControlRig/Content/Controls/ControlRig_RoundedTriangle_solid.uasset" 4412
"../../../Engine/Plugins/Animation/ControlRig/Content/Controls/ControlRig_Wedge_solid.uasset" 4413
"../../../Engine/Plugins/Animation/ControlRig/Content/Controls/ControlRig_Wedge_3mm.uasset" 4414
"../../../Engine/Plugins/Animation/ControlRig/Content/Controls/ControlRig_Square_3mm.uasset" 4415
"../../../Engine/Plugins/Animation/ControlRig/Content/Controls/ControlRig_Wedge_1mm.uasset" 4416
"/ControlRig/Controls/ControlRig_Wedge_solid" 4417
"/ControlRig/Controls/ControlRig_Wedge_3mm" 4418
"/ControlRig/Controls/ControlRig_Wedge_1mm" 4419
"/ControlRig/Controls/ControlRig_Triangle_solid" 4420
"/ControlRig/Controls/ControlRig_Triangle_3mm" 4421
"/ControlRig/Controls/ControlRig_Triangle_1mm" 4422
"/ControlRig/Controls/ControlRig_Star4_solid" 4423
"/ControlRig/Controls/ControlRig_Star4_3mm" 4424
"/ControlRig/Controls/ControlRig_Star4_1mm" 4425
"/ControlRig/Controls/ControlRig_Square_solid" 4426
"/ControlRig/Controls/ControlRig_Square_3mm" 4427
"/ControlRig/Controls/ControlRig_Square_1mm" 4428
"/ControlRig/Controls/ControlRig_Sphere_3mm" 4429
"/ControlRig/Controls/ControlRig_Sphere_1mm" 4430
"/ControlRig/Controls/ControlRig_RoundedTriangle_solid" 4431
"/ControlRig/Controls/ControlRig_RoundedTriangle_3mm" 4432
"/ControlRig/Controls/ControlRig_RoundedTriangle_1mm" 4433
"/ControlRig/Controls/ControlRig_RoundedSquare_solid" 4434
"/ControlRig/Controls/ControlRig_RoundedSquare_3mm" 4435
"/ControlRig/Controls/ControlRig_RoundedSquare_1mm" 4436
"/ControlRig/Controls/ControlRig_QuarterCircle_solid" 4437
"/ControlRig/Controls/ControlRig_QuarterCircle_3mm" 4438
"/ControlRig/Controls/ControlRig_QuarterCircle_1mm" 4439
"/ControlRig/Controls/ControlRig_Pyramid_solid" 4440
"/ControlRig/Controls/ControlRig_Pyramid_3mm" 4441
"/ControlRig/Controls/ControlRig_Pyramid_1mm" 4442
"/ControlRig/Controls/ControlRig_Octagon_solid" 4443
"/ControlRig/Controls/ControlRig_Octagon_3mm" 4444
"../../../Engine/Content/EditorMaterials/PreviewShadowIndicator.uasset" 4445
"../../../Engine/Content/EditorMaterials/PreviewShadowIndicatorMaterial.uasset" 4446
"../../../Engine/Content/EngineMaterials/Substrate/GLints/dict_16_192_64_0p5_0p02_0063_0015.uasset" 4447
"../../../Engine/Content/EngineMaterials/Substrate/GLints/dict_16_192_64_0p5_0p02_0063_0014.uasset" 4448
"../../../Engine/Content/EngineMaterials/Substrate/GLints/dict_16_192_64_0p5_0p02_0063_0011.uasset" 4449
"../../../Engine/Content/EngineMaterials/Substrate/GLints/dict_16_192_64_0p5_0p02_0063_0012.uasset" 4450
"../../../Engine/Content/EngineMaterials/Substrate/GLints/dict_16_192_64_0p5_0p02_0063_0013.uasset" 4451
"../../../Engine/Content/EngineMaterials/Substrate/GLints/dict_16_192_64_0p5_0p02_0063_0010.uasset" 4452
"../../../Engine/Content/EngineMaterials/Substrate/GLints/dict_16_192_64_0p5_0p02_0063_0009.uasset" 4453
"../../../Engine/Content/EngineMaterials/Substrate/GLints/dict_16_192_64_0p5_0p02_0063_0008.uasset" 4454
"../../../Engine/Content/EngineMaterials/Substrate/GLints/dict_16_192_64_0p5_0p02_0063_0006.uasset" 4455
"../../../Engine/Content/EngineMaterials/Substrate/GLints/dict_16_192_64_0p5_0p02_0063_0007.uasset" 4456
"../../../Engine/Content/EngineMaterials/Substrate/GLints/dict_16_192_64_0p5_0p02_0063_0005.uasset" 4457
"../../../Engine/Content/EngineMaterials/Substrate/GLints/dict_16_192_64_0p5_0p02_0063_0004.uasset" 4458
"../../../Engine/Content/EngineMaterials/Substrate/GLints/dict_16_192_64_0p5_0p02_0063_0003.uasset" 4459
"../../../Engine/Content/EngineMaterials/Substrate/GLints/dict_16_192_64_0p5_0p02_0063_0000.uasset" 4460
"../../../Engine/Content/EngineMaterials/Substrate/GLints/dict_16_192_64_0p5_0p02_0062_0015.uasset" 4461
"../../../Engine/Content/EngineMaterials/Substrate/GLints/dict_16_192_64_0p5_0p02_0062_0014.uasset" 4462
"../../../Engine/Content/EngineMaterials/Substrate/GLints/dict_16_192_64_0p5_0p02_0063_0001.uasset" 4463
"../../../Engine/Content/EngineMaterials/Substrate/GLints/dict_16_192_64_0p5_0p02_0062_0013.uasset" 4464
"../../../Engine/Content/EngineMaterials/Substrate/GLints/dict_16_192_64_0p5_0p02_0062_0012.uasset" 4465
"../../../Engine/Content/EngineMaterials/Substrate/GLints/dict_16_192_64_0p5_0p02_0062_0010.uasset" 4466
"../../../Engine/Content/EngineMaterials/Substrate/GLints/dict_16_192_64_0p5_0p02_0062_0011.uasset" 4467
"../../../Engine/Content/EngineMaterials/Substrate/GLints/dict_16_192_64_0p5_0p02_0062_0009.uasset" 4468
"../../../Engine/Content/EngineMaterials/Substrate/GLints/dict_16_192_64_0p5_0p02_0062_0008.uasset" 4469
"../../../Engine/Content/EngineMaterials/Substrate/GLints/dict_16_192_64_0p5_0p02_0062_0007.uasset" 4470
"../../../Engine/Content/EngineMaterials/Substrate/GLints/dict_16_192_64_0p5_0p02_0062_0006.uasset" 4471
"../../../Engine/Content/EngineMaterials/Substrate/GLints/dict_16_192_64_0p5_0p02_0062_0005.uasset" 4472
"../../../Engine/Content/EngineMaterials/Substrate/GLints/dict_16_192_64_0p5_0p02_0062_0004.uasset" 4473
"../../../Engine/Content/EngineMaterials/Substrate/GLints/dict_16_192_64_0p5_0p02_0062_0003.uasset" 4474
"../../../Engine/Content/EngineMaterials/Substrate/GLints/dict_16_192_64_0p5_0p02_0062_0002.uasset" 4475
"../../../Engine/Content/EngineMaterials/Substrate/GLints/dict_16_192_64_0p5_0p02_0063_0002.uasset" 4476
"C:/Users/Administrator/AppData/Local/UnrealEngine/Common/DerivedDataCache/Buckets/StaticMesh/c0/1d/76e086eafa8410eb2c92955aa90452811f64.udd" 4477
"/Engine/EngineMaterials/Substrate/GLints/dict_16_192_64_0p5_0p02_0062_0002" 4478
"/Engine/EngineMaterials/Substrate/GLints/dict_16_192_64_0p5_0p02_0062_0003" 4479
"/Engine/EngineMaterials/Substrate/GLints/dict_16_192_64_0p5_0p02_0062_0004" 4480
"/Engine/EngineMaterials/Substrate/GLints/dict_16_192_64_0p5_0p02_0062_0005" 4481
"/Engine/EngineMaterials/Substrate/GLints/dict_16_192_64_0p5_0p02_0062_0006" 4482
"/Engine/EngineMaterials/Substrate/GLints/dict_16_192_64_0p5_0p02_0062_0007" 4483
"/Engine/EngineMaterials/Substrate/GLints/dict_16_192_64_0p5_0p02_0062_0008" 4484
"/Engine/EngineMaterials/Substrate/GLints/dict_16_192_64_0p5_0p02_0062_0009" 4485
"/Engine/EngineMaterials/Substrate/GLints/dict_16_192_64_0p5_0p02_0062_0010" 4486
"/Engine/EngineMaterials/Substrate/GLints/dict_16_192_64_0p5_0p02_0062_0011" 4487
"/Engine/EngineMaterials/Substrate/GLints/dict_16_192_64_0p5_0p02_0062_0012" 4488
"/Engine/EngineMaterials/Substrate/GLints/dict_16_192_64_0p5_0p02_0062_0013" 4489
"/Engine/EngineMaterials/Substrate/GLints/dict_16_192_64_0p5_0p02_0062_0014" 4490
"/Engine/EngineMaterials/Substrate/GLints/dict_16_192_64_0p5_0p02_0062_0015" 4491
"/Engine/EngineMaterials/Substrate/GLints/dict_16_192_64_0p5_0p02_0063_0000" 4492
"/Engine/EngineMaterials/Substrate/GLints/dict_16_192_64_0p5_0p02_0063_0001" 4493
"/Engine/EngineMaterials/Substrate/GLints/dict_16_192_64_0p5_0p02_0063_0002" 4494
"/Engine/EngineMaterials/Substrate/GLints/dict_16_192_64_0p5_0p02_0063_0003" 4495
"/Engine/EngineMaterials/Substrate/GLints/dict_16_192_64_0p5_0p02_0063_0004" 4496
"/Engine/EngineMaterials/Substrate/GLints/dict_16_192_64_0p5_0p02_0063_0005" 4497
"/Engine/EngineMaterials/Substrate/GLints/dict_16_192_64_0p5_0p02_0063_0006" 4498
"/Engine/EngineMaterials/Substrate/GLints/dict_16_192_64_0p5_0p02_0063_0007" 4499
"/Engine/EngineMaterials/Substrate/GLints/dict_16_192_64_0p5_0p02_0063_0008" 4500
"/Engine/EngineMaterials/Substrate/GLints/dict_16_192_64_0p5_0p02_0063_0009" 4501
"/Engine/EngineMaterials/Substrate/GLints/dict_16_192_64_0p5_0p02_0063_0010" 4502
"/Engine/EngineMaterials/Substrate/GLints/dict_16_192_64_0p5_0p02_0063_0011" 4503
"/Engine/EngineMaterials/Substrate/GLints/dict_16_192_64_0p5_0p02_0063_0012" 4504
"/Engine/EngineMaterials/Substrate/GLints/dict_16_192_64_0p5_0p02_0063_0013" 4505
"/Engine/EngineMaterials/Substrate/GLints/dict_16_192_64_0p5_0p02_0063_0014" 4506
"/Engine/EngineMaterials/Substrate/GLints/dict_16_192_64_0p5_0p02_0063_0015" 4507
"/Engine/EditorMaterials/PreviewShadowIndicatorMaterial" 4508
"../../../Engine/Content/EngineMaterials/Substrate/GLints/dict_16_192_64_0p5_0p02_0061_0015.uasset" 4509
"../../../Engine/Content/EngineMaterials/Substrate/GLints/dict_16_192_64_0p5_0p02_0062_0001.uasset" 4510
"../../../Engine/Content/EngineMaterials/Substrate/GLints/dict_16_192_64_0p5_0p02_0061_0014.uasset" 4511
"../../../Engine/Content/EngineMaterials/Substrate/GLints/dict_16_192_64_0p5_0p02_0062_0000.uasset" 4512
"../../../Engine/Content/EngineMaterials/Substrate/GLints/dict_16_192_64_0p5_0p02_0061_0013.uasset" 4513
"../../../Engine/Content/EngineMaterials/Substrate/GLints/dict_16_192_64_0p5_0p02_0061_0012.uasset" 4514
"../../../Engine/Content/EngineMaterials/Substrate/GLints/dict_16_192_64_0p5_0p02_0061_0011.uasset" 4515
"../../../Engine/Content/EngineMaterials/Substrate/GLints/dict_16_192_64_0p5_0p02_0061_0008.uasset" 4516
"../../../Engine/Content/EngineMaterials/Substrate/GLints/dict_16_192_64_0p5_0p02_0061_0009.uasset" 4517
"../../../Engine/Content/EngineMaterials/Substrate/GLints/dict_16_192_64_0p5_0p02_0061_0010.uasset" 4518
"../../../Engine/Content/EngineMaterials/Substrate/GLints/dict_16_192_64_0p5_0p02_0061_0006.uasset" 4519
"../../../Engine/Content/EngineMaterials/Substrate/GLints/dict_16_192_64_0p5_0p02_0061_0007.uasset" 4520
"../../../Engine/Content/EngineMaterials/Substrate/GLints/dict_16_192_64_0p5_0p02_0061_0005.uasset" 4521
"../../../Engine/Content/EngineMaterials/Substrate/GLints/dict_16_192_64_0p5_0p02_0061_0004.uasset" 4522
"../../../Engine/Content/EngineMaterials/Substrate/GLints/dict_16_192_64_0p5_0p02_0061_0003.uasset" 4523
"../../../Engine/Content/EngineMaterials/Substrate/GLints/dict_16_192_64_0p5_0p02_0061_0002.uasset" 4524
"../../../Engine/Content/EngineMaterials/Substrate/GLints/dict_16_192_64_0p5_0p02_0061_0001.uasset" 4525
"../../../Engine/Content/EngineMaterials/Substrate/GLints/dict_16_192_64_0p5_0p02_0060_0015.uasset" 4526
"../../../Engine/Content/EngineMaterials/Substrate/GLints/dict_16_192_64_0p5_0p02_0060_0013.uasset" 4527
"../../../Engine/Content/EngineMaterials/Substrate/GLints/dict_16_192_64_0p5_0p02_0060_0014.uasset" 4528
"../../../Engine/Content/EngineMaterials/Substrate/GLints/dict_16_192_64_0p5_0p02_0061_0000.uasset" 4529
"../../../Engine/Content/EngineMaterials/Substrate/GLints/dict_16_192_64_0p5_0p02_0060_0011.uasset" 4530
"../../../Engine/Content/EngineMaterials/Substrate/GLints/dict_16_192_64_0p5_0p02_0060_0012.uasset" 4531
"../../../Engine/Content/EngineMaterials/Substrate/GLints/dict_16_192_64_0p5_0p02_0060_0010.uasset" 4532
"../../../Engine/Content/EngineMaterials/Substrate/GLints/dict_16_192_64_0p5_0p02_0060_0009.uasset" 4533
"../../../Engine/Content/EngineMaterials/Substrate/GLints/dict_16_192_64_0p5_0p02_0060_0006.uasset" 4534
"../../../Engine/Content/EngineMaterials/Substrate/GLints/dict_16_192_64_0p5_0p02_0060_0007.uasset" 4535
"../../../Engine/Content/EngineMaterials/Substrate/GLints/dict_16_192_64_0p5_0p02_0060_0005.uasset" 4536
"../../../Engine/Content/EngineMaterials/Substrate/GLints/dict_16_192_64_0p5_0p02_0060_0004.uasset" 4537
"../../../Engine/Content/EngineMaterials/Substrate/GLints/dict_16_192_64_0p5_0p02_0060_0003.uasset" 4538
"../../../Engine/Content/EngineMaterials/Substrate/GLints/dict_16_192_64_0p5_0p02_0060_0002.uasset" 4539
"../../../Engine/Content/EngineMaterials/Substrate/GLints/dict_16_192_64_0p5_0p02_0060_0008.uasset" 4540
"/Engine/EngineMaterials/Substrate/GLints/dict_16_192_64_0p5_0p02_0060_0002" 4541
"/Engine/EngineMaterials/Substrate/GLints/dict_16_192_64_0p5_0p02_0060_0003" 4542
"/Engine/EngineMaterials/Substrate/GLints/dict_16_192_64_0p5_0p02_0060_0004" 4543
"/Engine/EngineMaterials/Substrate/GLints/dict_16_192_64_0p5_0p02_0060_0005" 4544
"/Engine/EngineMaterials/Substrate/GLints/dict_16_192_64_0p5_0p02_0060_0006" 4545
"/Engine/EngineMaterials/Substrate/GLints/dict_16_192_64_0p5_0p02_0060_0007" 4546
"/Engine/EngineMaterials/Substrate/GLints/dict_16_192_64_0p5_0p02_0060_0008" 4547
"/Engine/EngineMaterials/Substrate/GLints/dict_16_192_64_0p5_0p02_0060_0009" 4548
"/Engine/EngineMaterials/Substrate/GLints/dict_16_192_64_0p5_0p02_0060_0010" 4549
"/Engine/EngineMaterials/Substrate/GLints/dict_16_192_64_0p5_0p02_0060_0011" 4550
"/Engine/EngineMaterials/Substrate/GLints/dict_16_192_64_0p5_0p02_0060_0012" 4551
"/Engine/EngineMaterials/Substrate/GLints/dict_16_192_64_0p5_0p02_0060_0013" 4552
"/Engine/EngineMaterials/Substrate/GLints/dict_16_192_64_0p5_0p02_0060_0014" 4553
"/Engine/EngineMaterials/Substrate/GLints/dict_16_192_64_0p5_0p02_0060_0015" 4554
"/Engine/EngineMaterials/Substrate/GLints/dict_16_192_64_0p5_0p02_0061_0000" 4555
"/Engine/EngineMaterials/Substrate/GLints/dict_16_192_64_0p5_0p02_0061_0001" 4556
"/Engine/EngineMaterials/Substrate/GLints/dict_16_192_64_0p5_0p02_0061_0002" 4557
"/Engine/EngineMaterials/Substrate/GLints/dict_16_192_64_0p5_0p02_0061_0003" 4558
"/Engine/EngineMaterials/Substrate/GLints/dict_16_192_64_0p5_0p02_0061_0004" 4559
"/Engine/EngineMaterials/Substrate/GLints/dict_16_192_64_0p5_0p02_0061_0005" 4560
"/Engine/EngineMaterials/Substrate/GLints/dict_16_192_64_0p5_0p02_0061_0006" 4561
"/Engine/EngineMaterials/Substrate/GLints/dict_16_192_64_0p5_0p02_0061_0007" 4562
"/Engine/EngineMaterials/Substrate/GLints/dict_16_192_64_0p5_0p02_0061_0008" 4563
"/Engine/EngineMaterials/Substrate/GLints/dict_16_192_64_0p5_0p02_0061_0009" 4564
"/Engine/EngineMaterials/Substrate/GLints/dict_16_192_64_0p5_0p02_0061_0010" 4565
"/Engine/EngineMaterials/Substrate/GLints/dict_16_192_64_0p5_0p02_0061_0011" 4566
"/Engine/EngineMaterials/Substrate/GLints/dict_16_192_64_0p5_0p02_0061_0012" 4567
"/Engine/EngineMaterials/Substrate/GLints/dict_16_192_64_0p5_0p02_0061_0013" 4568
"/Engine/EngineMaterials/Substrate/GLints/dict_16_192_64_0p5_0p02_0061_0014" 4569
"/Engine/EngineMaterials/Substrate/GLints/dict_16_192_64_0p5_0p02_0061_0015" 4570
"/Engine/EngineMaterials/Substrate/GLints/dict_16_192_64_0p5_0p02_0062_0000" 4571
"/Engine/EngineMaterials/Substrate/GLints/dict_16_192_64_0p5_0p02_0062_0001" 4572
"../../../Engine/Content/EngineMaterials/Substrate/GLints/dict_16_192_64_0p5_0p02_0060_0000.uasset" 4573
"../../../Engine/Content/EngineMaterials/Substrate/GLints/dict_16_192_64_0p5_0p02_0059_0015.uasset" 4574
"../../../Engine/Content/EngineMaterials/Substrate/GLints/dict_16_192_64_0p5_0p02_0059_0014.uasset" 4575
"../../../Engine/Content/EngineMaterials/Substrate/GLints/dict_16_192_64_0p5_0p02_0059_0013.uasset" 4576
"../../../Engine/Content/EngineMaterials/Substrate/GLints/dict_16_192_64_0p5_0p02_0059_0011.uasset" 4577
"../../../Engine/Content/EngineMaterials/Substrate/GLints/dict_16_192_64_0p5_0p02_0059_0010.uasset" 4578
"../../../Engine/Content/EngineMaterials/Substrate/GLints/dict_16_192_64_0p5_0p02_0059_0012.uasset" 4579
"../../../Engine/Content/EngineMaterials/Substrate/GLints/dict_16_192_64_0p5_0p02_0059_0008.uasset" 4580
"../../../Engine/Content/EngineMaterials/Substrate/GLints/dict_16_192_64_0p5_0p02_0059_0007.uasset" 4581
"../../../Engine/Content/EngineMaterials/Substrate/GLints/dict_16_192_64_0p5_0p02_0059_0009.uasset" 4582
"../../../Engine/Content/EngineMaterials/Substrate/GLints/dict_16_192_64_0p5_0p02_0059_0006.uasset" 4583
"../../../Engine/Content/EngineMaterials/Substrate/GLints/dict_16_192_64_0p5_0p02_0059_0004.uasset" 4584
"../../../Engine/Content/EngineMaterials/Substrate/GLints/dict_16_192_64_0p5_0p02_0059_0005.uasset" 4585
"../../../Engine/Content/EngineMaterials/Substrate/GLints/dict_16_192_64_0p5_0p02_0060_0001.uasset" 4586
"../../../Engine/Content/EngineMaterials/Substrate/GLints/dict_16_192_64_0p5_0p02_0059_0003.uasset" 4587
"../../../Engine/Content/EngineMaterials/Substrate/GLints/dict_16_192_64_0p5_0p02_0059_0002.uasset" 4588
"../../../Engine/Content/EngineMaterials/Substrate/GLints/dict_16_192_64_0p5_0p02_0059_0001.uasset" 4589
"../../../Engine/Content/EngineMaterials/Substrate/GLints/dict_16_192_64_0p5_0p02_0059_0000.uasset" 4590
"../../../Engine/Content/EngineMaterials/Substrate/GLints/dict_16_192_64_0p5_0p02_0058_0013.uasset" 4591
"../../../Engine/Content/EngineMaterials/Substrate/GLints/dict_16_192_64_0p5_0p02_0058_0014.uasset" 4592
"../../../Engine/Content/EngineMaterials/Substrate/GLints/dict_16_192_64_0p5_0p02_0058_0015.uasset" 4593
"../../../Engine/Content/EngineMaterials/Substrate/GLints/dict_16_192_64_0p5_0p02_0058_0012.uasset" 4594
"../../../Engine/Content/EngineMaterials/Substrate/GLints/dict_16_192_64_0p5_0p02_0058_0011.uasset" 4595
"../../../Engine/Content/EngineMaterials/Substrate/GLints/dict_16_192_64_0p5_0p02_0058_0006.uasset" 4596
"../../../Engine/Content/EngineMaterials/Substrate/GLints/dict_16_192_64_0p5_0p02_0058_0008.uasset" 4597
"../../../Engine/Content/EngineMaterials/Substrate/GLints/dict_16_192_64_0p5_0p02_0058_0010.uasset" 4598
"../../../Engine/Content/EngineMaterials/Substrate/GLints/dict_16_192_64_0p5_0p02_0058_0009.uasset" 4599
"../../../Engine/Content/EngineMaterials/Substrate/GLints/dict_16_192_64_0p5_0p02_0058_0007.uasset" 4600
"../../../Engine/Content/EngineMaterials/Substrate/GLints/dict_16_192_64_0p5_0p02_0058_0005.uasset" 4601
"../../../Engine/Content/EngineMaterials/Substrate/GLints/dict_16_192_64_0p5_0p02_0058_0004.uasset" 4602
"C:/Users/Administrator/AppData/Local/UnrealEngine/Common/DerivedDataCache/Buckets/MaterialShaderMap/6e/f2/8bd36e16b460c696d91b5985e838e6aabb04.udd" 4603
"../../../Engine/Content/EngineMaterials/Substrate/GLints/dict_16_192_64_0p5_0p02_0058_0002.uasset" 4604
"../../../Engine/Content/EngineMaterials/Substrate/GLints/dict_16_192_64_0p5_0p02_0058_0003.uasset" 4605
"/Engine/EngineMaterials/Substrate/GLints/dict_16_192_64_0p5_0p02_0058_0002" 4606
"/Engine/EngineMaterials/Substrate/GLints/dict_16_192_64_0p5_0p02_0058_0003" 4607
"/Engine/EngineMaterials/Substrate/GLints/dict_16_192_64_0p5_0p02_0058_0004" 4608
"/Engine/EngineMaterials/Substrate/GLints/dict_16_192_64_0p5_0p02_0058_0005" 4609
"/Engine/EngineMaterials/Substrate/GLints/dict_16_192_64_0p5_0p02_0058_0006" 4610
"/Engine/EngineMaterials/Substrate/GLints/dict_16_192_64_0p5_0p02_0058_0007" 4611
"/Engine/EngineMaterials/Substrate/GLints/dict_16_192_64_0p5_0p02_0058_0008" 4612
"/Engine/EngineMaterials/Substrate/GLints/dict_16_192_64_0p5_0p02_0058_0009" 4613
"/Engine/EngineMaterials/Substrate/GLints/dict_16_192_64_0p5_0p02_0058_0010" 4614
"/Engine/EngineMaterials/Substrate/GLints/dict_16_192_64_0p5_0p02_0058_0011" 4615
"/Engine/EngineMaterials/Substrate/GLints/dict_16_192_64_0p5_0p02_0058_0012" 4616
"/Engine/EngineMaterials/Substrate/GLints/dict_16_192_64_0p5_0p02_0058_0013" 4617
"/Engine/EngineMaterials/Substrate/GLints/dict_16_192_64_0p5_0p02_0058_0014" 4618
"/Engine/EngineMaterials/Substrate/GLints/dict_16_192_64_0p5_0p02_0058_0015" 4619
"/Engine/EngineMaterials/Substrate/GLints/dict_16_192_64_0p5_0p02_0059_0000" 4620
"/Engine/EngineMaterials/Substrate/GLints/dict_16_192_64_0p5_0p02_0059_0001" 4621
"/Engine/EngineMaterials/Substrate/GLints/dict_16_192_64_0p5_0p02_0059_0002" 4622
"/Engine/EngineMaterials/Substrate/GLints/dict_16_192_64_0p5_0p02_0059_0003" 4623
"/Engine/EngineMaterials/Substrate/GLints/dict_16_192_64_0p5_0p02_0059_0004" 4624
"/Engine/EngineMaterials/Substrate/GLints/dict_16_192_64_0p5_0p02_0059_0005" 4625
"/Engine/EngineMaterials/Substrate/GLints/dict_16_192_64_0p5_0p02_0059_0006" 4626
"/Engine/EngineMaterials/Substrate/GLints/dict_16_192_64_0p5_0p02_0059_0007" 4627
"/Engine/EngineMaterials/Substrate/GLints/dict_16_192_64_0p5_0p02_0059_0008" 4628
"/Engine/EngineMaterials/Substrate/GLints/dict_16_192_64_0p5_0p02_0059_0009" 4629
"/Engine/EngineMaterials/Substrate/GLints/dict_16_192_64_0p5_0p02_0059_0010" 4630
"/Engine/EngineMaterials/Substrate/GLints/dict_16_192_64_0p5_0p02_0059_0011" 4631
"/Engine/EngineMaterials/Substrate/GLints/dict_16_192_64_0p5_0p02_0059_0012" 4632
"/Engine/EngineMaterials/Substrate/GLints/dict_16_192_64_0p5_0p02_0059_0013" 4633
"/Engine/EngineMaterials/Substrate/GLints/dict_16_192_64_0p5_0p02_0059_0014" 4634
"/Engine/EngineMaterials/Substrate/GLints/dict_16_192_64_0p5_0p02_0059_0015" 4635
"/Engine/EngineMaterials/Substrate/GLints/dict_16_192_64_0p5_0p02_0060_0000" 4636
"/Engine/EngineMaterials/Substrate/GLints/dict_16_192_64_0p5_0p02_0060_0001" 4637
"../../../Engine/Plugins/Animation/DeformerGraph/Shaders/Private/DataInterfaceCustomComputeKernel.ush" 4638
"../../../Engine/Plugins/Animation/DeformerGraph/Shaders/Private/DataInterfaceCloth.ush" 4639
"../../../Engine/Plugins/Animation/DeformerGraph/Shaders/Private/DataInterfaceSkinnedMeshRead.ush" 4640
"../../../Engine/Plugins/Animation/DeformerGraph/Shaders/Private/DataInterfaceSkeleton.ush" 4641
"../../../Engine/Plugins/Animation/DeformerGraph/Shaders/Private/DataInterfaceSkeletonCommon.ush" 4642
"../../../Engine/Plugins/Animation/DeformerGraph/Shaders/Private/DataInterfaceMorphTarget.ush" 4643
"../../../Engine/Plugins/Animation/DeformerGraph/Shaders/Private/DataInterfaceSkinnedMeshWrite.ush" 4644
"../../../Engine/Content/EngineMaterials/Substrate/GLints/dict_16_192_64_0p5_0p02_0058_0000.uasset" 4645
"../../../Engine/Content/EngineMaterials/Substrate/GLints/dict_16_192_64_0p5_0p02_0058_0001.uasset" 4646
"../../../Engine/Content/EngineMaterials/Substrate/GLints/dict_16_192_64_0p5_0p02_0057_0014.uasset" 4647
"../../../Engine/Content/EngineMaterials/Substrate/GLints/dict_16_192_64_0p5_0p02_0057_0015.uasset" 4648
"../../../Engine/Content/EngineMaterials/Substrate/GLints/dict_16_192_64_0p5_0p02_0057_0013.uasset" 4649
"../../../Engine/Content/EngineMaterials/Substrate/GLints/dict_16_192_64_0p5_0p02_0057_0011.uasset" 4650
"../../../Engine/Content/EngineMaterials/Substrate/GLints/dict_16_192_64_0p5_0p02_0057_0010.uasset" 4651
"../../../Engine/Content/EngineMaterials/Substrate/GLints/dict_16_192_64_0p5_0p02_0057_0007.uasset" 4652
"../../../Engine/Content/EngineMaterials/Substrate/GLints/dict_16_192_64_0p5_0p02_0057_0008.uasset" 4653
"../../../Engine/Content/EngineMaterials/Substrate/GLints/dict_16_192_64_0p5_0p02_0057_0003.uasset" 4654
"../../../Engine/Content/EngineMaterials/Substrate/GLints/dict_16_192_64_0p5_0p02_0057_0012.uasset" 4655
"../../../Engine/Content/EngineMaterials/Substrate/GLints/dict_16_192_64_0p5_0p02_0057_0002.uasset" 4656
"../../../Engine/Content/EngineMaterials/Substrate/GLints/dict_16_192_64_0p5_0p02_0057_0006.uasset" 4657
"../../../Engine/Content/EngineMaterials/Substrate/GLints/dict_16_192_64_0p5_0p02_0057_0004.uasset" 4658
"../../../Engine/Content/EngineMaterials/Substrate/GLints/dict_16_192_64_0p5_0p02_0057_0009.uasset" 4659
"../../../Engine/Content/EngineMaterials/Substrate/GLints/dict_16_192_64_0p5_0p02_0057_0001.uasset" 4660
"../../../Engine/Content/EngineMaterials/Substrate/GLints/dict_16_192_64_0p5_0p02_0057_0000.uasset" 4661
"../../../Engine/Content/EngineMaterials/Substrate/GLints/dict_16_192_64_0p5_0p02_0057_0005.uasset" 4662
"../../../Engine/Content/EngineMaterials/Substrate/GLints/dict_16_192_64_0p5_0p02_0056_0015.uasset" 4663
"../../../Engine/Content/EngineMaterials/Substrate/GLints/dict_16_192_64_0p5_0p02_0056_0014.uasset" 4664
"../../../Engine/Content/EngineMaterials/Substrate/GLints/dict_16_192_64_0p5_0p02_0056_0013.uasset" 4665
"../../../Engine/Content/EngineMaterials/Substrate/GLints/dict_16_192_64_0p5_0p02_0056_0009.uasset" 4666
"../../../Engine/Content/EngineMaterials/Substrate/GLints/dict_16_192_64_0p5_0p02_0056_0008.uasset" 4667
"../../../Engine/Content/EngineMaterials/Substrate/GLints/dict_16_192_64_0p5_0p02_0056_0007.uasset" 4668
"../../../Engine/Content/EngineMaterials/Substrate/GLints/dict_16_192_64_0p5_0p02_0056_0011.uasset" 4669
"../../../Engine/Content/EngineMaterials/Substrate/GLints/dict_16_192_64_0p5_0p02_0056_0012.uasset" 4670
"../../../Engine/Content/EngineMaterials/Substrate/GLints/dict_16_192_64_0p5_0p02_0056_0010.uasset" 4671
"../../../Engine/Content/EngineMaterials/Substrate/GLints/dict_16_192_64_0p5_0p02_0056_0003.uasset" 4672
"../../../Engine/Content/EngineMaterials/Substrate/GLints/dict_16_192_64_0p5_0p02_0056_0005.uasset" 4673
"../../../Engine/Content/EngineMaterials/Substrate/GLints/dict_16_192_64_0p5_0p02_0056_0002.uasset" 4674
"../../../Engine/Content/EngineMaterials/Substrate/GLints/dict_16_192_64_0p5_0p02_0056_0006.uasset" 4675
"../../../Engine/Content/EngineMaterials/Substrate/GLints/dict_16_192_64_0p5_0p02_0056_0004.uasset" 4676
"C:/Users/Administrator/AppData/Local/UnrealEngine/Common/DerivedDataCache/Buckets/AnimationSequence/25/0b/0e1b9d505157d00c68117ba2d77615225710.udd" 4677
"C:/Users/Administrator/AppData/Local/UnrealEngine/Common/DerivedDataCache/Buckets/AnimationSequence/c9/42/dff562aa2346384cec186864fae2368bc464.udd" 4678
"C:/Users/Administrator/AppData/Local/UnrealEngine/Common/DerivedDataCache/Buckets/AnimationSequence/1d/44/19c44b362ca360abc323d9882c22142f1920.udd" 4679
"C:/Users/Administrator/AppData/Local/UnrealEngine/Common/DerivedDataCache/Buckets/AnimationSequence/b7/4a/3a6a71c137d55946287954234ee9767fc707.udd" 4680
"C:/Users/Administrator/AppData/Local/UnrealEngine/Common/DerivedDataCache/Buckets/AnimationSequence/f9/7a/d2a0d1bc539a44ba5ab1ae5e535f595076a5.udd" 4681
"C:/Users/Administrator/AppData/Local/UnrealEngine/Common/DerivedDataCache/Buckets/AnimationSequence/7c/31/2b340973fbc1c2d7b04d9cbd498719d09fbc.udd" 4682
"C:/Users/Administrator/AppData/Local/UnrealEngine/Common/DerivedDataCache/Buckets/AnimationSequence/f9/bf/f0d166acf3946da935af215e8cc41511111a.udd" 4683
"C:/Users/Administrator/AppData/Local/UnrealEngine/Common/DerivedDataCache/Buckets/AnimationSequence/e9/40/da6156920178830637c7ec8c18dcbb174065.udd" 4684
"C:/Users/Administrator/AppData/Local/UnrealEngine/Common/DerivedDataCache/Buckets/AnimationSequence/8b/b5/8f3e2ee16082124007cc621b704cf56bf519.udd" 4685
"../../../Engine/Plugins/Animation/DeformerGraph/Shaders/Private/DataInterfaceRawBuffer.ush" 4686
"../../../Engine/Plugins/Runtime/ComputeFramework/Shaders/Private/BufferAlias.ush" 4687
"../../../Engine/Plugins/Animation/DeformerGraph/Shaders/Private/DataInterfaceSkinnedMesh.ush" 4688
"../../../Engine/Plugins/Animation/DeformerGraph/Shaders/Private/DataInterfaceHalfEdge.ush" 4689
"/Engine/EngineMaterials/Substrate/GLints/dict_16_192_64_0p5_0p02_0056_0002" 4690
"/Engine/EngineMaterials/Substrate/GLints/dict_16_192_64_0p5_0p02_0056_0003" 4691
"/Engine/EngineMaterials/Substrate/GLints/dict_16_192_64_0p5_0p02_0056_0004" 4692
"/Engine/EngineMaterials/Substrate/GLints/dict_16_192_64_0p5_0p02_0056_0005" 4693
"/Engine/EngineMaterials/Substrate/GLints/dict_16_192_64_0p5_0p02_0056_0006" 4694
"/Engine/EngineMaterials/Substrate/GLints/dict_16_192_64_0p5_0p02_0056_0007" 4695
"/Engine/EngineMaterials/Substrate/GLints/dict_16_192_64_0p5_0p02_0056_0008" 4696
"/Engine/EngineMaterials/Substrate/GLints/dict_16_192_64_0p5_0p02_0056_0009" 4697
"/Engine/EngineMaterials/Substrate/GLints/dict_16_192_64_0p5_0p02_0056_0010" 4698
"/Engine/EngineMaterials/Substrate/GLints/dict_16_192_64_0p5_0p02_0056_0011" 4699
"/Engine/EngineMaterials/Substrate/GLints/dict_16_192_64_0p5_0p02_0056_0012" 4700
"/Engine/EngineMaterials/Substrate/GLints/dict_16_192_64_0p5_0p02_0056_0013" 4701
"/Engine/EngineMaterials/Substrate/GLints/dict_16_192_64_0p5_0p02_0056_0014" 4702
"/Engine/EngineMaterials/Substrate/GLints/dict_16_192_64_0p5_0p02_0056_0015" 4703
"/Engine/EngineMaterials/Substrate/GLints/dict_16_192_64_0p5_0p02_0057_0000" 4704
"/Engine/EngineMaterials/Substrate/GLints/dict_16_192_64_0p5_0p02_0057_0001" 4705
"/Engine/EngineMaterials/Substrate/GLints/dict_16_192_64_0p5_0p02_0057_0002" 4706
"/Engine/EngineMaterials/Substrate/GLints/dict_16_192_64_0p5_0p02_0057_0003" 4707
"/Engine/EngineMaterials/Substrate/GLints/dict_16_192_64_0p5_0p02_0057_0004" 4708
"/Engine/EngineMaterials/Substrate/GLints/dict_16_192_64_0p5_0p02_0057_0005" 4709
"/Engine/EngineMaterials/Substrate/GLints/dict_16_192_64_0p5_0p02_0057_0006" 4710
"/Engine/EngineMaterials/Substrate/GLints/dict_16_192_64_0p5_0p02_0057_0007" 4711
"/Engine/EngineMaterials/Substrate/GLints/dict_16_192_64_0p5_0p02_0057_0008" 4712
"/Engine/EngineMaterials/Substrate/GLints/dict_16_192_64_0p5_0p02_0057_0009" 4713
"/Engine/EngineMaterials/Substrate/GLints/dict_16_192_64_0p5_0p02_0057_0010" 4714
"/Engine/EngineMaterials/Substrate/GLints/dict_16_192_64_0p5_0p02_0057_0011" 4715
"/Engine/EngineMaterials/Substrate/GLints/dict_16_192_64_0p5_0p02_0057_0012" 4716
"/Engine/EngineMaterials/Substrate/GLints/dict_16_192_64_0p5_0p02_0057_0013" 4717
"/Engine/EngineMaterials/Substrate/GLints/dict_16_192_64_0p5_0p02_0057_0014" 4718
"/Engine/EngineMaterials/Substrate/GLints/dict_16_192_64_0p5_0p02_0057_0015" 4719
"/Engine/EngineMaterials/Substrate/GLints/dict_16_192_64_0p5_0p02_0058_0000" 4720
"/Engine/EngineMaterials/Substrate/GLints/dict_16_192_64_0p5_0p02_0058_0001" 4721
"../../../Engine/Content/EngineMaterials/Substrate/GLints/dict_16_192_64_0p5_0p02_0056_0001.uasset" 4722
"../../../Engine/Content/EngineMaterials/Substrate/GLints/dict_16_192_64_0p5_0p02_0056_0000.uasset" 4723
"../../../Engine/Content/EngineMaterials/Substrate/GLints/dict_16_192_64_0p5_0p02_0055_0014.uasset" 4724
"../../../Engine/Content/EngineMaterials/Substrate/GLints/dict_16_192_64_0p5_0p02_0055_0015.uasset" 4725
"../../../Engine/Content/EngineMaterials/Substrate/GLints/dict_16_192_64_0p5_0p02_0055_0013.uasset" 4726
"../../../Engine/Content/EngineMaterials/Substrate/GLints/dict_16_192_64_0p5_0p02_0055_0011.uasset" 4727
"../../../Engine/Content/EngineMaterials/Substrate/GLints/dict_16_192_64_0p5_0p02_0055_0012.uasset" 4728
"../../../Engine/Content/EngineMaterials/Substrate/GLints/dict_16_192_64_0p5_0p02_0055_0008.uasset" 4729
"../../../Engine/Content/EngineMaterials/Substrate/GLints/dict_16_192_64_0p5_0p02_0055_0010.uasset" 4730
"../../../Engine/Content/EngineMaterials/Substrate/GLints/dict_16_192_64_0p5_0p02_0055_0009.uasset" 4731
"../../../Engine/Content/EngineMaterials/Substrate/GLints/dict_16_192_64_0p5_0p02_0055_0005.uasset" 4732
"../../../Engine/Content/EngineMaterials/Substrate/GLints/dict_16_192_64_0p5_0p02_0055_0004.uasset" 4733
"../../../Engine/Content/EngineMaterials/Substrate/GLints/dict_16_192_64_0p5_0p02_0055_0006.uasset" 4734
"../../../Engine/Content/EngineMaterials/Substrate/GLints/dict_16_192_64_0p5_0p02_0055_0007.uasset" 4735
"../../../Engine/Content/EngineMaterials/Substrate/GLints/dict_16_192_64_0p5_0p02_0055_0002.uasset" 4736
"../../../Engine/Content/EngineMaterials/Substrate/GLints/dict_16_192_64_0p5_0p02_0055_0000.uasset" 4737
"../../../Engine/Content/EngineMaterials/Substrate/GLints/dict_16_192_64_0p5_0p02_0055_0001.uasset" 4738
"../../../Engine/Content/EngineMaterials/Substrate/GLints/dict_16_192_64_0p5_0p02_0054_0014.uasset" 4739
"../../../Engine/Content/EngineMaterials/Substrate/GLints/dict_16_192_64_0p5_0p02_0054_0015.uasset" 4740
"../../../Engine/Content/EngineMaterials/Substrate/GLints/dict_16_192_64_0p5_0p02_0054_0012.uasset" 4741
"../../../Engine/Content/EngineMaterials/Substrate/GLints/dict_16_192_64_0p5_0p02_0054_0010.uasset" 4742
"../../../Engine/Content/EngineMaterials/Substrate/GLints/dict_16_192_64_0p5_0p02_0054_0011.uasset" 4743
"../../../Engine/Content/EngineMaterials/Substrate/GLints/dict_16_192_64_0p5_0p02_0054_0009.uasset" 4744
"../../../Engine/Content/EngineMaterials/Substrate/GLints/dict_16_192_64_0p5_0p02_0054_0008.uasset" 4745
"../../../Engine/Content/EngineMaterials/Substrate/GLints/dict_16_192_64_0p5_0p02_0054_0007.uasset" 4746
"../../../Engine/Content/EngineMaterials/Substrate/GLints/dict_16_192_64_0p5_0p02_0054_0006.uasset" 4747
"../../../Engine/Content/EngineMaterials/Substrate/GLints/dict_16_192_64_0p5_0p02_0054_0013.uasset" 4748
"../../../Engine/Content/EngineMaterials/Substrate/GLints/dict_16_192_64_0p5_0p02_0054_0004.uasset" 4749
"../../../Engine/Content/EngineMaterials/Substrate/GLints/dict_16_192_64_0p5_0p02_0054_0005.uasset" 4750
"../../../Engine/Content/EngineMaterials/Substrate/GLints/dict_16_192_64_0p5_0p02_0055_0003.uasset" 4751
"../../../Engine/Content/EngineMaterials/Substrate/GLints/dict_16_192_64_0p5_0p02_0054_0002.uasset" 4752
"../../../Engine/Content/EngineMaterials/Substrate/GLints/dict_16_192_64_0p5_0p02_0054_0003.uasset" 4753
"/Engine/EngineMaterials/Substrate/GLints/dict_16_192_64_0p5_0p02_0054_0002" 4754
"/Engine/EngineMaterials/Substrate/GLints/dict_16_192_64_0p5_0p02_0054_0003" 4755
"/Engine/EngineMaterials/Substrate/GLints/dict_16_192_64_0p5_0p02_0054_0004" 4756
"/Engine/EngineMaterials/Substrate/GLints/dict_16_192_64_0p5_0p02_0054_0005" 4757
"/Engine/EngineMaterials/Substrate/GLints/dict_16_192_64_0p5_0p02_0054_0006" 4758
"/Engine/EngineMaterials/Substrate/GLints/dict_16_192_64_0p5_0p02_0054_0007" 4759
"/Engine/EngineMaterials/Substrate/GLints/dict_16_192_64_0p5_0p02_0054_0008" 4760
"/Engine/EngineMaterials/Substrate/GLints/dict_16_192_64_0p5_0p02_0054_0009" 4761
"/Engine/EngineMaterials/Substrate/GLints/dict_16_192_64_0p5_0p02_0054_0010" 4762
"/Engine/EngineMaterials/Substrate/GLints/dict_16_192_64_0p5_0p02_0054_0011" 4763
"/Engine/EngineMaterials/Substrate/GLints/dict_16_192_64_0p5_0p02_0054_0012" 4764
"/Engine/EngineMaterials/Substrate/GLints/dict_16_192_64_0p5_0p02_0054_0013" 4765
"/Engine/EngineMaterials/Substrate/GLints/dict_16_192_64_0p5_0p02_0054_0014" 4766
"/Engine/EngineMaterials/Substrate/GLints/dict_16_192_64_0p5_0p02_0054_0015" 4767
"/Engine/EngineMaterials/Substrate/GLints/dict_16_192_64_0p5_0p02_0055_0000" 4768
"/Engine/EngineMaterials/Substrate/GLints/dict_16_192_64_0p5_0p02_0055_0001" 4769
"/Engine/EngineMaterials/Substrate/GLints/dict_16_192_64_0p5_0p02_0055_0002" 4770
"/Engine/EngineMaterials/Substrate/GLints/dict_16_192_64_0p5_0p02_0055_0003" 4771
"/Engine/EngineMaterials/Substrate/GLints/dict_16_192_64_0p5_0p02_0055_0004" 4772
"/Engine/EngineMaterials/Substrate/GLints/dict_16_192_64_0p5_0p02_0055_0005" 4773
"/Engine/EngineMaterials/Substrate/GLints/dict_16_192_64_0p5_0p02_0055_0006" 4774
"/Engine/EngineMaterials/Substrate/GLints/dict_16_192_64_0p5_0p02_0055_0007" 4775
"/Engine/EngineMaterials/Substrate/GLints/dict_16_192_64_0p5_0p02_0055_0008" 4776
"/Engine/EngineMaterials/Substrate/GLints/dict_16_192_64_0p5_0p02_0055_0009" 4777
"/Engine/EngineMaterials/Substrate/GLints/dict_16_192_64_0p5_0p02_0055_0010" 4778
"/Engine/EngineMaterials/Substrate/GLints/dict_16_192_64_0p5_0p02_0055_0011" 4779
"/Engine/EngineMaterials/Substrate/GLints/dict_16_192_64_0p5_0p02_0055_0012" 4780
"/Engine/EngineMaterials/Substrate/GLints/dict_16_192_64_0p5_0p02_0055_0013" 4781
"/Engine/EngineMaterials/Substrate/GLints/dict_16_192_64_0p5_0p02_0055_0014" 4782
"/Engine/EngineMaterials/Substrate/GLints/dict_16_192_64_0p5_0p02_0055_0015" 4783
"/Engine/EngineMaterials/Substrate/GLints/dict_16_192_64_0p5_0p02_0056_0000" 4784
"/Engine/EngineMaterials/Substrate/GLints/dict_16_192_64_0p5_0p02_0056_0001" 4785
"../../../Engine/Content/EngineMaterials/Substrate/GLints/dict_16_192_64_0p5_0p02_0054_0001.uasset" 4786
"../../../Engine/Content/EngineMaterials/Substrate/GLints/dict_16_192_64_0p5_0p02_0053_0015.uasset" 4787
"/Engine/EngineMaterials/Substrate/GLints/dict_16_192_64_0p5_0p02_0053_0015" 4788
"/Engine/EngineMaterials/Substrate/GLints/dict_16_192_64_0p5_0p02_0054_0001" 4789
"../../../Engine/Content/EngineMaterials/Substrate/GLints/dict_16_192_64_0p5_0p02_0053_0013.uasset" 4790
"../../../Engine/Content/EngineMaterials/Substrate/GLints/dict_16_192_64_0p5_0p02_0053_0012.uasset" 4791
"../../../Engine/Content/EngineMaterials/Substrate/GLints/dict_16_192_64_0p5_0p02_0053_0011.uasset" 4792
"../../../Engine/Content/EngineMaterials/Substrate/GLints/dict_16_192_64_0p5_0p02_0054_0000.uasset" 4793
"../../../Engine/Content/EngineMaterials/Substrate/GLints/dict_16_192_64_0p5_0p02_0053_0014.uasset" 4794
"../../../Engine/Content/EngineMaterials/Substrate/GLints/dict_16_192_64_0p5_0p02_0053_0010.uasset" 4795
"../../../Engine/Content/EngineMaterials/Substrate/GLints/dict_16_192_64_0p5_0p02_0053_0009.uasset" 4796
"../../../Engine/Content/EngineMaterials/Substrate/GLints/dict_16_192_64_0p5_0p02_0053_0006.uasset" 4797
"../../../Engine/Content/EngineMaterials/Substrate/GLints/dict_16_192_64_0p5_0p02_0053_0007.uasset" 4798
"../../../Engine/Content/EngineMaterials/Substrate/GLints/dict_16_192_64_0p5_0p02_0053_0005.uasset" 4799
"/Engine/EngineMaterials/Substrate/GLints/dict_16_192_64_0p5_0p02_0053_0005" 4800
"/Engine/EngineMaterials/Substrate/GLints/dict_16_192_64_0p5_0p02_0053_0006" 4801
"/Engine/EngineMaterials/Substrate/GLints/dict_16_192_64_0p5_0p02_0053_0007" 4802
"/Engine/EngineMaterials/Substrate/GLints/dict_16_192_64_0p5_0p02_0053_0009" 4803
"/Engine/EngineMaterials/Substrate/GLints/dict_16_192_64_0p5_0p02_0053_0010" 4804
"/Engine/EngineMaterials/Substrate/GLints/dict_16_192_64_0p5_0p02_0053_0011" 4805
"../../../Engine/Content/EngineMaterials/Substrate/GLints/dict_16_192_64_0p5_0p02_0053_0001.uasset" 4806
"../../../Engine/Content/EngineMaterials/Substrate/GLints/dict_16_192_64_0p5_0p02_0053_0008.uasset" 4807
"/Engine/EngineMaterials/Substrate/GLints/dict_16_192_64_0p5_0p02_0053_0012" 4808
"/Engine/EngineMaterials/Substrate/GLints/dict_16_192_64_0p5_0p02_0053_0013" 4809
"/Engine/EngineMaterials/Substrate/GLints/dict_16_192_64_0p5_0p02_0053_0014" 4810
"/Engine/EngineMaterials/Substrate/GLints/dict_16_192_64_0p5_0p02_0054_0000" 4811
"/Engine/EngineMaterials/Substrate/GLints/dict_16_192_64_0p5_0p02_0053_0001" 4812
"/Engine/EngineMaterials/Substrate/GLints/dict_16_192_64_0p5_0p02_0053_0008" 4813
"../../../Engine/Content/EngineMaterials/Substrate/GLints/dict_16_192_64_0p5_0p02_0053_0002.uasset" 4814
"../../../Engine/Content/EngineMaterials/Substrate/GLints/dict_16_192_64_0p5_0p02_0053_0003.uasset" 4815
"../../../Engine/Content/EngineMaterials/Substrate/GLints/dict_16_192_64_0p5_0p02_0052_0013.uasset" 4816
"../../../Engine/Content/EngineMaterials/Substrate/GLints/dict_16_192_64_0p5_0p02_0052_0014.uasset" 4817
"../../../Engine/Content/EngineMaterials/Substrate/GLints/dict_16_192_64_0p5_0p02_0052_0011.uasset" 4818
"../../../Engine/Content/EngineMaterials/Substrate/GLints/dict_16_192_64_0p5_0p02_0053_0004.uasset" 4819
"../../../Engine/Content/EngineMaterials/Substrate/GLints/dict_16_192_64_0p5_0p02_0053_0000.uasset" 4820
"../../../Engine/Content/EngineMaterials/Substrate/GLints/dict_16_192_64_0p5_0p02_0052_0015.uasset" 4821
"../../../Engine/Content/EngineMaterials/Substrate/GLints/dict_16_192_64_0p5_0p02_0052_0012.uasset" 4822
"../../../Engine/Content/EngineMaterials/Substrate/GLints/dict_16_192_64_0p5_0p02_0052_0006.uasset" 4823
"../../../Engine/Content/EngineMaterials/Substrate/GLints/dict_16_192_64_0p5_0p02_0052_0008.uasset" 4824
"../../../Engine/Content/EngineMaterials/Substrate/GLints/dict_16_192_64_0p5_0p02_0052_0007.uasset" 4825
"../../../Engine/Content/EngineMaterials/Substrate/GLints/dict_16_192_64_0p5_0p02_0052_0009.uasset" 4826
"/Engine/EngineMaterials/Substrate/GLints/dict_16_192_64_0p5_0p02_0052_0006" 4827
"../../../Engine/Content/EngineMaterials/Substrate/GLints/dict_16_192_64_0p5_0p02_0052_0005.uasset" 4828
"/Engine/EngineMaterials/Substrate/GLints/dict_16_192_64_0p5_0p02_0052_0007" 4829
"../../../Engine/Content/EngineMaterials/Substrate/GLints/dict_16_192_64_0p5_0p02_0052_0010.uasset" 4830
"/Engine/EngineMaterials/Substrate/GLints/dict_16_192_64_0p5_0p02_0052_0008" 4831
"/Engine/EngineMaterials/Substrate/GLints/dict_16_192_64_0p5_0p02_0052_0009" 4832
"/Engine/EngineMaterials/Substrate/GLints/dict_16_192_64_0p5_0p02_0052_0011" 4833
"/Engine/EngineMaterials/Substrate/GLints/dict_16_192_64_0p5_0p02_0052_0012" 4834
"/Engine/EngineMaterials/Substrate/GLints/dict_16_192_64_0p5_0p02_0052_0013" 4835
"/Engine/EngineMaterials/Substrate/GLints/dict_16_192_64_0p5_0p02_0052_0014" 4836
"/Engine/EngineMaterials/Substrate/GLints/dict_16_192_64_0p5_0p02_0052_0015" 4837
"/Engine/EngineMaterials/Substrate/GLints/dict_16_192_64_0p5_0p02_0053_0000" 4838
"../../../Engine/Content/EngineMaterials/Substrate/GLints/dict_16_192_64_0p5_0p02_0052_0004.uasset" 4839
"/Engine/EngineMaterials/Substrate/GLints/dict_16_192_64_0p5_0p02_0053_0002" 4840
"/Engine/EngineMaterials/Substrate/GLints/dict_16_192_64_0p5_0p02_0053_0003" 4841
"/Engine/EngineMaterials/Substrate/GLints/dict_16_192_64_0p5_0p02_0053_0004" 4842
"/Engine/EngineMaterials/Substrate/GLints/dict_16_192_64_0p5_0p02_0052_0004" 4843
"/Engine/EngineMaterials/Substrate/GLints/dict_16_192_64_0p5_0p02_0052_0005" 4844
"/Engine/EngineMaterials/Substrate/GLints/dict_16_192_64_0p5_0p02_0052_0010" 4845
"../../../Engine/Content/EngineMaterials/Substrate/GLints/dict_16_192_64_0p5_0p02_0052_0003.uasset" 4846
"../../../Engine/Content/EngineMaterials/Substrate/GLints/dict_16_192_64_0p5_0p02_0052_0002.uasset" 4847
"/Engine/EngineMaterials/Substrate/GLints/dict_16_192_64_0p5_0p02_0052_0002" 4848
"/Engine/EngineMaterials/Substrate/GLints/dict_16_192_64_0p5_0p02_0052_0003" 4849
"../../../Engine/Content/EngineMaterials/Substrate/GLints/dict_16_192_64_0p5_0p02_0052_0000.uasset" 4850
"/Engine/EngineMaterials/Substrate/GLints/dict_16_192_64_0p5_0p02_0052_0000" 4851
"../../../Engine/Content/EngineMaterials/Substrate/GLints/dict_16_192_64_0p5_0p02_0051_0013.uasset" 4852
"../../../Engine/Content/EngineMaterials/Substrate/GLints/dict_16_192_64_0p5_0p02_0051_0012.uasset" 4853
"../../../Engine/Content/EngineMaterials/Substrate/GLints/dict_16_192_64_0p5_0p02_0051_0011.uasset" 4854
"../../../Engine/Content/EngineMaterials/Substrate/GLints/dict_16_192_64_0p5_0p02_0052_0001.uasset" 4855
"/Engine/EngineMaterials/Substrate/GLints/dict_16_192_64_0p5_0p02_0051_0011" 4856
"/Engine/EngineMaterials/Substrate/GLints/dict_16_192_64_0p5_0p02_0051_0012" 4857
"/Engine/EngineMaterials/Substrate/GLints/dict_16_192_64_0p5_0p02_0051_0013" 4858
"/Engine/EngineMaterials/Substrate/GLints/dict_16_192_64_0p5_0p02_0052_0001" 4859
"../../../Engine/Content/EngineMaterials/Substrate/GLints/dict_16_192_64_0p5_0p02_0051_0008.uasset" 4860
"../../../Engine/Content/EngineMaterials/Substrate/GLints/dict_16_192_64_0p5_0p02_0051_0009.uasset" 4861
"../../../Engine/Content/EngineMaterials/Substrate/GLints/dict_16_192_64_0p5_0p02_0051_0010.uasset" 4862
"../../../Engine/Content/EngineMaterials/Substrate/GLints/dict_16_192_64_0p5_0p02_0051_0006.uasset" 4863
"../../../Engine/Content/EngineMaterials/Substrate/GLints/dict_16_192_64_0p5_0p02_0051_0015.uasset" 4864
"../../../Engine/Content/EngineMaterials/Substrate/GLints/dict_16_192_64_0p5_0p02_0051_0007.uasset" 4865
"../../../Engine/Content/EngineMaterials/Substrate/GLints/dict_16_192_64_0p5_0p02_0051_0014.uasset" 4866
"../../../Engine/Content/EngineMaterials/Substrate/GLints/dict_16_192_64_0p5_0p02_0051_0005.uasset" 4867
"../../../Engine/Content/EngineMaterials/Substrate/GLints/dict_16_192_64_0p5_0p02_0051_0003.uasset" 4868
"../../../Engine/Content/EngineMaterials/Substrate/GLints/dict_16_192_64_0p5_0p02_0050_0014.uasset" 4869
"../../../Engine/Content/EngineMaterials/Substrate/GLints/dict_16_192_64_0p5_0p02_0051_0002.uasset" 4870
"../../../Engine/Content/EngineMaterials/Substrate/GLints/dict_16_192_64_0p5_0p02_0050_0015.uasset" 4871
"../../../Engine/Content/EngineMaterials/Substrate/GLints/dict_16_192_64_0p5_0p02_0050_0013.uasset" 4872
"../../../Engine/Content/EngineMaterials/Substrate/GLints/dict_16_192_64_0p5_0p02_0050_0012.uasset" 4873
"/Engine/EngineMaterials/Substrate/GLints/dict_16_192_64_0p5_0p02_0050_0014" 4874
"/Engine/EngineMaterials/Substrate/GLints/dict_16_192_64_0p5_0p02_0050_0015" 4875
"/Engine/EngineMaterials/Substrate/GLints/dict_16_192_64_0p5_0p02_0051_0002" 4876
"/Engine/EngineMaterials/Substrate/GLints/dict_16_192_64_0p5_0p02_0051_0003" 4877
"/Engine/EngineMaterials/Substrate/GLints/dict_16_192_64_0p5_0p02_0051_0006" 4878
"/Engine/EngineMaterials/Substrate/GLints/dict_16_192_64_0p5_0p02_0051_0007" 4879
"/Engine/EngineMaterials/Substrate/GLints/dict_16_192_64_0p5_0p02_0051_0008" 4880
"/Engine/EngineMaterials/Substrate/GLints/dict_16_192_64_0p5_0p02_0051_0005" 4881
"/Engine/EngineMaterials/Substrate/GLints/dict_16_192_64_0p5_0p02_0051_0009" 4882
"/Engine/EngineMaterials/Substrate/GLints/dict_16_192_64_0p5_0p02_0051_0010" 4883
"/Engine/EngineMaterials/Substrate/GLints/dict_16_192_64_0p5_0p02_0051_0014" 4884
"/Engine/EngineMaterials/Substrate/GLints/dict_16_192_64_0p5_0p02_0051_0015" 4885
"/Engine/EngineMaterials/Substrate/GLints/dict_16_192_64_0p5_0p02_0050_0012" 4886
"/Engine/EngineMaterials/Substrate/GLints/dict_16_192_64_0p5_0p02_0050_0013" 4887
"../../../Engine/Content/EngineMaterials/Substrate/GLints/dict_16_192_64_0p5_0p02_0050_0011.uasset" 4888
"../../../Engine/Content/EngineMaterials/Substrate/GLints/dict_16_192_64_0p5_0p02_0050_0010.uasset" 4889
"../../../Engine/Content/EngineMaterials/Substrate/GLints/dict_16_192_64_0p5_0p02_0050_0008.uasset" 4890
"../../../Engine/Content/EngineMaterials/Substrate/GLints/dict_16_192_64_0p5_0p02_0050_0009.uasset" 4891
"../../../Engine/Content/EngineMaterials/Substrate/GLints/dict_16_192_64_0p5_0p02_0050_0005.uasset" 4892
"../../../Engine/Content/EngineMaterials/Substrate/GLints/dict_16_192_64_0p5_0p02_0050_0003.uasset" 4893
"../../../Engine/Content/EngineMaterials/Substrate/GLints/dict_16_192_64_0p5_0p02_0050_0004.uasset" 4894
"../../../Engine/Content/EngineMaterials/Substrate/GLints/dict_16_192_64_0p5_0p02_0050_0001.uasset" 4895
"../../../Engine/Content/EngineMaterials/Substrate/GLints/dict_16_192_64_0p5_0p02_0050_0007.uasset" 4896
"/Engine/EngineMaterials/Substrate/GLints/dict_16_192_64_0p5_0p02_0050_0003" 4897
"../../../Engine/Content/EngineMaterials/Substrate/GLints/dict_16_192_64_0p5_0p02_0051_0001.uasset" 4898
"../../../Engine/Content/EngineMaterials/Substrate/GLints/dict_16_192_64_0p5_0p02_0051_0000.uasset" 4899
"/Engine/EngineMaterials/Substrate/GLints/dict_16_192_64_0p5_0p02_0050_0004" 4900
"/Engine/EngineMaterials/Substrate/GLints/dict_16_192_64_0p5_0p02_0050_0005" 4901
"/Engine/EngineMaterials/Substrate/GLints/dict_16_192_64_0p5_0p02_0050_0007" 4902
"/Engine/EngineMaterials/Substrate/GLints/dict_16_192_64_0p5_0p02_0050_0008" 4903
"../../../Engine/Content/EngineMaterials/Substrate/GLints/dict_16_192_64_0p5_0p02_0050_0000.uasset" 4904
"/Engine/EngineMaterials/Substrate/GLints/dict_16_192_64_0p5_0p02_0050_0009" 4905
"../../../Engine/Content/EngineMaterials/Substrate/GLints/dict_16_192_64_0p5_0p02_0049_0015.uasset" 4906
"/Engine/EngineMaterials/Substrate/GLints/dict_16_192_64_0p5_0p02_0050_0010" 4907
"../../../Engine/Content/EngineMaterials/Substrate/GLints/dict_16_192_64_0p5_0p02_0049_0013.uasset" 4908
"/Engine/EngineMaterials/Substrate/GLints/dict_16_192_64_0p5_0p02_0050_0011" 4909
"/Engine/EngineMaterials/Substrate/GLints/dict_16_192_64_0p5_0p02_0050_0001" 4910
"../../../Engine/Content/EngineMaterials/Substrate/GLints/dict_16_192_64_0p5_0p02_0049_0012.uasset" 4911
"/Engine/EngineMaterials/Substrate/GLints/dict_16_192_64_0p5_0p02_0051_0000" 4912
"../../../Engine/Content/EngineMaterials/Substrate/GLints/dict_16_192_64_0p5_0p02_0049_0014.uasset" 4913
"/Engine/EngineMaterials/Substrate/GLints/dict_16_192_64_0p5_0p02_0051_0001" 4914
"/Engine/EngineMaterials/Substrate/GLints/dict_16_192_64_0p5_0p02_0049_0013" 4915
"/Engine/EngineMaterials/Substrate/GLints/dict_16_192_64_0p5_0p02_0049_0015" 4916
"/Engine/EngineMaterials/Substrate/GLints/dict_16_192_64_0p5_0p02_0049_0012" 4917
"/Engine/EngineMaterials/Substrate/GLints/dict_16_192_64_0p5_0p02_0050_0000" 4918
"../../../Engine/Content/EngineMaterials/Substrate/GLints/dict_16_192_64_0p5_0p02_0050_0006.uasset" 4919
"/Engine/EngineMaterials/Substrate/GLints/dict_16_192_64_0p5_0p02_0049_0014" 4920
"/Engine/EngineMaterials/Substrate/GLints/dict_16_192_64_0p5_0p02_0050_0006" 4921
"../../../Engine/Content/EngineMaterials/Substrate/GLints/dict_16_192_64_0p5_0p02_0049_0011.uasset" 4922
"../../../Engine/Content/EngineMaterials/Substrate/GLints/dict_16_192_64_0p5_0p02_0049_0009.uasset" 4923
"../../../Engine/Content/EngineMaterials/Substrate/GLints/dict_16_192_64_0p5_0p02_0049_0008.uasset" 4924
"../../../Engine/Content/EngineMaterials/Substrate/GLints/dict_16_192_64_0p5_0p02_0049_0007.uasset" 4925
"../../../Engine/Content/EngineMaterials/Substrate/GLints/dict_16_192_64_0p5_0p02_0050_0002.uasset" 4926
"../../../Engine/Content/EngineMaterials/Substrate/GLints/dict_16_192_64_0p5_0p02_0049_0005.uasset" 4927
"../../../Engine/Content/EngineMaterials/Substrate/GLints/dict_16_192_64_0p5_0p02_0049_0006.uasset" 4928
"../../../Engine/Content/EngineMaterials/Substrate/GLints/dict_16_192_64_0p5_0p02_0049_0004.uasset" 4929
"../../../Engine/Content/EngineMaterials/Substrate/GLints/dict_16_192_64_0p5_0p02_0049_0001.uasset" 4930
"../../../Engine/Content/EngineMaterials/Substrate/GLints/dict_16_192_64_0p5_0p02_0048_0014.uasset" 4931
"/Engine/EngineMaterials/Substrate/GLints/dict_16_192_64_0p5_0p02_0050_0002" 4932
"/Engine/EngineMaterials/Substrate/GLints/dict_16_192_64_0p5_0p02_0049_0001" 4933
"../../../Engine/Content/EngineMaterials/Substrate/GLints/dict_16_192_64_0p5_0p02_0048_0013.uasset" 4934
"/Engine/EngineMaterials/Substrate/GLints/dict_16_192_64_0p5_0p02_0049_0004" 4935
"/Engine/EngineMaterials/Substrate/GLints/dict_16_192_64_0p5_0p02_0049_0005" 4936
"/Engine/EngineMaterials/Substrate/GLints/dict_16_192_64_0p5_0p02_0049_0006" 4937
"/Engine/EngineMaterials/Substrate/GLints/dict_16_192_64_0p5_0p02_0049_0007" 4938
"/Engine/EngineMaterials/Substrate/GLints/dict_16_192_64_0p5_0p02_0049_0008" 4939
"/Engine/EngineMaterials/Substrate/GLints/dict_16_192_64_0p5_0p02_0049_0009" 4940
"/Engine/EngineMaterials/Substrate/GLints/dict_16_192_64_0p5_0p02_0049_0011" 4941
"/Engine/EngineMaterials/Substrate/GLints/dict_16_192_64_0p5_0p02_0048_0013" 4942
"/Engine/EngineMaterials/Substrate/GLints/dict_16_192_64_0p5_0p02_0048_0014" 4943
"../../../Engine/Content/EngineMaterials/Substrate/GLints/dict_16_192_64_0p5_0p02_0048_0012.uasset" 4944
"../../../Engine/Content/EngineMaterials/Substrate/GLints/dict_16_192_64_0p5_0p02_0048_0011.uasset" 4945
"../../../Engine/Content/EngineMaterials/Substrate/GLints/dict_16_192_64_0p5_0p02_0049_0002.uasset" 4946
"../../../Engine/Content/EngineMaterials/Substrate/GLints/dict_16_192_64_0p5_0p02_0048_0010.uasset" 4947
"../../../Engine/Content/EngineMaterials/Substrate/GLints/dict_16_192_64_0p5_0p02_0048_0009.uasset" 4948
"../../../Engine/Content/EngineMaterials/Substrate/GLints/dict_16_192_64_0p5_0p02_0049_0010.uasset" 4949
"../../../Engine/Content/EngineMaterials/Substrate/GLints/dict_16_192_64_0p5_0p02_0048_0015.uasset" 4950
"../../../Engine/Content/EngineMaterials/Substrate/GLints/dict_16_192_64_0p5_0p02_0049_0000.uasset" 4951
"../../../Engine/Content/EngineMaterials/Substrate/GLints/dict_16_192_64_0p5_0p02_0048_0007.uasset" 4952
"../../../Engine/Content/EngineMaterials/Substrate/GLints/dict_16_192_64_0p5_0p02_0048_0008.uasset" 4953
"../../../Engine/Content/EngineMaterials/Substrate/GLints/dict_16_192_64_0p5_0p02_0048_0005.uasset" 4954
"../../../Engine/Content/EngineMaterials/Substrate/GLints/dict_16_192_64_0p5_0p02_0048_0006.uasset" 4955
"../../../Engine/Content/EngineMaterials/Substrate/GLints/dict_16_192_64_0p5_0p02_0048_0004.uasset" 4956
"/Engine/EngineMaterials/Substrate/GLints/dict_16_192_64_0p5_0p02_0048_0006" 4957
"/Engine/EngineMaterials/Substrate/GLints/dict_16_192_64_0p5_0p02_0048_0007" 4958
"/Engine/EngineMaterials/Substrate/GLints/dict_16_192_64_0p5_0p02_0048_0008" 4959
"/Engine/EngineMaterials/Substrate/GLints/dict_16_192_64_0p5_0p02_0048_0009" 4960
"/Engine/EngineMaterials/Substrate/GLints/dict_16_192_64_0p5_0p02_0048_0010" 4961
"/Engine/EngineMaterials/Substrate/GLints/dict_16_192_64_0p5_0p02_0048_0011" 4962
"/Engine/EngineMaterials/Substrate/GLints/dict_16_192_64_0p5_0p02_0048_0012" 4963
"/Engine/EngineMaterials/Substrate/GLints/dict_16_192_64_0p5_0p02_0048_0015" 4964
"/Engine/EngineMaterials/Substrate/GLints/dict_16_192_64_0p5_0p02_0049_0000" 4965
"/Engine/EngineMaterials/Substrate/GLints/dict_16_192_64_0p5_0p02_0049_0002" 4966
"/Engine/EngineMaterials/Substrate/GLints/dict_16_192_64_0p5_0p02_0049_0010" 4967
"../../../Engine/Content/EngineMaterials/Substrate/GLints/dict_16_192_64_0p5_0p02_0051_0004.uasset" 4968
"/Engine/EngineMaterials/Substrate/GLints/dict_16_192_64_0p5_0p02_0048_0004" 4969
"/Engine/EngineMaterials/Substrate/GLints/dict_16_192_64_0p5_0p02_0048_0005" 4970
"../../../Engine/Content/EngineMaterials/Substrate/GLints/dict_16_192_64_0p5_0p02_0047_0014.uasset" 4971
"../../../Engine/Content/EngineMaterials/Substrate/GLints/dict_16_192_64_0p5_0p02_0049_0003.uasset" 4972
"../../../Engine/Content/EngineMaterials/Substrate/GLints/dict_16_192_64_0p5_0p02_0048_0000.uasset" 4973
"/Engine/EngineMaterials/Substrate/GLints/dict_16_192_64_0p5_0p02_0047_0014" 4974
"/Engine/EngineMaterials/Substrate/GLints/dict_16_192_64_0p5_0p02_0051_0004" 4975
"/Engine/EngineMaterials/Substrate/GLints/dict_16_192_64_0p5_0p02_0049_0003" 4976
"../../../Engine/Content/EngineMaterials/Substrate/GLints/dict_16_192_64_0p5_0p02_0047_0012.uasset" 4977
"/Engine/EngineMaterials/Substrate/GLints/dict_16_192_64_0p5_0p02_0048_0000" 4978
"/Engine/EngineMaterials/Substrate/GLints/dict_16_192_64_0p5_0p02_0047_0012" 4979
"../../../Engine/Content/EngineMaterials/Substrate/GLints/dict_16_192_64_0p5_0p02_0047_0013.uasset" 4980
"../../../Engine/Content/EngineMaterials/Substrate/GLints/dict_16_192_64_0p5_0p02_0048_0001.uasset" 4981
"../../../Engine/Content/EngineMaterials/Substrate/GLints/dict_16_192_64_0p5_0p02_0047_0010.uasset" 4982
"../../../Engine/Content/EngineMaterials/Substrate/GLints/dict_16_192_64_0p5_0p02_0047_0008.uasset" 4983
"../../../Engine/Content/EngineMaterials/Substrate/GLints/dict_16_192_64_0p5_0p02_0047_0006.uasset" 4984
"../../../Engine/Content/EngineMaterials/Substrate/GLints/dict_16_192_64_0p5_0p02_0047_0009.uasset" 4985
"../../../Engine/Content/EngineMaterials/Substrate/GLints/dict_16_192_64_0p5_0p02_0048_0002.uasset" 4986
"../../../Engine/Content/EngineMaterials/Substrate/GLints/dict_16_192_64_0p5_0p02_0047_0015.uasset" 4987
"../../../Engine/Content/EngineMaterials/Substrate/GLints/dict_16_192_64_0p5_0p02_0047_0007.uasset" 4988
"/Engine/EngineMaterials/Substrate/GLints/dict_16_192_64_0p5_0p02_0047_0006" 4989
"/Engine/EngineMaterials/Substrate/GLints/dict_16_192_64_0p5_0p02_0048_0001" 4990
"/Engine/EngineMaterials/Substrate/GLints/dict_16_192_64_0p5_0p02_0047_0007" 4991
"/Engine/EngineMaterials/Substrate/GLints/dict_16_192_64_0p5_0p02_0047_0008" 4992
"/Engine/EngineMaterials/Substrate/GLints/dict_16_192_64_0p5_0p02_0047_0009" 4993
"../../../Engine/Content/EngineMaterials/Substrate/GLints/dict_16_192_64_0p5_0p02_0047_0004.uasset" 4994
"/Engine/EngineMaterials/Substrate/GLints/dict_16_192_64_0p5_0p02_0047_0010" 4995
"../../../Engine/Content/EngineMaterials/Substrate/GLints/dict_16_192_64_0p5_0p02_0047_0003.uasset" 4996
"/Engine/EngineMaterials/Substrate/GLints/dict_16_192_64_0p5_0p02_0048_0002" 4997
"../../../Engine/Content/EngineMaterials/Substrate/GLints/dict_16_192_64_0p5_0p02_0047_0001.uasset" 4998
"/Engine/EngineMaterials/Substrate/GLints/dict_16_192_64_0p5_0p02_0047_0015" 4999
"/Engine/EngineMaterials/Substrate/GLints/dict_16_192_64_0p5_0p02_0047_0013" 5000
"/Engine/EngineMaterials/Substrate/GLints/dict_16_192_64_0p5_0p02_0047_0003" 5001
"/Engine/EngineMaterials/Substrate/GLints/dict_16_192_64_0p5_0p02_0047_0004" 5002
"/Engine/EngineMaterials/Substrate/GLints/dict_16_192_64_0p5_0p02_0047_0001" 5003
"../../../Engine/Content/EngineMaterials/Substrate/GLints/dict_16_192_64_0p5_0p02_0047_0002.uasset" 5004
"../../../Engine/Content/EngineMaterials/Substrate/GLints/dict_16_192_64_0p5_0p02_0048_0003.uasset" 5005
"../../../Engine/Content/EngineMaterials/Substrate/GLints/dict_16_192_64_0p5_0p02_0047_0011.uasset" 5006
"../../../Engine/Content/EngineMaterials/Substrate/GLints/dict_16_192_64_0p5_0p02_0047_0000.uasset" 5007
"../../../Engine/Content/EngineMaterials/Substrate/GLints/dict_16_192_64_0p5_0p02_0047_0005.uasset" 5008
"../../../Engine/Content/EngineMaterials/Substrate/GLints/dict_16_192_64_0p5_0p02_0046_0012.uasset" 5009
"../../../Engine/Content/EngineMaterials/Substrate/GLints/dict_16_192_64_0p5_0p02_0046_0013.uasset" 5010
"../../../Engine/Content/EngineMaterials/Substrate/GLints/dict_16_192_64_0p5_0p02_0046_0010.uasset" 5011
"/Engine/EngineMaterials/Substrate/GLints/dict_16_192_64_0p5_0p02_0047_0005" 5012
"../../../Engine/Content/EngineMaterials/Substrate/GLints/dict_16_192_64_0p5_0p02_0046_0005.uasset" 5013
"../../../Engine/Content/EngineMaterials/Substrate/GLints/dict_16_192_64_0p5_0p02_0046_0007.uasset" 5014
"/Engine/EngineMaterials/Substrate/GLints/dict_16_192_64_0p5_0p02_0046_0010" 5015
"/Engine/EngineMaterials/Substrate/GLints/dict_16_192_64_0p5_0p02_0046_0012" 5016
"/Engine/EngineMaterials/Substrate/GLints/dict_16_192_64_0p5_0p02_0046_0013" 5017
"../../../Engine/Content/EngineMaterials/Substrate/GLints/dict_16_192_64_0p5_0p02_0046_0004.uasset" 5018
"/Engine/EngineMaterials/Substrate/GLints/dict_16_192_64_0p5_0p02_0047_0011" 5019
"/Engine/EngineMaterials/Substrate/GLints/dict_16_192_64_0p5_0p02_0047_0000" 5020
"/Engine/EngineMaterials/Substrate/GLints/dict_16_192_64_0p5_0p02_0048_0003" 5021
"/Engine/EngineMaterials/Substrate/GLints/dict_16_192_64_0p5_0p02_0047_0002" 5022
"/Engine/EngineMaterials/Substrate/GLints/dict_16_192_64_0p5_0p02_0046_0007" 5023
"../../../Engine/Content/EngineMaterials/Substrate/GLints/dict_16_192_64_0p5_0p02_0046_0006.uasset" 5024
"/Engine/EngineMaterials/Substrate/GLints/dict_16_192_64_0p5_0p02_0046_0004" 5025
"/Engine/EngineMaterials/Substrate/GLints/dict_16_192_64_0p5_0p02_0046_0005" 5026
"../../../Engine/Content/EngineMaterials/Substrate/GLints/dict_16_192_64_0p5_0p02_0046_0009.uasset" 5027
"/Engine/EngineMaterials/Substrate/GLints/dict_16_192_64_0p5_0p02_0046_0006" 5028
"/Engine/EngineMaterials/Substrate/GLints/dict_16_192_64_0p5_0p02_0046_0009" 5029
"../../../Engine/Content/EngineMaterials/Substrate/GLints/dict_16_192_64_0p5_0p02_0046_0015.uasset" 5030
"../../../Engine/Content/EngineMaterials/Substrate/GLints/dict_16_192_64_0p5_0p02_0046_0003.uasset" 5031
"../../../Engine/Content/EngineMaterials/Substrate/GLints/dict_16_192_64_0p5_0p02_0046_0014.uasset" 5032
"../../../Engine/Content/EngineMaterials/Substrate/GLints/dict_16_192_64_0p5_0p02_0046_0011.uasset" 5033
"../../../Engine/Content/EngineMaterials/Substrate/GLints/dict_16_192_64_0p5_0p02_0046_0002.uasset" 5034
"../../../Engine/Content/EngineMaterials/Substrate/GLints/dict_16_192_64_0p5_0p02_0046_0000.uasset" 5035
"../../../Engine/Content/EngineMaterials/Substrate/GLints/dict_16_192_64_0p5_0p02_0045_0012.uasset" 5036
"../../../Engine/Content/EngineMaterials/Substrate/GLints/dict_16_192_64_0p5_0p02_0045_0013.uasset" 5037
"/Engine/EngineMaterials/Substrate/GLints/dict_16_192_64_0p5_0p02_0046_0011" 5038
"../../../Engine/Content/EngineMaterials/Substrate/GLints/dict_16_192_64_0p5_0p02_0045_0009.uasset" 5039
"../../../Engine/Content/EngineMaterials/Substrate/GLints/dict_16_192_64_0p5_0p02_0045_0011.uasset" 5040
"../../../Engine/Content/EngineMaterials/Substrate/GLints/dict_16_192_64_0p5_0p02_0046_0008.uasset" 5041
"../../../Engine/Content/EngineMaterials/Substrate/GLints/dict_16_192_64_0p5_0p02_0045_0008.uasset" 5042
"/Engine/EngineMaterials/Substrate/GLints/dict_16_192_64_0p5_0p02_0046_0003" 5043
"/Engine/EngineMaterials/Substrate/GLints/dict_16_192_64_0p5_0p02_0046_0014" 5044
"/Engine/EngineMaterials/Substrate/GLints/dict_16_192_64_0p5_0p02_0046_0015" 5045
"/Engine/EngineMaterials/Substrate/GLints/dict_16_192_64_0p5_0p02_0045_0012" 5046
"/Engine/EngineMaterials/Substrate/GLints/dict_16_192_64_0p5_0p02_0046_0002" 5047
"/Engine/EngineMaterials/Substrate/GLints/dict_16_192_64_0p5_0p02_0046_0000" 5048
"/Engine/EngineMaterials/Substrate/GLints/dict_16_192_64_0p5_0p02_0046_0008" 5049
"/Engine/EngineMaterials/Substrate/GLints/dict_16_192_64_0p5_0p02_0045_0008" 5050
"../../../Engine/Content/EngineMaterials/Substrate/GLints/dict_16_192_64_0p5_0p02_0045_0014.uasset" 5051
"/Engine/EngineMaterials/Substrate/GLints/dict_16_192_64_0p5_0p02_0045_0009" 5052
"/Engine/EngineMaterials/Substrate/GLints/dict_16_192_64_0p5_0p02_0045_0011" 5053
"/Engine/EngineMaterials/Substrate/GLints/dict_16_192_64_0p5_0p02_0045_0013" 5054
"../../../Engine/Content/EngineMaterials/Substrate/GLints/dict_16_192_64_0p5_0p02_0045_0007.uasset" 5055
"/Engine/EngineMaterials/Substrate/GLints/dict_16_192_64_0p5_0p02_0045_0014" 5056
"../../../Engine/Content/EngineMaterials/Substrate/GLints/dict_16_192_64_0p5_0p02_0045_0010.uasset" 5057
"/Engine/EngineMaterials/Substrate/GLints/dict_16_192_64_0p5_0p02_0045_0010" 5058
"../../../Engine/Content/EngineMaterials/Substrate/GLints/dict_16_192_64_0p5_0p02_0045_0006.uasset" 5059
"../../../Engine/Content/EngineMaterials/Substrate/GLints/dict_16_192_64_0p5_0p02_0045_0005.uasset" 5060
"/Engine/EngineMaterials/Substrate/GLints/dict_16_192_64_0p5_0p02_0045_0007" 5061
"../../../Engine/Content/EngineMaterials/Substrate/GLints/dict_16_192_64_0p5_0p02_0045_0002.uasset" 5062
"/Engine/EngineMaterials/Substrate/GLints/dict_16_192_64_0p5_0p02_0045_0005" 5063
"/Engine/EngineMaterials/Substrate/GLints/dict_16_192_64_0p5_0p02_0045_0006" 5064
"/Engine/EngineMaterials/Substrate/GLints/dict_16_192_64_0p5_0p02_0045_0002" 5065
"../../../Engine/Content/EngineMaterials/Substrate/GLints/dict_16_192_64_0p5_0p02_0046_0001.uasset" 5066
"../../../Engine/Content/EngineMaterials/Substrate/GLints/dict_16_192_64_0p5_0p02_0045_0003.uasset" 5067
"../../../Engine/Content/EngineMaterials/Substrate/GLints/dict_16_192_64_0p5_0p02_0045_0015.uasset" 5068
"../../../Engine/Content/EngineMaterials/Substrate/GLints/dict_16_192_64_0p5_0p02_0044_0013.uasset" 5069
"../../../Engine/Content/EngineMaterials/Substrate/GLints/dict_16_192_64_0p5_0p02_0044_0014.uasset" 5070
"../../../Engine/Content/EngineMaterials/Substrate/GLints/dict_16_192_64_0p5_0p02_0045_0004.uasset" 5071
"../../../Engine/Content/EngineMaterials/Substrate/GLints/dict_16_192_64_0p5_0p02_0044_0012.uasset" 5072
"../../../Engine/Content/EngineMaterials/Substrate/GLints/dict_16_192_64_0p5_0p02_0045_0000.uasset" 5073
"/Engine/EngineMaterials/Substrate/GLints/dict_16_192_64_0p5_0p02_0044_0013" 5074
"/Engine/EngineMaterials/Substrate/GLints/dict_16_192_64_0p5_0p02_0044_0014" 5075
"/Engine/EngineMaterials/Substrate/GLints/dict_16_192_64_0p5_0p02_0045_0000" 5076
"../../../Engine/Content/EngineMaterials/Substrate/GLints/dict_16_192_64_0p5_0p02_0044_0009.uasset" 5077
"/Engine/EngineMaterials/Substrate/GLints/dict_16_192_64_0p5_0p02_0046_0001" 5078
"../../../Engine/Content/EngineMaterials/Substrate/GLints/dict_16_192_64_0p5_0p02_0044_0005.uasset" 5079
"../../../Engine/Content/EngineMaterials/Substrate/GLints/dict_16_192_64_0p5_0p02_0044_0006.uasset" 5080
"../../../Engine/Content/EngineMaterials/Substrate/GLints/dict_16_192_64_0p5_0p02_0044_0015.uasset" 5081
"/Engine/EngineMaterials/Substrate/GLints/dict_16_192_64_0p5_0p02_0044_0012" 5082
"../../../Engine/Content/EngineMaterials/Substrate/GLints/dict_16_192_64_0p5_0p02_0044_0004.uasset" 5083
"../../../Engine/Content/EngineMaterials/Substrate/GLints/dict_16_192_64_0p5_0p02_0044_0008.uasset" 5084
"/Engine/EngineMaterials/Substrate/GLints/dict_16_192_64_0p5_0p02_0045_0015" 5085
"/Engine/EngineMaterials/Substrate/GLints/dict_16_192_64_0p5_0p02_0045_0003" 5086
"../../../Engine/Content/EngineMaterials/Substrate/GLints/dict_16_192_64_0p5_0p02_0044_0011.uasset" 5087
"/Engine/EngineMaterials/Substrate/GLints/dict_16_192_64_0p5_0p02_0045_0004" 5088
"../../../Engine/Content/EngineMaterials/Substrate/GLints/dict_16_192_64_0p5_0p02_0044_0007.uasset" 5089
"/Engine/EngineMaterials/Substrate/GLints/dict_16_192_64_0p5_0p02_0044_0009" 5090
"/Engine/EngineMaterials/Substrate/GLints/dict_16_192_64_0p5_0p02_0044_0008" 5091
"/Engine/EngineMaterials/Substrate/GLints/dict_16_192_64_0p5_0p02_0044_0015" 5092
"/Engine/EngineMaterials/Substrate/GLints/dict_16_192_64_0p5_0p02_0044_0004" 5093
"/Engine/EngineMaterials/Substrate/GLints/dict_16_192_64_0p5_0p02_0044_0011" 5094
"/Engine/EngineMaterials/Substrate/GLints/dict_16_192_64_0p5_0p02_0044_0005" 5095
"/Engine/EngineMaterials/Substrate/GLints/dict_16_192_64_0p5_0p02_0044_0006" 5096
"/Engine/EngineMaterials/Substrate/GLints/dict_16_192_64_0p5_0p02_0044_0007" 5097
"../../../Engine/Content/EngineMaterials/Substrate/GLints/dict_16_192_64_0p5_0p02_0044_0001.uasset" 5098
"../../../Engine/Content/EngineMaterials/Substrate/GLints/dict_16_192_64_0p5_0p02_0043_0015.uasset" 5099
"../../../Engine/Content/EngineMaterials/Substrate/GLints/dict_16_192_64_0p5_0p02_0044_0003.uasset" 5100
"../../../Engine/Content/EngineMaterials/Substrate/GLints/dict_16_192_64_0p5_0p02_0043_0013.uasset" 5101
"../../../Engine/Content/EngineMaterials/Substrate/GLints/dict_16_192_64_0p5_0p02_0044_0002.uasset" 5102
"../../../Engine/Content/EngineMaterials/Substrate/GLints/dict_16_192_64_0p5_0p02_0043_0012.uasset" 5103
"../../../Engine/Content/EngineMaterials/Substrate/GLints/dict_16_192_64_0p5_0p02_0043_0014.uasset" 5104
"../../../Engine/Content/EngineMaterials/Substrate/GLints/dict_16_192_64_0p5_0p02_0044_0000.uasset" 5105
"../../../Engine/Content/EngineMaterials/Substrate/GLints/dict_16_192_64_0p5_0p02_0045_0001.uasset" 5106
"../../../Engine/Content/EngineMaterials/Substrate/GLints/dict_16_192_64_0p5_0p02_0044_0010.uasset" 5107
"/Engine/EngineMaterials/Substrate/GLints/dict_16_192_64_0p5_0p02_0044_0010" 5108
"../../../Engine/Content/EngineMaterials/Substrate/GLints/dict_16_192_64_0p5_0p02_0043_0011.uasset" 5109
"../../../Engine/Content/EngineMaterials/Substrate/GLints/dict_16_192_64_0p5_0p02_0043_0009.uasset" 5110
"../../../Engine/Content/EngineMaterials/Substrate/GLints/dict_16_192_64_0p5_0p02_0043_0007.uasset" 5111
"../../../Engine/Content/EngineMaterials/Substrate/GLints/dict_16_192_64_0p5_0p02_0043_0005.uasset" 5112
"../../../Engine/Content/EngineMaterials/Substrate/GLints/dict_16_192_64_0p5_0p02_0043_0006.uasset" 5113
"/Engine/EngineMaterials/Substrate/GLints/dict_16_192_64_0p5_0p02_0043_0012" 5114
"/Engine/EngineMaterials/Substrate/GLints/dict_16_192_64_0p5_0p02_0044_0001" 5115
"/Engine/EngineMaterials/Substrate/GLints/dict_16_192_64_0p5_0p02_0044_0002" 5116
"../../../Engine/Content/EngineMaterials/Substrate/GLints/dict_16_192_64_0p5_0p02_0043_0010.uasset" 5117
"../../../Engine/Content/EngineMaterials/Substrate/GLints/dict_16_192_64_0p5_0p02_0043_0008.uasset" 5118
"/Engine/EngineMaterials/Substrate/GLints/dict_16_192_64_0p5_0p02_0044_0003" 5119
"../../../Engine/Content/EngineMaterials/Substrate/GLints/dict_16_192_64_0p5_0p02_0043_0004.uasset" 5120
"/Engine/EngineMaterials/Substrate/GLints/dict_16_192_64_0p5_0p02_0043_0013" 5121
"/Engine/EngineMaterials/Substrate/GLints/dict_16_192_64_0p5_0p02_0043_0014" 5122
"/Engine/EngineMaterials/Substrate/GLints/dict_16_192_64_0p5_0p02_0043_0015" 5123
"/Engine/EngineMaterials/Substrate/GLints/dict_16_192_64_0p5_0p02_0044_0000" 5124
"/Engine/EngineMaterials/Substrate/GLints/dict_16_192_64_0p5_0p02_0045_0001" 5125
"/Engine/EngineMaterials/Substrate/GLints/dict_16_192_64_0p5_0p02_0043_0007" 5126
"/Engine/EngineMaterials/Substrate/GLints/dict_16_192_64_0p5_0p02_0043_0009" 5127
"/Engine/EngineMaterials/Substrate/GLints/dict_16_192_64_0p5_0p02_0043_0006" 5128
"/Engine/EngineMaterials/Substrate/GLints/dict_16_192_64_0p5_0p02_0043_0011" 5129
"/Engine/EngineMaterials/Substrate/GLints/dict_16_192_64_0p5_0p02_0043_0004" 5130
"/Engine/EngineMaterials/Substrate/GLints/dict_16_192_64_0p5_0p02_0043_0008" 5131
"/Engine/EngineMaterials/Substrate/GLints/dict_16_192_64_0p5_0p02_0043_0010" 5132
"/Engine/EngineMaterials/Substrate/GLints/dict_16_192_64_0p5_0p02_0043_0005" 5133
"../../../Engine/Content/EngineMaterials/Substrate/GLints/dict_16_192_64_0p5_0p02_0043_0002.uasset" 5134
"../../../Engine/Content/EngineMaterials/Substrate/GLints/dict_16_192_64_0p5_0p02_0042_0013.uasset" 5135
"../../../Engine/Content/EngineMaterials/Substrate/GLints/dict_16_192_64_0p5_0p02_0043_0000.uasset" 5136
"../../../Engine/Content/EngineMaterials/Substrate/GLints/dict_16_192_64_0p5_0p02_0043_0001.uasset" 5137
"../../../Engine/Content/EngineMaterials/Substrate/GLints/dict_16_192_64_0p5_0p02_0042_0012.uasset" 5138
"../../../Engine/Content/EngineMaterials/Substrate/GLints/dict_16_192_64_0p5_0p02_0043_0003.uasset" 5139
"../../../Engine/Content/EngineMaterials/Substrate/GLints/dict_16_192_64_0p5_0p02_0042_0014.uasset" 5140
"/Engine/EngineMaterials/Substrate/GLints/dict_16_192_64_0p5_0p02_0042_0014" 5141
"../../../Engine/Content/EngineMaterials/Substrate/GLints/dict_16_192_64_0p5_0p02_0042_0008.uasset" 5142
"/Engine/EngineMaterials/Substrate/GLints/dict_16_192_64_0p5_0p02_0043_0000" 5143
"/Engine/EngineMaterials/Substrate/GLints/dict_16_192_64_0p5_0p02_0043_0001" 5144
"/Engine/EngineMaterials/Substrate/GLints/dict_16_192_64_0p5_0p02_0043_0002" 5145
"/Engine/EngineMaterials/Substrate/GLints/dict_16_192_64_0p5_0p02_0042_0012" 5146
"/Engine/EngineMaterials/Substrate/GLints/dict_16_192_64_0p5_0p02_0043_0003" 5147
"/Engine/EngineMaterials/Substrate/GLints/dict_16_192_64_0p5_0p02_0042_0013" 5148
"/Engine/EngineMaterials/Substrate/GLints/dict_16_192_64_0p5_0p02_0042_0008" 5149
"../../../Engine/Content/EngineMaterials/Substrate/GLints/dict_16_192_64_0p5_0p02_0042_0003.uasset" 5150
"../../../Engine/Content/EngineMaterials/Substrate/GLints/dict_16_192_64_0p5_0p02_0042_0002.uasset" 5151
"../../../Engine/Content/EngineMaterials/Substrate/GLints/dict_16_192_64_0p5_0p02_0042_0007.uasset" 5152
"../../../Engine/Content/EngineMaterials/Substrate/GLints/dict_16_192_64_0p5_0p02_0042_0000.uasset" 5153
"../../../Engine/Content/EngineMaterials/Substrate/GLints/dict_16_192_64_0p5_0p02_0042_0010.uasset" 5154
"/Engine/EngineMaterials/Substrate/GLints/dict_16_192_64_0p5_0p02_0042_0007" 5155
"/Engine/EngineMaterials/Substrate/GLints/dict_16_192_64_0p5_0p02_0042_0000" 5156
"/Engine/EngineMaterials/Substrate/GLints/dict_16_192_64_0p5_0p02_0042_0002" 5157
"../../../Engine/Content/EngineMaterials/Substrate/GLints/dict_16_192_64_0p5_0p02_0042_0001.uasset" 5158
"../../../Engine/Content/EngineMaterials/Substrate/GLints/dict_16_192_64_0p5_0p02_0042_0004.uasset" 5159
"/Engine/EngineMaterials/Substrate/GLints/dict_16_192_64_0p5_0p02_0042_0003" 5160
"/Engine/EngineMaterials/Substrate/GLints/dict_16_192_64_0p5_0p02_0042_0001" 5161
"../../../Engine/Content/EngineMaterials/Substrate/GLints/dict_16_192_64_0p5_0p02_0042_0009.uasset" 5162
"/Engine/EngineMaterials/Substrate/GLints/dict_16_192_64_0p5_0p02_0042_0010" 5163
"../../../Engine/Content/EngineMaterials/Substrate/GLints/dict_16_192_64_0p5_0p02_0042_0015.uasset" 5164
"/Engine/EngineMaterials/Substrate/GLints/dict_16_192_64_0p5_0p02_0042_0004" 5165
"/Engine/EngineMaterials/Substrate/GLints/dict_16_192_64_0p5_0p02_0042_0009" 5166
"/Engine/EngineMaterials/Substrate/GLints/dict_16_192_64_0p5_0p02_0042_0015" 5167
"../../../Engine/Content/EngineMaterials/Substrate/GLints/dict_16_192_64_0p5_0p02_0042_0006.uasset" 5168
"../../../Engine/Content/EngineMaterials/Substrate/GLints/dict_16_192_64_0p5_0p02_0042_0005.uasset" 5169
"/Engine/EngineMaterials/Substrate/GLints/dict_16_192_64_0p5_0p02_0042_0006" 5170
"/Engine/EngineMaterials/Substrate/GLints/dict_16_192_64_0p5_0p02_0042_0005" 5171
"../../../Engine/Content/EngineMaterials/Substrate/GLints/dict_16_192_64_0p5_0p02_0042_0011.uasset" 5172
"../../../Engine/Content/EngineMaterials/Substrate/GLints/dict_16_192_64_0p5_0p02_0041_0015.uasset" 5173
"../../../Engine/Content/EngineMaterials/Substrate/GLints/dict_16_192_64_0p5_0p02_0041_0011.uasset" 5174
"../../../Engine/Content/EngineMaterials/Substrate/GLints/dict_16_192_64_0p5_0p02_0041_0005.uasset" 5175
"../../../Engine/Content/EngineMaterials/Substrate/GLints/dict_16_192_64_0p5_0p02_0041_0012.uasset" 5176
"../../../Engine/Content/EngineMaterials/Substrate/GLints/dict_16_192_64_0p5_0p02_0041_0007.uasset" 5177
"../../../Engine/Content/EngineMaterials/Substrate/GLints/dict_16_192_64_0p5_0p02_0041_0013.uasset" 5178
"../../../Engine/Content/EngineMaterials/Substrate/GLints/dict_16_192_64_0p5_0p02_0041_0008.uasset" 5179
"../../../Engine/Content/EngineMaterials/Substrate/GLints/dict_16_192_64_0p5_0p02_0041_0006.uasset" 5180
"../../../Engine/Content/EngineMaterials/Substrate/GLints/dict_16_192_64_0p5_0p02_0041_0009.uasset" 5181
"/Engine/EngineMaterials/Substrate/GLints/dict_16_192_64_0p5_0p02_0041_0012" 5182
"/Engine/EngineMaterials/Substrate/GLints/dict_16_192_64_0p5_0p02_0041_0013" 5183
"/Engine/EngineMaterials/Substrate/GLints/dict_16_192_64_0p5_0p02_0041_0015" 5184
"/Engine/EngineMaterials/Substrate/GLints/dict_16_192_64_0p5_0p02_0041_0005" 5185
"/Engine/EngineMaterials/Substrate/GLints/dict_16_192_64_0p5_0p02_0042_0011" 5186
"/Engine/EngineMaterials/Substrate/GLints/dict_16_192_64_0p5_0p02_0041_0006" 5187
"/Engine/EngineMaterials/Substrate/GLints/dict_16_192_64_0p5_0p02_0041_0007" 5188
"/Engine/EngineMaterials/Substrate/GLints/dict_16_192_64_0p5_0p02_0041_0008" 5189
"/Engine/EngineMaterials/Substrate/GLints/dict_16_192_64_0p5_0p02_0041_0009" 5190
"/Engine/EngineMaterials/Substrate/GLints/dict_16_192_64_0p5_0p02_0041_0011" 5191
"../../../Engine/Content/EngineMaterials/Substrate/GLints/dict_16_192_64_0p5_0p02_0041_0010.uasset" 5192
"../../../Engine/Content/EngineMaterials/Substrate/GLints/dict_16_192_64_0p5_0p02_0041_0003.uasset" 5193
"../../../Engine/Content/EngineMaterials/Substrate/GLints/dict_16_192_64_0p5_0p02_0041_0014.uasset" 5194
"../../../Engine/Content/EngineMaterials/Substrate/GLints/dict_16_192_64_0p5_0p02_0041_0000.uasset" 5195
"../../../Engine/Content/EngineMaterials/Substrate/GLints/dict_16_192_64_0p5_0p02_0041_0002.uasset" 5196
"../../../Engine/Content/EngineMaterials/Substrate/GLints/dict_16_192_64_0p5_0p02_0040_0014.uasset" 5197
"../../../Engine/Content/EngineMaterials/Substrate/GLints/dict_16_192_64_0p5_0p02_0040_0013.uasset" 5198
"../../../Engine/Content/EngineMaterials/Substrate/GLints/dict_16_192_64_0p5_0p02_0040_0015.uasset" 5199
"../../../Engine/Content/EngineMaterials/Substrate/GLints/dict_16_192_64_0p5_0p02_0041_0004.uasset" 5200
"../../../Engine/Content/EngineMaterials/Substrate/GLints/dict_16_192_64_0p5_0p02_0040_0009.uasset" 5201
"../../../Engine/Content/EngineMaterials/Substrate/GLints/dict_16_192_64_0p5_0p02_0040_0010.uasset" 5202
"../../../Engine/Content/EngineMaterials/Substrate/GLints/dict_16_192_64_0p5_0p02_0040_0008.uasset" 5203
"/Engine/EngineMaterials/Substrate/GLints/dict_16_192_64_0p5_0p02_0040_0013" 5204
"../../../Engine/Content/EngineMaterials/Substrate/GLints/dict_16_192_64_0p5_0p02_0040_0011.uasset" 5205
"../../../Engine/Content/EngineMaterials/Substrate/GLints/dict_16_192_64_0p5_0p02_0040_0006.uasset" 5206
"/Engine/EngineMaterials/Substrate/GLints/dict_16_192_64_0p5_0p02_0040_0008" 5207
"/Engine/EngineMaterials/Substrate/GLints/dict_16_192_64_0p5_0p02_0041_0014" 5208
"/Engine/EngineMaterials/Substrate/GLints/dict_16_192_64_0p5_0p02_0041_0004" 5209
"/Engine/EngineMaterials/Substrate/GLints/dict_16_192_64_0p5_0p02_0040_0014" 5210
"/Engine/EngineMaterials/Substrate/GLints/dict_16_192_64_0p5_0p02_0040_0009" 5211
"/Engine/EngineMaterials/Substrate/GLints/dict_16_192_64_0p5_0p02_0040_0015" 5212
"/Engine/EngineMaterials/Substrate/GLints/dict_16_192_64_0p5_0p02_0040_0010" 5213
"/Engine/EngineMaterials/Substrate/GLints/dict_16_192_64_0p5_0p02_0041_0000" 5214
"/Engine/EngineMaterials/Substrate/GLints/dict_16_192_64_0p5_0p02_0041_0002" 5215
"/Engine/EngineMaterials/Substrate/GLints/dict_16_192_64_0p5_0p02_0041_0003" 5216
"/Engine/EngineMaterials/Substrate/GLints/dict_16_192_64_0p5_0p02_0041_0010" 5217
"/Engine/EngineMaterials/Substrate/GLints/dict_16_192_64_0p5_0p02_0040_0006" 5218
"../../../Engine/Content/EngineMaterials/Substrate/GLints/dict_16_192_64_0p5_0p02_0041_0001.uasset" 5219
"/Engine/EngineMaterials/Substrate/GLints/dict_16_192_64_0p5_0p02_0040_0011" 5220
"/Engine/EngineMaterials/Substrate/GLints/dict_16_192_64_0p5_0p02_0041_0001" 5221
"../../../Engine/Content/EngineMaterials/Substrate/GLints/dict_16_192_64_0p5_0p02_0040_0004.uasset" 5222
"../../../Engine/Content/EngineMaterials/Substrate/GLints/dict_16_192_64_0p5_0p02_0040_0001.uasset" 5223
"../../../Engine/Content/EngineMaterials/Substrate/GLints/dict_16_192_64_0p5_0p02_0040_0003.uasset" 5224
"../../../Engine/Content/EngineMaterials/Substrate/GLints/dict_16_192_64_0p5_0p02_0040_0002.uasset" 5225
"../../../Engine/Content/EngineMaterials/Substrate/GLints/dict_16_192_64_0p5_0p02_0040_0000.uasset" 5226
"../../../Engine/Content/EngineMaterials/Substrate/GLints/dict_16_192_64_0p5_0p02_0040_0005.uasset" 5227
"../../../Engine/Content/EngineMaterials/Substrate/GLints/dict_16_192_64_0p5_0p02_0039_0015.uasset" 5228
"../../../Engine/Content/EngineMaterials/Substrate/GLints/dict_16_192_64_0p5_0p02_0040_0012.uasset" 5229
"../../../Engine/Content/EngineMaterials/Substrate/GLints/dict_16_192_64_0p5_0p02_0040_0007.uasset" 5230
"../../../Engine/Content/EngineMaterials/Substrate/GLints/dict_16_192_64_0p5_0p02_0039_0011.uasset" 5231
"../../../Engine/Content/EngineMaterials/Substrate/GLints/dict_16_192_64_0p5_0p02_0039_0012.uasset" 5232
"../../../Engine/Content/EngineMaterials/Substrate/GLints/dict_16_192_64_0p5_0p02_0039_0009.uasset" 5233
"../../../Engine/Content/EngineMaterials/Substrate/GLints/dict_16_192_64_0p5_0p02_0039_0007.uasset" 5234
"../../../Engine/Content/EngineMaterials/Substrate/GLints/dict_16_192_64_0p5_0p02_0039_0008.uasset" 5235
"../../../Engine/Content/EngineMaterials/Substrate/GLints/dict_16_192_64_0p5_0p02_0039_0010.uasset" 5236
"../../../Engine/Content/EngineMaterials/Substrate/GLints/dict_16_192_64_0p5_0p02_0039_0013.uasset" 5237
"/Engine/EngineMaterials/Substrate/GLints/dict_16_192_64_0p5_0p02_0040_0001" 5238
"/Engine/EngineMaterials/Substrate/GLints/dict_16_192_64_0p5_0p02_0039_0007" 5239
"/Engine/EngineMaterials/Substrate/GLints/dict_16_192_64_0p5_0p02_0039_0008" 5240
"/Engine/EngineMaterials/Substrate/GLints/dict_16_192_64_0p5_0p02_0040_0003" 5241
"/Engine/EngineMaterials/Substrate/GLints/dict_16_192_64_0p5_0p02_0040_0012" 5242
"/Engine/EngineMaterials/Substrate/GLints/dict_16_192_64_0p5_0p02_0039_0009" 5243
"/Engine/EngineMaterials/Substrate/GLints/dict_16_192_64_0p5_0p02_0040_0005" 5244
"/Engine/EngineMaterials/Substrate/GLints/dict_16_192_64_0p5_0p02_0040_0004" 5245
"/Engine/EngineMaterials/Substrate/GLints/dict_16_192_64_0p5_0p02_0039_0010" 5246
"/Engine/EngineMaterials/Substrate/GLints/dict_16_192_64_0p5_0p02_0039_0011" 5247
"/Engine/EngineMaterials/Substrate/GLints/dict_16_192_64_0p5_0p02_0040_0007" 5248
"/Engine/EngineMaterials/Substrate/GLints/dict_16_192_64_0p5_0p02_0040_0002" 5249
"../../../Engine/Content/EngineMaterials/Substrate/GLints/dict_16_192_64_0p5_0p02_0039_0002.uasset" 5250
"../../../Engine/Content/EngineMaterials/Substrate/GLints/dict_16_192_64_0p5_0p02_0039_0001.uasset" 5251
"../../../Engine/Content/EngineMaterials/Substrate/GLints/dict_16_192_64_0p5_0p02_0039_0000.uasset" 5252
"../../../Engine/Content/EngineMaterials/Substrate/GLints/dict_16_192_64_0p5_0p02_0039_0004.uasset" 5253
"/Engine/EngineMaterials/Substrate/GLints/dict_16_192_64_0p5_0p02_0039_0012" 5254
"../../../Engine/Content/EngineMaterials/Substrate/GLints/dict_16_192_64_0p5_0p02_0039_0003.uasset" 5255
"../../../Engine/Content/EngineMaterials/Substrate/GLints/dict_16_192_64_0p5_0p02_0038_0015.uasset" 5256
"/Engine/EngineMaterials/Substrate/GLints/dict_16_192_64_0p5_0p02_0039_0013" 5257
"/Engine/EngineMaterials/Substrate/GLints/dict_16_192_64_0p5_0p02_0039_0015" 5258
"/Engine/EngineMaterials/Substrate/GLints/dict_16_192_64_0p5_0p02_0040_0000" 5259
"/Engine/EngineMaterials/Substrate/GLints/dict_16_192_64_0p5_0p02_0038_0015" 5260
"../../../Engine/Content/EngineMaterials/Substrate/GLints/dict_16_192_64_0p5_0p02_0038_0014.uasset" 5261
"/Engine/EngineMaterials/Substrate/GLints/dict_16_192_64_0p5_0p02_0039_0000" 5262
"/Engine/EngineMaterials/Substrate/GLints/dict_16_192_64_0p5_0p02_0039_0001" 5263
"/Engine/EngineMaterials/Substrate/GLints/dict_16_192_64_0p5_0p02_0039_0002" 5264
"/Engine/EngineMaterials/Substrate/GLints/dict_16_192_64_0p5_0p02_0039_0003" 5265
"/Engine/EngineMaterials/Substrate/GLints/dict_16_192_64_0p5_0p02_0039_0004" 5266
"../../../Engine/Content/EngineMaterials/Substrate/GLints/dict_16_192_64_0p5_0p02_0039_0014.uasset" 5267
"../../../Engine/Content/EngineMaterials/Substrate/GLints/dict_16_192_64_0p5_0p02_0039_0005.uasset" 5268
"../../../Engine/Content/EngineMaterials/Substrate/GLints/dict_16_192_64_0p5_0p02_0039_0006.uasset" 5269
"/Engine/EngineMaterials/Substrate/GLints/dict_16_192_64_0p5_0p02_0038_0014" 5270
"/Engine/EngineMaterials/Substrate/GLints/dict_16_192_64_0p5_0p02_0039_0014" 5271
"/Engine/EngineMaterials/Substrate/GLints/dict_16_192_64_0p5_0p02_0039_0005" 5272
"/Engine/EngineMaterials/Substrate/GLints/dict_16_192_64_0p5_0p02_0039_0006" 5273
"../../../Engine/Content/EngineMaterials/Substrate/GLints/dict_16_192_64_0p5_0p02_0038_0008.uasset" 5274
"../../../Engine/Content/EngineMaterials/Substrate/GLints/dict_16_192_64_0p5_0p02_0038_0013.uasset" 5275
"../../../Engine/Content/EngineMaterials/Substrate/GLints/dict_16_192_64_0p5_0p02_0038_0012.uasset" 5276
"../../../Engine/Content/EngineMaterials/Substrate/GLints/dict_16_192_64_0p5_0p02_0038_0010.uasset" 5277
"../../../Engine/Content/EngineMaterials/Substrate/GLints/dict_16_192_64_0p5_0p02_0038_0011.uasset" 5278
"../../../Engine/Content/EngineMaterials/Substrate/GLints/dict_16_192_64_0p5_0p02_0038_0007.uasset" 5279
"../../../Engine/Content/EngineMaterials/Substrate/GLints/dict_16_192_64_0p5_0p02_0038_0005.uasset" 5280
"../../../Engine/Content/EngineMaterials/Substrate/GLints/dict_16_192_64_0p5_0p02_0038_0006.uasset" 5281
"../../../Engine/Content/EngineMaterials/Substrate/GLints/dict_16_192_64_0p5_0p02_0038_0009.uasset" 5282
"../../../Engine/Content/EngineMaterials/Substrate/GLints/dict_16_192_64_0p5_0p02_0038_0001.uasset" 5283
"../../../Engine/Content/EngineMaterials/Substrate/GLints/dict_16_192_64_0p5_0p02_0038_0003.uasset" 5284
"../../../Engine/Content/EngineMaterials/Substrate/GLints/dict_16_192_64_0p5_0p02_0038_0002.uasset" 5285
"../../../Engine/Content/EngineMaterials/Substrate/GLints/dict_16_192_64_0p5_0p02_0038_0000.uasset" 5286
"../../../Engine/Content/EngineMaterials/Substrate/GLints/dict_16_192_64_0p5_0p02_0037_0015.uasset" 5287
"/Engine/EngineMaterials/Substrate/GLints/dict_16_192_64_0p5_0p02_0038_0011" 5288
"/Engine/EngineMaterials/Substrate/GLints/dict_16_192_64_0p5_0p02_0038_0012" 5289
"/Engine/EngineMaterials/Substrate/GLints/dict_16_192_64_0p5_0p02_0038_0013" 5290
"../../../Engine/Content/EngineMaterials/Substrate/GLints/dict_16_192_64_0p5_0p02_0038_0004.uasset" 5291
"/Engine/EngineMaterials/Substrate/GLints/dict_16_192_64_0p5_0p02_0037_0015" 5292
"/Engine/EngineMaterials/Substrate/GLints/dict_16_192_64_0p5_0p02_0038_0009" 5293
"/Engine/EngineMaterials/Substrate/GLints/dict_16_192_64_0p5_0p02_0038_0000" 5294
"/Engine/EngineMaterials/Substrate/GLints/dict_16_192_64_0p5_0p02_0038_0010" 5295
"/Engine/EngineMaterials/Substrate/GLints/dict_16_192_64_0p5_0p02_0038_0001" 5296
"/Engine/EngineMaterials/Substrate/GLints/dict_16_192_64_0p5_0p02_0038_0002" 5297
"/Engine/EngineMaterials/Substrate/GLints/dict_16_192_64_0p5_0p02_0038_0003" 5298
"../../../Engine/Content/EngineMaterials/Substrate/GLints/dict_16_192_64_0p5_0p02_0037_0014.uasset" 5299
"../../../Engine/Content/EngineMaterials/Substrate/GLints/dict_16_192_64_0p5_0p02_0037_0013.uasset" 5300
"/Engine/EngineMaterials/Substrate/GLints/dict_16_192_64_0p5_0p02_0038_0008" 5301
"/Engine/EngineMaterials/Substrate/GLints/dict_16_192_64_0p5_0p02_0038_0005" 5302
"/Engine/EngineMaterials/Substrate/GLints/dict_16_192_64_0p5_0p02_0038_0006" 5303
"/Engine/EngineMaterials/Substrate/GLints/dict_16_192_64_0p5_0p02_0038_0007" 5304
"../../../Engine/Content/EngineMaterials/Substrate/GLints/dict_16_192_64_0p5_0p02_0037_0008.uasset" 5305
"../../../Engine/Content/EngineMaterials/Substrate/GLints/dict_16_192_64_0p5_0p02_0037_0006.uasset" 5306
"../../../Engine/Content/EngineMaterials/Substrate/GLints/dict_16_192_64_0p5_0p02_0037_0007.uasset" 5307
"/Engine/EngineMaterials/Substrate/GLints/dict_16_192_64_0p5_0p02_0037_0013" 5308
"/Engine/EngineMaterials/Substrate/GLints/dict_16_192_64_0p5_0p02_0037_0014" 5309
"/Engine/EngineMaterials/Substrate/GLints/dict_16_192_64_0p5_0p02_0038_0004" 5310
"/Engine/EngineMaterials/Substrate/GLints/dict_16_192_64_0p5_0p02_0037_0008" 5311
"../../../Engine/Content/EngineMaterials/Substrate/GLints/dict_16_192_64_0p5_0p02_0037_0010.uasset" 5312
"../../../Engine/Content/EngineMaterials/Substrate/GLints/dict_16_192_64_0p5_0p02_0037_0009.uasset" 5313
"/Engine/EngineMaterials/Substrate/GLints/dict_16_192_64_0p5_0p02_0037_0006" 5314
"../../../Engine/Content/EngineMaterials/Substrate/GLints/dict_16_192_64_0p5_0p02_0037_0012.uasset" 5315
"/Engine/EngineMaterials/Substrate/GLints/dict_16_192_64_0p5_0p02_0037_0007" 5316
"/Engine/EngineMaterials/Substrate/GLints/dict_16_192_64_0p5_0p02_0037_0009" 5317
"../../../Engine/Content/EngineMaterials/Substrate/GLints/dict_16_192_64_0p5_0p02_0037_0011.uasset" 5318
"/Engine/EngineMaterials/Substrate/GLints/dict_16_192_64_0p5_0p02_0037_0010" 5319
"/Engine/EngineMaterials/Substrate/GLints/dict_16_192_64_0p5_0p02_0037_0012" 5320
"/Engine/EngineMaterials/Substrate/GLints/dict_16_192_64_0p5_0p02_0037_0011" 5321
"../../../Engine/Content/EngineMaterials/Substrate/GLints/dict_16_192_64_0p5_0p02_0037_0003.uasset" 5322
"../../../Engine/Content/EngineMaterials/Substrate/GLints/dict_16_192_64_0p5_0p02_0037_0004.uasset" 5323
"../../../Engine/Content/EngineMaterials/Substrate/GLints/dict_16_192_64_0p5_0p02_0037_0005.uasset" 5324
"../../../Engine/Content/EngineMaterials/Substrate/GLints/dict_16_192_64_0p5_0p02_0037_0002.uasset" 5325
"../../../Engine/Content/EngineMaterials/Substrate/GLints/dict_16_192_64_0p5_0p02_0036_0015.uasset" 5326
"../../../Engine/Content/EngineMaterials/Substrate/GLints/dict_16_192_64_0p5_0p02_0036_0014.uasset" 5327
"../../../Engine/Content/EngineMaterials/Substrate/GLints/dict_16_192_64_0p5_0p02_0037_0001.uasset" 5328
"../../../Engine/Content/EngineMaterials/Substrate/GLints/dict_16_192_64_0p5_0p02_0036_0013.uasset" 5329
"../../../Engine/Content/EngineMaterials/Substrate/GLints/dict_16_192_64_0p5_0p02_0037_0000.uasset" 5330
"../../../Engine/Content/EngineMaterials/Substrate/GLints/dict_16_192_64_0p5_0p02_0036_0011.uasset" 5331
"/Engine/EngineMaterials/Substrate/GLints/dict_16_192_64_0p5_0p02_0036_0014" 5332
"/Engine/EngineMaterials/Substrate/GLints/dict_16_192_64_0p5_0p02_0037_0002" 5333
"../../../Engine/Content/EngineMaterials/Substrate/GLints/dict_16_192_64_0p5_0p02_0036_0007.uasset" 5334
"../../../Engine/Content/EngineMaterials/Substrate/GLints/dict_16_192_64_0p5_0p02_0036_0005.uasset" 5335
"/Engine/EngineMaterials/Substrate/GLints/dict_16_192_64_0p5_0p02_0037_0003" 5336
"../../../Engine/Content/EngineMaterials/Substrate/GLints/dict_16_192_64_0p5_0p02_0036_0010.uasset" 5337
"../../../Engine/Content/EngineMaterials/Substrate/GLints/dict_16_192_64_0p5_0p02_0036_0008.uasset" 5338
"../../../Engine/Content/EngineMaterials/Substrate/GLints/dict_16_192_64_0p5_0p02_0036_0004.uasset" 5339
"../../../Engine/Content/EngineMaterials/Substrate/GLints/dict_16_192_64_0p5_0p02_0036_0009.uasset" 5340
"/Engine/EngineMaterials/Substrate/GLints/dict_16_192_64_0p5_0p02_0037_0004" 5341
"../../../Engine/Content/EngineMaterials/Substrate/GLints/dict_16_192_64_0p5_0p02_0036_0012.uasset" 5342
"/Engine/EngineMaterials/Substrate/GLints/dict_16_192_64_0p5_0p02_0037_0005" 5343
"../../../Engine/Content/EngineMaterials/Substrate/GLints/dict_16_192_64_0p5_0p02_0036_0003.uasset" 5344
"/Engine/EngineMaterials/Substrate/GLints/dict_16_192_64_0p5_0p02_0036_0015" 5345
"../../../Engine/Content/EngineMaterials/Substrate/GLints/dict_16_192_64_0p5_0p02_0036_0006.uasset" 5346
"/Engine/EngineMaterials/Substrate/GLints/dict_16_192_64_0p5_0p02_0037_0000" 5347
"/Engine/EngineMaterials/Substrate/GLints/dict_16_192_64_0p5_0p02_0037_0001" 5348
"/Engine/EngineMaterials/Substrate/GLints/dict_16_192_64_0p5_0p02_0036_0013" 5349
"/Engine/EngineMaterials/Substrate/GLints/dict_16_192_64_0p5_0p02_0036_0003" 5350
"/Engine/EngineMaterials/Substrate/GLints/dict_16_192_64_0p5_0p02_0036_0004" 5351
"/Engine/EngineMaterials/Substrate/GLints/dict_16_192_64_0p5_0p02_0036_0005" 5352
"/Engine/EngineMaterials/Substrate/GLints/dict_16_192_64_0p5_0p02_0036_0006" 5353
"/Engine/EngineMaterials/Substrate/GLints/dict_16_192_64_0p5_0p02_0036_0007" 5354
"/Engine/EngineMaterials/Substrate/GLints/dict_16_192_64_0p5_0p02_0036_0008" 5355
"/Engine/EngineMaterials/Substrate/GLints/dict_16_192_64_0p5_0p02_0036_0009" 5356
"/Engine/EngineMaterials/Substrate/GLints/dict_16_192_64_0p5_0p02_0036_0010" 5357
"/Engine/EngineMaterials/Substrate/GLints/dict_16_192_64_0p5_0p02_0036_0011" 5358
"/Engine/EngineMaterials/Substrate/GLints/dict_16_192_64_0p5_0p02_0036_0012" 5359
"../../../Engine/Content/EngineMaterials/Substrate/GLints/dict_16_192_64_0p5_0p02_0035_0013.uasset" 5360
"../../../Engine/Content/EngineMaterials/Substrate/GLints/dict_16_192_64_0p5_0p02_0035_0014.uasset" 5361
"../../../Engine/Content/EngineMaterials/Substrate/GLints/dict_16_192_64_0p5_0p02_0036_0001.uasset" 5362
"../../../Engine/Content/EngineMaterials/Substrate/GLints/dict_16_192_64_0p5_0p02_0036_0002.uasset" 5363
"../../../Engine/Content/EngineMaterials/Substrate/GLints/dict_16_192_64_0p5_0p02_0036_0000.uasset" 5364
"../../../Engine/Content/EngineMaterials/Substrate/GLints/dict_16_192_64_0p5_0p02_0035_0010.uasset" 5365
"../../../Engine/Content/EngineMaterials/Substrate/GLints/dict_16_192_64_0p5_0p02_0035_0015.uasset" 5366
"../../../Engine/Content/EngineMaterials/Substrate/GLints/dict_16_192_64_0p5_0p02_0035_0009.uasset" 5367
"../../../Engine/Content/EngineMaterials/Substrate/GLints/dict_16_192_64_0p5_0p02_0035_0011.uasset" 5368
"../../../Engine/Content/EngineMaterials/Substrate/GLints/dict_16_192_64_0p5_0p02_0035_0004.uasset" 5369
"../../../Engine/Content/EngineMaterials/Substrate/GLints/dict_16_192_64_0p5_0p02_0035_0003.uasset" 5370
"../../../Engine/Content/EngineMaterials/Substrate/GLints/dict_16_192_64_0p5_0p02_0035_0002.uasset" 5371
"../../../Engine/Content/EngineMaterials/Substrate/GLints/dict_16_192_64_0p5_0p02_0035_0001.uasset" 5372
"../../../Engine/Content/EngineMaterials/Substrate/GLints/dict_16_192_64_0p5_0p02_0035_0005.uasset" 5373
"../../../Engine/Content/EngineMaterials/Substrate/GLints/dict_16_192_64_0p5_0p02_0035_0008.uasset" 5374
"../../../Engine/Content/EngineMaterials/Substrate/GLints/dict_16_192_64_0p5_0p02_0035_0006.uasset" 5375
"/Engine/EngineMaterials/Substrate/GLints/dict_16_192_64_0p5_0p02_0036_0000" 5376
"../../../Engine/Content/EngineMaterials/Substrate/GLints/dict_16_192_64_0p5_0p02_0035_0000.uasset" 5377
"/Engine/EngineMaterials/Substrate/GLints/dict_16_192_64_0p5_0p02_0035_0010" 5378
"/Engine/EngineMaterials/Substrate/GLints/dict_16_192_64_0p5_0p02_0035_0008" 5379
"/Engine/EngineMaterials/Substrate/GLints/dict_16_192_64_0p5_0p02_0036_0001" 5380
"/Engine/EngineMaterials/Substrate/GLints/dict_16_192_64_0p5_0p02_0035_0006" 5381
"../../../Engine/Content/EngineMaterials/Substrate/GLints/dict_16_192_64_0p5_0p02_0035_0007.uasset" 5382
"/Engine/EngineMaterials/Substrate/GLints/dict_16_192_64_0p5_0p02_0036_0002" 5383
"/Engine/EngineMaterials/Substrate/GLints/dict_16_192_64_0p5_0p02_0035_0009" 5384
"/Engine/EngineMaterials/Substrate/GLints/dict_16_192_64_0p5_0p02_0035_0013" 5385
"/Engine/EngineMaterials/Substrate/GLints/dict_16_192_64_0p5_0p02_0035_0014" 5386
"../../../Engine/Content/EngineMaterials/Substrate/GLints/dict_16_192_64_0p5_0p02_0034_0013.uasset" 5387
"/Engine/EngineMaterials/Substrate/GLints/dict_16_192_64_0p5_0p02_0035_0001" 5388
"../../../Engine/Content/EngineMaterials/Substrate/GLints/dict_16_192_64_0p5_0p02_0034_0015.uasset" 5389
"../../../Engine/Content/EngineMaterials/Substrate/GLints/dict_16_192_64_0p5_0p02_0034_0014.uasset" 5390
"/Engine/EngineMaterials/Substrate/GLints/dict_16_192_64_0p5_0p02_0035_0011" 5391
"/Engine/EngineMaterials/Substrate/GLints/dict_16_192_64_0p5_0p02_0035_0015" 5392
"/Engine/EngineMaterials/Substrate/GLints/dict_16_192_64_0p5_0p02_0035_0002" 5393
"../../../Engine/Content/EngineMaterials/Substrate/GLints/dict_16_192_64_0p5_0p02_0034_0012.uasset" 5394
"/Engine/EngineMaterials/Substrate/GLints/dict_16_192_64_0p5_0p02_0035_0003" 5395
"/Engine/EngineMaterials/Substrate/GLints/dict_16_192_64_0p5_0p02_0035_0004" 5396
"/Engine/EngineMaterials/Substrate/GLints/dict_16_192_64_0p5_0p02_0035_0005" 5397
"/Engine/EngineMaterials/Substrate/GLints/dict_16_192_64_0p5_0p02_0035_0007" 5398
"../../../Engine/Content/EngineMaterials/Substrate/GLints/dict_16_192_64_0p5_0p02_0034_0010.uasset" 5399
"/Engine/EngineMaterials/Substrate/GLints/dict_16_192_64_0p5_0p02_0034_0013" 5400
"/Engine/EngineMaterials/Substrate/GLints/dict_16_192_64_0p5_0p02_0034_0014" 5401
"/Engine/EngineMaterials/Substrate/GLints/dict_16_192_64_0p5_0p02_0034_0015" 5402
"/Engine/EngineMaterials/Substrate/GLints/dict_16_192_64_0p5_0p02_0035_0000" 5403
"/Engine/EngineMaterials/Substrate/GLints/dict_16_192_64_0p5_0p02_0034_0012" 5404
"/Engine/EngineMaterials/Substrate/GLints/dict_16_192_64_0p5_0p02_0034_0010" 5405
"../../../Engine/Content/EngineMaterials/Substrate/GLints/dict_16_192_64_0p5_0p02_0034_0011.uasset" 5406
"../../../Engine/Content/EngineMaterials/Substrate/GLints/dict_16_192_64_0p5_0p02_0034_0005.uasset" 5407
"../../../Engine/Content/EngineMaterials/Substrate/GLints/dict_16_192_64_0p5_0p02_0035_0012.uasset" 5408
"../../../Engine/Content/EngineMaterials/Substrate/GLints/dict_16_192_64_0p5_0p02_0034_0006.uasset" 5409
"../../../Engine/Content/EngineMaterials/Substrate/GLints/dict_16_192_64_0p5_0p02_0034_0003.uasset" 5410
"../../../Engine/Content/EngineMaterials/Substrate/GLints/dict_16_192_64_0p5_0p02_0034_0004.uasset" 5411
"../../../Engine/Content/EngineMaterials/Substrate/GLints/dict_16_192_64_0p5_0p02_0034_0008.uasset" 5412
"../../../Engine/Content/EngineMaterials/Substrate/GLints/dict_16_192_64_0p5_0p02_0034_0002.uasset" 5413
"../../../Engine/Content/EngineMaterials/Substrate/GLints/dict_16_192_64_0p5_0p02_0033_0015.uasset" 5414
"../../../Engine/Content/EngineMaterials/Substrate/GLints/dict_16_192_64_0p5_0p02_0033_0013.uasset" 5415
"../../../Engine/Content/EngineMaterials/Substrate/GLints/dict_16_192_64_0p5_0p02_0034_0000.uasset" 5416
"../../../Engine/Content/EngineMaterials/Substrate/GLints/dict_16_192_64_0p5_0p02_0034_0001.uasset" 5417
"../../../Engine/Content/EngineMaterials/Substrate/GLints/dict_16_192_64_0p5_0p02_0033_0014.uasset" 5418
"../../../Engine/Content/EngineMaterials/Substrate/GLints/dict_16_192_64_0p5_0p02_0033_0012.uasset" 5419
"../../../Engine/Content/EngineMaterials/Substrate/GLints/dict_16_192_64_0p5_0p02_0033_0011.uasset" 5420
"/Engine/EngineMaterials/Substrate/GLints/dict_16_192_64_0p5_0p02_0033_0011" 5421
"/Engine/EngineMaterials/Substrate/GLints/dict_16_192_64_0p5_0p02_0034_0003" 5422
"/Engine/EngineMaterials/Substrate/GLints/dict_16_192_64_0p5_0p02_0034_0004" 5423
"/Engine/EngineMaterials/Substrate/GLints/dict_16_192_64_0p5_0p02_0033_0012" 5424
"/Engine/EngineMaterials/Substrate/GLints/dict_16_192_64_0p5_0p02_0033_0013" 5425
"/Engine/EngineMaterials/Substrate/GLints/dict_16_192_64_0p5_0p02_0034_0005" 5426
"/Engine/EngineMaterials/Substrate/GLints/dict_16_192_64_0p5_0p02_0034_0006" 5427
"/Engine/EngineMaterials/Substrate/GLints/dict_16_192_64_0p5_0p02_0034_0008" 5428
"../../../Engine/Content/EngineMaterials/Substrate/GLints/dict_16_192_64_0p5_0p02_0033_0009.uasset" 5429
"/Engine/EngineMaterials/Substrate/GLints/dict_16_192_64_0p5_0p02_0033_0014" 5430
"/Engine/EngineMaterials/Substrate/GLints/dict_16_192_64_0p5_0p02_0034_0011" 5431
"/Engine/EngineMaterials/Substrate/GLints/dict_16_192_64_0p5_0p02_0035_0012" 5432
"../../../Engine/Content/EngineMaterials/Substrate/GLints/dict_16_192_64_0p5_0p02_0033_0007.uasset" 5433
"/Engine/EngineMaterials/Substrate/GLints/dict_16_192_64_0p5_0p02_0033_0015" 5434
"../../../Engine/Content/EngineMaterials/Substrate/GLints/dict_16_192_64_0p5_0p02_0033_0005.uasset" 5435
"../../../Engine/Content/EngineMaterials/Substrate/GLints/dict_16_192_64_0p5_0p02_0033_0008.uasset" 5436
"/Engine/EngineMaterials/Substrate/GLints/dict_16_192_64_0p5_0p02_0034_0000" 5437
"/Engine/EngineMaterials/Substrate/GLints/dict_16_192_64_0p5_0p02_0034_0001" 5438
"../../../Engine/Content/EngineMaterials/Substrate/GLints/dict_16_192_64_0p5_0p02_0033_0006.uasset" 5439
"/Engine/EngineMaterials/Substrate/GLints/dict_16_192_64_0p5_0p02_0034_0002" 5440
"../../../Engine/Content/EngineMaterials/Substrate/GLints/dict_16_192_64_0p5_0p02_0033_0004.uasset" 5441
"/Engine/EngineMaterials/Substrate/GLints/dict_16_192_64_0p5_0p02_0033_0004" 5442
"/Engine/EngineMaterials/Substrate/GLints/dict_16_192_64_0p5_0p02_0033_0005" 5443
"/Engine/EngineMaterials/Substrate/GLints/dict_16_192_64_0p5_0p02_0033_0006" 5444
"/Engine/EngineMaterials/Substrate/GLints/dict_16_192_64_0p5_0p02_0033_0007" 5445
"/Engine/EngineMaterials/Substrate/GLints/dict_16_192_64_0p5_0p02_0033_0008" 5446
"/Engine/EngineMaterials/Substrate/GLints/dict_16_192_64_0p5_0p02_0033_0009" 5447
"../../../Engine/Content/EngineMaterials/Substrate/GLints/dict_16_192_64_0p5_0p02_0033_0003.uasset" 5448
"/Engine/EngineMaterials/Substrate/GLints/dict_16_192_64_0p5_0p02_0033_0003" 5449
"../../../Engine/Content/EngineMaterials/Substrate/GLints/dict_16_192_64_0p5_0p02_0033_0010.uasset" 5450
"../../../Engine/Content/EngineMaterials/Substrate/GLints/dict_16_192_64_0p5_0p02_0033_0001.uasset" 5451
"../../../Engine/Content/EngineMaterials/Substrate/GLints/dict_16_192_64_0p5_0p02_0033_0000.uasset" 5452
"../../../Engine/Content/EngineMaterials/Substrate/GLints/dict_16_192_64_0p5_0p02_0033_0002.uasset" 5453
"../../../Engine/Content/EngineMaterials/Substrate/GLints/dict_16_192_64_0p5_0p02_0032_0015.uasset" 5454
"../../../Engine/Content/EngineMaterials/Substrate/GLints/dict_16_192_64_0p5_0p02_0032_0013.uasset" 5455
"../../../Engine/Content/EngineMaterials/Substrate/GLints/dict_16_192_64_0p5_0p02_0032_0014.uasset" 5456
"../../../Engine/Content/EngineMaterials/Substrate/GLints/dict_16_192_64_0p5_0p02_0034_0009.uasset" 5457
"../../../Engine/Content/EngineMaterials/Substrate/GLints/dict_16_192_64_0p5_0p02_0034_0007.uasset" 5458
"../../../Engine/Content/EngineMaterials/Substrate/GLints/dict_16_192_64_0p5_0p02_0032_0012.uasset" 5459
"/Engine/EngineMaterials/Substrate/GLints/dict_16_192_64_0p5_0p02_0032_0013" 5460
"../../../Engine/Content/EngineMaterials/Substrate/GLints/dict_16_192_64_0p5_0p02_0032_0007.uasset" 5461
"../../../Engine/Content/EngineMaterials/Substrate/GLints/dict_16_192_64_0p5_0p02_0032_0009.uasset" 5462
"../../../Engine/Content/EngineMaterials/Substrate/GLints/dict_16_192_64_0p5_0p02_0032_0005.uasset" 5463
"/Engine/EngineMaterials/Substrate/GLints/dict_16_192_64_0p5_0p02_0033_0010" 5464
"/Engine/EngineMaterials/Substrate/GLints/dict_16_192_64_0p5_0p02_0032_0014" 5465
"../../../Engine/Content/EngineMaterials/Substrate/GLints/dict_16_192_64_0p5_0p02_0032_0008.uasset" 5466
"/Engine/EngineMaterials/Substrate/GLints/dict_16_192_64_0p5_0p02_0032_0015" 5467
"/Engine/EngineMaterials/Substrate/GLints/dict_16_192_64_0p5_0p02_0033_0000" 5468
"/Engine/EngineMaterials/Substrate/GLints/dict_16_192_64_0p5_0p02_0033_0001" 5469
"/Engine/EngineMaterials/Substrate/GLints/dict_16_192_64_0p5_0p02_0034_0007" 5470
"/Engine/EngineMaterials/Substrate/GLints/dict_16_192_64_0p5_0p02_0034_0009" 5471
"/Engine/EngineMaterials/Substrate/GLints/dict_16_192_64_0p5_0p02_0032_0012" 5472
"/Engine/EngineMaterials/Substrate/GLints/dict_16_192_64_0p5_0p02_0033_0002" 5473
"/Engine/EngineMaterials/Substrate/GLints/dict_16_192_64_0p5_0p02_0032_0005" 5474
"/Engine/EngineMaterials/Substrate/GLints/dict_16_192_64_0p5_0p02_0032_0007" 5475
"/Engine/EngineMaterials/Substrate/GLints/dict_16_192_64_0p5_0p02_0032_0008" 5476
"/Engine/EngineMaterials/Substrate/GLints/dict_16_192_64_0p5_0p02_0032_0009" 5477
"../../../Engine/Content/EngineMaterials/Substrate/GLints/dict_16_192_64_0p5_0p02_0032_0001.uasset" 5478
"../../../Engine/Content/EngineMaterials/Substrate/GLints/dict_16_192_64_0p5_0p02_0032_0000.uasset" 5479
"../../../Engine/Content/EngineMaterials/Substrate/GLints/dict_16_192_64_0p5_0p02_0032_0006.uasset" 5480
"../../../Engine/Content/EngineMaterials/Substrate/GLints/dict_16_192_64_0p5_0p02_0031_0015.uasset" 5481
"../../../Engine/Content/EngineMaterials/Substrate/GLints/dict_16_192_64_0p5_0p02_0032_0010.uasset" 5482
"../../../Engine/Content/EngineMaterials/Substrate/GLints/dict_16_192_64_0p5_0p02_0032_0002.uasset" 5483
"../../../Engine/Content/EngineMaterials/Substrate/GLints/dict_16_192_64_0p5_0p02_0031_0014.uasset" 5484
"../../../Engine/Content/EngineMaterials/Substrate/GLints/dict_16_192_64_0p5_0p02_0032_0003.uasset" 5485
"../../../Engine/Content/EngineMaterials/Substrate/GLints/dict_16_192_64_0p5_0p02_0031_0011.uasset" 5486
"../../../Engine/Content/EngineMaterials/Substrate/GLints/dict_16_192_64_0p5_0p02_0032_0011.uasset" 5487
"../../../Engine/Content/EngineMaterials/Substrate/GLints/dict_16_192_64_0p5_0p02_0031_0009.uasset" 5488
"../../../Engine/Content/EngineMaterials/Substrate/GLints/dict_16_192_64_0p5_0p02_0031_0012.uasset" 5489
"../../../Engine/Content/EngineMaterials/Substrate/GLints/dict_16_192_64_0p5_0p02_0031_0013.uasset" 5490
"../../../Engine/Content/EngineMaterials/Substrate/GLints/dict_16_192_64_0p5_0p02_0031_0010.uasset" 5491
"/Engine/EngineMaterials/Substrate/GLints/dict_16_192_64_0p5_0p02_0031_0009" 5492
"/Engine/EngineMaterials/Substrate/GLints/dict_16_192_64_0p5_0p02_0031_0010" 5493
"../../../Engine/Content/EngineMaterials/Substrate/GLints/dict_16_192_64_0p5_0p02_0031_0007.uasset" 5494
"/Engine/EngineMaterials/Substrate/GLints/dict_16_192_64_0p5_0p02_0031_0011" 5495
"/Engine/EngineMaterials/Substrate/GLints/dict_16_192_64_0p5_0p02_0031_0012" 5496
"/Engine/EngineMaterials/Substrate/GLints/dict_16_192_64_0p5_0p02_0031_0013" 5497
"/Engine/EngineMaterials/Substrate/GLints/dict_16_192_64_0p5_0p02_0031_0014" 5498
"/Engine/EngineMaterials/Substrate/GLints/dict_16_192_64_0p5_0p02_0031_0015" 5499
"/Engine/EngineMaterials/Substrate/GLints/dict_16_192_64_0p5_0p02_0032_0000" 5500
"/Engine/EngineMaterials/Substrate/GLints/dict_16_192_64_0p5_0p02_0032_0001" 5501
"/Engine/EngineMaterials/Substrate/GLints/dict_16_192_64_0p5_0p02_0032_0002" 5502
"/Engine/EngineMaterials/Substrate/GLints/dict_16_192_64_0p5_0p02_0032_0003" 5503
"/Engine/EngineMaterials/Substrate/GLints/dict_16_192_64_0p5_0p02_0032_0006" 5504
"../../../Engine/Content/EngineMaterials/Substrate/GLints/dict_16_192_64_0p5_0p02_0031_0005.uasset" 5505
"../../../Engine/Content/EngineMaterials/Substrate/GLints/dict_16_192_64_0p5_0p02_0031_0002.uasset" 5506
"/Engine/EngineMaterials/Substrate/GLints/dict_16_192_64_0p5_0p02_0032_0010" 5507
"../../../Engine/Content/EngineMaterials/Substrate/GLints/dict_16_192_64_0p5_0p02_0031_0001.uasset" 5508
"/Engine/EngineMaterials/Substrate/GLints/dict_16_192_64_0p5_0p02_0032_0011" 5509
"../../../Engine/Content/EngineMaterials/Substrate/GLints/dict_16_192_64_0p5_0p02_0031_0000.uasset" 5510
"/Engine/EngineMaterials/Substrate/GLints/dict_16_192_64_0p5_0p02_0031_0007" 5511
"/Engine/EngineMaterials/Substrate/GLints/dict_16_192_64_0p5_0p02_0031_0000" 5512
"/Engine/EngineMaterials/Substrate/GLints/dict_16_192_64_0p5_0p02_0031_0001" 5513
"/Engine/EngineMaterials/Substrate/GLints/dict_16_192_64_0p5_0p02_0031_0002" 5514
"/Engine/EngineMaterials/Substrate/GLints/dict_16_192_64_0p5_0p02_0031_0005" 5515
"../../../Engine/Content/EngineMaterials/Substrate/GLints/dict_16_192_64_0p5_0p02_0030_0015.uasset" 5516
"../../../Engine/Content/EngineMaterials/Substrate/GLints/dict_16_192_64_0p5_0p02_0030_0012.uasset" 5517
"../../../Engine/Content/EngineMaterials/Substrate/GLints/dict_16_192_64_0p5_0p02_0030_0011.uasset" 5518
"../../../Engine/Content/EngineMaterials/Substrate/GLints/dict_16_192_64_0p5_0p02_0030_0014.uasset" 5519
"../../../Engine/Content/EngineMaterials/Substrate/GLints/dict_16_192_64_0p5_0p02_0030_0013.uasset" 5520
"../../../Engine/Content/EngineMaterials/Substrate/GLints/dict_16_192_64_0p5_0p02_0031_0004.uasset" 5521
"../../../Engine/Content/EngineMaterials/Substrate/GLints/dict_16_192_64_0p5_0p02_0030_0010.uasset" 5522
"/Engine/EngineMaterials/Substrate/GLints/dict_16_192_64_0p5_0p02_0030_0012" 5523
"/Engine/EngineMaterials/Substrate/GLints/dict_16_192_64_0p5_0p02_0030_0013" 5524
"../../../Engine/Content/EngineMaterials/Substrate/GLints/dict_16_192_64_0p5_0p02_0030_0007.uasset" 5525
"/Engine/EngineMaterials/Substrate/GLints/dict_16_192_64_0p5_0p02_0030_0014" 5526
"../../../Engine/Content/EngineMaterials/Substrate/GLints/dict_16_192_64_0p5_0p02_0030_0008.uasset" 5527
"/Engine/EngineMaterials/Substrate/GLints/dict_16_192_64_0p5_0p02_0030_0015" 5528
"../../../Engine/Content/EngineMaterials/Substrate/GLints/dict_16_192_64_0p5_0p02_0030_0009.uasset" 5529
"../../../Engine/Content/EngineMaterials/Substrate/GLints/dict_16_192_64_0p5_0p02_0030_0006.uasset" 5530
"/Engine/EngineMaterials/Substrate/GLints/dict_16_192_64_0p5_0p02_0031_0004" 5531
"/Engine/EngineMaterials/Substrate/GLints/dict_16_192_64_0p5_0p02_0030_0010" 5532
"/Engine/EngineMaterials/Substrate/GLints/dict_16_192_64_0p5_0p02_0030_0011" 5533
"/Engine/EngineMaterials/Substrate/GLints/dict_16_192_64_0p5_0p02_0030_0008" 5534
"/Engine/EngineMaterials/Substrate/GLints/dict_16_192_64_0p5_0p02_0030_0009" 5535
"../../../Engine/Content/EngineMaterials/Substrate/GLints/dict_16_192_64_0p5_0p02_0031_0008.uasset" 5536
"/Engine/EngineMaterials/Substrate/GLints/dict_16_192_64_0p5_0p02_0030_0006" 5537
"../../../Engine/Content/EngineMaterials/Substrate/GLints/dict_16_192_64_0p5_0p02_0030_0004.uasset" 5538
"/Engine/EngineMaterials/Substrate/GLints/dict_16_192_64_0p5_0p02_0030_0007" 5539
"/Engine/EngineMaterials/Substrate/GLints/dict_16_192_64_0p5_0p02_0031_0008" 5540
"/Engine/EngineMaterials/Substrate/GLints/dict_16_192_64_0p5_0p02_0030_0004" 5541
"../../../Engine/Content/EngineMaterials/Substrate/GLints/dict_16_192_64_0p5_0p02_0032_0004.uasset" 5542
"../../../Engine/Content/EngineMaterials/Substrate/GLints/dict_16_192_64_0p5_0p02_0030_0005.uasset" 5543
"../../../Engine/Content/EngineMaterials/Substrate/GLints/dict_16_192_64_0p5_0p02_0031_0003.uasset" 5544
"../../../Engine/Content/EngineMaterials/Substrate/GLints/dict_16_192_64_0p5_0p02_0030_0002.uasset" 5545
"../../../Engine/Content/EngineMaterials/Substrate/GLints/dict_16_192_64_0p5_0p02_0030_0003.uasset" 5546
"../../../Engine/Content/EngineMaterials/Substrate/GLints/dict_16_192_64_0p5_0p02_0030_0001.uasset" 5547
"../../../Engine/Content/EngineMaterials/Substrate/GLints/dict_16_192_64_0p5_0p02_0031_0006.uasset" 5548
"../../../Engine/Content/EngineMaterials/Substrate/GLints/dict_16_192_64_0p5_0p02_0030_0000.uasset" 5549
"../../../Engine/Content/EngineMaterials/Substrate/GLints/dict_16_192_64_0p5_0p02_0029_0014.uasset" 5550
"../../../Engine/Content/EngineMaterials/Substrate/GLints/dict_16_192_64_0p5_0p02_0029_0015.uasset" 5551
"../../../Engine/Content/EngineMaterials/Substrate/GLints/dict_16_192_64_0p5_0p02_0029_0008.uasset" 5552
"../../../Engine/Content/EngineMaterials/Substrate/GLints/dict_16_192_64_0p5_0p02_0029_0007.uasset" 5553
"../../../Engine/Content/EngineMaterials/Substrate/GLints/dict_16_192_64_0p5_0p02_0029_0009.uasset" 5554
"../../../Engine/Content/EngineMaterials/Substrate/GLints/dict_16_192_64_0p5_0p02_0029_0010.uasset" 5555
"../../../Engine/Content/EngineMaterials/Substrate/GLints/dict_16_192_64_0p5_0p02_0029_0012.uasset" 5556
"/Engine/EngineMaterials/Substrate/GLints/dict_16_192_64_0p5_0p02_0031_0006" 5557
"/Engine/EngineMaterials/Substrate/GLints/dict_16_192_64_0p5_0p02_0029_0014" 5558
"/Engine/EngineMaterials/Substrate/GLints/dict_16_192_64_0p5_0p02_0029_0015" 5559
"/Engine/EngineMaterials/Substrate/GLints/dict_16_192_64_0p5_0p02_0029_0007" 5560
"/Engine/EngineMaterials/Substrate/GLints/dict_16_192_64_0p5_0p02_0030_0000" 5561
"/Engine/EngineMaterials/Substrate/GLints/dict_16_192_64_0p5_0p02_0030_0001" 5562
"../../../Engine/Content/EngineMaterials/Substrate/GLints/dict_16_192_64_0p5_0p02_0029_0005.uasset" 5563
"/Engine/EngineMaterials/Substrate/GLints/dict_16_192_64_0p5_0p02_0030_0002" 5564
"/Engine/EngineMaterials/Substrate/GLints/dict_16_192_64_0p5_0p02_0030_0003" 5565
"/Engine/EngineMaterials/Substrate/GLints/dict_16_192_64_0p5_0p02_0029_0008" 5566
"/Engine/EngineMaterials/Substrate/GLints/dict_16_192_64_0p5_0p02_0032_0004" 5567
"/Engine/EngineMaterials/Substrate/GLints/dict_16_192_64_0p5_0p02_0031_0003" 5568
"/Engine/EngineMaterials/Substrate/GLints/dict_16_192_64_0p5_0p02_0030_0005" 5569
"/Engine/EngineMaterials/Substrate/GLints/dict_16_192_64_0p5_0p02_0029_0009" 5570
"/Engine/EngineMaterials/Substrate/GLints/dict_16_192_64_0p5_0p02_0029_0005" 5571
"/Engine/EngineMaterials/Substrate/GLints/dict_16_192_64_0p5_0p02_0029_0010" 5572
"/Engine/EngineMaterials/Substrate/GLints/dict_16_192_64_0p5_0p02_0029_0012" 5573
"../../../Engine/Content/EngineMaterials/Substrate/GLints/dict_16_192_64_0p5_0p02_0029_0004.uasset" 5574
"../../../Engine/Content/EngineMaterials/Substrate/GLints/dict_16_192_64_0p5_0p02_0029_0002.uasset" 5575
"../../../Engine/Content/EngineMaterials/Substrate/GLints/dict_16_192_64_0p5_0p02_0029_0003.uasset" 5576
"../../../Engine/Content/EngineMaterials/Substrate/GLints/dict_16_192_64_0p5_0p02_0029_0001.uasset" 5577
"../../../Engine/Content/EngineMaterials/Substrate/GLints/dict_16_192_64_0p5_0p02_0028_0015.uasset" 5578
"../../../Engine/Content/EngineMaterials/Substrate/GLints/dict_16_192_64_0p5_0p02_0029_0000.uasset" 5579
"../../../Engine/Content/EngineMaterials/Substrate/GLints/dict_16_192_64_0p5_0p02_0028_0014.uasset" 5580
"../../../Engine/Content/EngineMaterials/Substrate/GLints/dict_16_192_64_0p5_0p02_0028_0011.uasset" 5581
"../../../Engine/Content/EngineMaterials/Substrate/GLints/dict_16_192_64_0p5_0p02_0028_0012.uasset" 5582
"../../../Engine/Content/EngineMaterials/Substrate/GLints/dict_16_192_64_0p5_0p02_0028_0009.uasset" 5583
"../../../Engine/Content/EngineMaterials/Substrate/GLints/dict_16_192_64_0p5_0p02_0028_0010.uasset" 5584
"../../../Engine/Content/EngineMaterials/Substrate/GLints/dict_16_192_64_0p5_0p02_0028_0008.uasset" 5585
"/Engine/EngineMaterials/Substrate/GLints/dict_16_192_64_0p5_0p02_0028_0014" 5586
"../../../Engine/Content/EngineMaterials/Substrate/GLints/dict_16_192_64_0p5_0p02_0028_0007.uasset" 5587
"/Engine/EngineMaterials/Substrate/GLints/dict_16_192_64_0p5_0p02_0028_0008" 5588
"/Engine/EngineMaterials/Substrate/GLints/dict_16_192_64_0p5_0p02_0028_0015" 5589
"/Engine/EngineMaterials/Substrate/GLints/dict_16_192_64_0p5_0p02_0029_0000" 5590
"/Engine/EngineMaterials/Substrate/GLints/dict_16_192_64_0p5_0p02_0029_0001" 5591
"/Engine/EngineMaterials/Substrate/GLints/dict_16_192_64_0p5_0p02_0028_0009" 5592
"/Engine/EngineMaterials/Substrate/GLints/dict_16_192_64_0p5_0p02_0029_0002" 5593
"/Engine/EngineMaterials/Substrate/GLints/dict_16_192_64_0p5_0p02_0028_0010" 5594
"/Engine/EngineMaterials/Substrate/GLints/dict_16_192_64_0p5_0p02_0028_0011" 5595
"/Engine/EngineMaterials/Substrate/GLints/dict_16_192_64_0p5_0p02_0029_0003" 5596
"/Engine/EngineMaterials/Substrate/GLints/dict_16_192_64_0p5_0p02_0029_0004" 5597
"/Engine/EngineMaterials/Substrate/GLints/dict_16_192_64_0p5_0p02_0028_0012" 5598
"/Engine/EngineMaterials/Substrate/GLints/dict_16_192_64_0p5_0p02_0028_0007" 5599
"../../../Engine/Content/EngineMaterials/Substrate/GLints/dict_16_192_64_0p5_0p02_0028_0003.uasset" 5600
"../../../Engine/Content/EngineMaterials/Substrate/GLints/dict_16_192_64_0p5_0p02_0028_0006.uasset" 5601
"../../../Engine/Content/EngineMaterials/Substrate/GLints/dict_16_192_64_0p5_0p02_0029_0011.uasset" 5602
"../../../Engine/Content/EngineMaterials/Substrate/GLints/dict_16_192_64_0p5_0p02_0028_0005.uasset" 5603
"../../../Engine/Content/EngineMaterials/Substrate/GLints/dict_16_192_64_0p5_0p02_0029_0006.uasset" 5604
"../../../Engine/Content/EngineMaterials/Substrate/GLints/dict_16_192_64_0p5_0p02_0028_0002.uasset" 5605
"../../../Engine/Content/EngineMaterials/Substrate/GLints/dict_16_192_64_0p5_0p02_0028_0004.uasset" 5606
"../../../Engine/Content/EngineMaterials/Substrate/GLints/dict_16_192_64_0p5_0p02_0028_0013.uasset" 5607
"../../../Engine/Content/EngineMaterials/Substrate/GLints/dict_16_192_64_0p5_0p02_0029_0013.uasset" 5608
"../../../Engine/Content/EngineMaterials/Substrate/GLints/dict_16_192_64_0p5_0p02_0028_0001.uasset" 5609
"../../../Engine/Content/EngineMaterials/Substrate/GLints/dict_16_192_64_0p5_0p02_0027_0014.uasset" 5610
"../../../Engine/Content/EngineMaterials/Substrate/GLints/dict_16_192_64_0p5_0p02_0027_0011.uasset" 5611
"../../../Engine/Content/EngineMaterials/Substrate/GLints/dict_16_192_64_0p5_0p02_0027_0010.uasset" 5612
"../../../Engine/Content/EngineMaterials/Substrate/GLints/dict_16_192_64_0p5_0p02_0027_0013.uasset" 5613
"../../../Engine/Content/EngineMaterials/Substrate/GLints/dict_16_192_64_0p5_0p02_0027_0015.uasset" 5614
"../../../Engine/Content/EngineMaterials/Substrate/GLints/dict_16_192_64_0p5_0p02_0028_0000.uasset" 5615
"/Engine/EngineMaterials/Substrate/GLints/dict_16_192_64_0p5_0p02_0027_0011" 5616
"/Engine/EngineMaterials/Substrate/GLints/dict_16_192_64_0p5_0p02_0029_0011" 5617
"/Engine/EngineMaterials/Substrate/GLints/dict_16_192_64_0p5_0p02_0027_0010" 5618
"/Engine/EngineMaterials/Substrate/GLints/dict_16_192_64_0p5_0p02_0029_0013" 5619
"/Engine/EngineMaterials/Substrate/GLints/dict_16_192_64_0p5_0p02_0029_0006" 5620
"../../../Engine/Content/EngineMaterials/Substrate/GLints/dict_16_192_64_0p5_0p02_0027_0007.uasset" 5621
"/Engine/EngineMaterials/Substrate/GLints/dict_16_192_64_0p5_0p02_0027_0013" 5622
"/Engine/EngineMaterials/Substrate/GLints/dict_16_192_64_0p5_0p02_0027_0014" 5623
"/Engine/EngineMaterials/Substrate/GLints/dict_16_192_64_0p5_0p02_0027_0015" 5624
"/Engine/EngineMaterials/Substrate/GLints/dict_16_192_64_0p5_0p02_0028_0000" 5625
"/Engine/EngineMaterials/Substrate/GLints/dict_16_192_64_0p5_0p02_0028_0001" 5626
"/Engine/EngineMaterials/Substrate/GLints/dict_16_192_64_0p5_0p02_0028_0002" 5627
"../../../Engine/Content/EngineMaterials/Substrate/GLints/dict_16_192_64_0p5_0p02_0027_0006.uasset" 5628
"../../../Engine/Content/EngineMaterials/Substrate/GLints/dict_16_192_64_0p5_0p02_0027_0003.uasset" 5629
"../../../Engine/Content/EngineMaterials/Substrate/GLints/dict_16_192_64_0p5_0p02_0027_0002.uasset" 5630
"../../../Engine/Content/EngineMaterials/Substrate/GLints/dict_16_192_64_0p5_0p02_0027_0004.uasset" 5631
"/Engine/EngineMaterials/Substrate/GLints/dict_16_192_64_0p5_0p02_0028_0003" 5632
"/Engine/EngineMaterials/Substrate/GLints/dict_16_192_64_0p5_0p02_0028_0004" 5633
"/Engine/EngineMaterials/Substrate/GLints/dict_16_192_64_0p5_0p02_0028_0005" 5634
"/Engine/EngineMaterials/Substrate/GLints/dict_16_192_64_0p5_0p02_0028_0006" 5635
"../../../Engine/Content/EngineMaterials/Substrate/GLints/dict_16_192_64_0p5_0p02_0027_0005.uasset" 5636
"/Engine/EngineMaterials/Substrate/GLints/dict_16_192_64_0p5_0p02_0028_0013" 5637
"/Engine/EngineMaterials/Substrate/GLints/dict_16_192_64_0p5_0p02_0027_0002" 5638
"/Engine/EngineMaterials/Substrate/GLints/dict_16_192_64_0p5_0p02_0027_0003" 5639
"/Engine/EngineMaterials/Substrate/GLints/dict_16_192_64_0p5_0p02_0027_0004" 5640
"/Engine/EngineMaterials/Substrate/GLints/dict_16_192_64_0p5_0p02_0027_0005" 5641
"/Engine/EngineMaterials/Substrate/GLints/dict_16_192_64_0p5_0p02_0027_0006" 5642
"/Engine/EngineMaterials/Substrate/GLints/dict_16_192_64_0p5_0p02_0027_0007" 5643
"../../../Engine/Content/EngineMaterials/Substrate/GLints/dict_16_192_64_0p5_0p02_0027_0000.uasset" 5644
"../../../Engine/Content/EngineMaterials/Substrate/GLints/dict_16_192_64_0p5_0p02_0027_0009.uasset" 5645
"../../../Engine/Content/EngineMaterials/Substrate/GLints/dict_16_192_64_0p5_0p02_0027_0012.uasset" 5646
"../../../Engine/Content/EngineMaterials/Substrate/GLints/dict_16_192_64_0p5_0p02_0026_0011.uasset" 5647
"../../../Engine/Content/EngineMaterials/Substrate/GLints/dict_16_192_64_0p5_0p02_0026_0015.uasset" 5648
"../../../Engine/Content/EngineMaterials/Substrate/GLints/dict_16_192_64_0p5_0p02_0026_0012.uasset" 5649
"../../../Engine/Content/EngineMaterials/Substrate/GLints/dict_16_192_64_0p5_0p02_0026_0014.uasset" 5650
"../../../Engine/Content/EngineMaterials/Substrate/GLints/dict_16_192_64_0p5_0p02_0026_0013.uasset" 5651
"../../../Engine/Content/EngineMaterials/Substrate/GLints/dict_16_192_64_0p5_0p02_0027_0001.uasset" 5652
"../../../Engine/Content/EngineMaterials/Substrate/GLints/dict_16_192_64_0p5_0p02_0026_0010.uasset" 5653
"../../../Engine/Content/EngineMaterials/Substrate/GLints/dict_16_192_64_0p5_0p02_0026_0008.uasset" 5654
"../../../Engine/Content/EngineMaterials/Substrate/GLints/dict_16_192_64_0p5_0p02_0026_0009.uasset" 5655
"/Engine/EngineMaterials/Substrate/GLints/dict_16_192_64_0p5_0p02_0026_0012" 5656
"../../../Engine/Content/EngineMaterials/Substrate/GLints/dict_16_192_64_0p5_0p02_0026_0007.uasset" 5657
"../../../Engine/Content/EngineMaterials/Substrate/GLints/dict_16_192_64_0p5_0p02_0026_0005.uasset" 5658
"/Engine/EngineMaterials/Substrate/GLints/dict_16_192_64_0p5_0p02_0026_0013" 5659
"/Engine/EngineMaterials/Substrate/GLints/dict_16_192_64_0p5_0p02_0027_0009" 5660
"/Engine/EngineMaterials/Substrate/GLints/dict_16_192_64_0p5_0p02_0026_0014" 5661
"/Engine/EngineMaterials/Substrate/GLints/dict_16_192_64_0p5_0p02_0026_0015" 5662
"../../../Engine/Content/EngineMaterials/Substrate/GLints/dict_16_192_64_0p5_0p02_0026_0004.uasset" 5663
"/Engine/EngineMaterials/Substrate/GLints/dict_16_192_64_0p5_0p02_0027_0000" 5664
"/Engine/EngineMaterials/Substrate/GLints/dict_16_192_64_0p5_0p02_0027_0012" 5665
"/Engine/EngineMaterials/Substrate/GLints/dict_16_192_64_0p5_0p02_0027_0001" 5666
"../../../Engine/Content/EngineMaterials/Substrate/GLints/dict_16_192_64_0p5_0p02_0026_0003.uasset" 5667
"/Engine/EngineMaterials/Substrate/GLints/dict_16_192_64_0p5_0p02_0026_0008" 5668
"/Engine/EngineMaterials/Substrate/GLints/dict_16_192_64_0p5_0p02_0026_0009" 5669
"/Engine/EngineMaterials/Substrate/GLints/dict_16_192_64_0p5_0p02_0026_0011" 5670
"/Engine/EngineMaterials/Substrate/GLints/dict_16_192_64_0p5_0p02_0026_0010" 5671
"/Engine/EngineMaterials/Substrate/GLints/dict_16_192_64_0p5_0p02_0026_0003" 5672
"../../../Engine/Content/EngineMaterials/Substrate/GLints/dict_16_192_64_0p5_0p02_0026_0000.uasset" 5673
"/Engine/EngineMaterials/Substrate/GLints/dict_16_192_64_0p5_0p02_0026_0004" 5674
"../../../Engine/Content/EngineMaterials/Substrate/GLints/dict_16_192_64_0p5_0p02_0025_0015.uasset" 5675
"/Engine/EngineMaterials/Substrate/GLints/dict_16_192_64_0p5_0p02_0026_0005" 5676
"../../../Engine/Content/EngineMaterials/Substrate/GLints/dict_16_192_64_0p5_0p02_0027_0008.uasset" 5677
"/Engine/EngineMaterials/Substrate/GLints/dict_16_192_64_0p5_0p02_0026_0007" 5678
"/Engine/EngineMaterials/Substrate/GLints/dict_16_192_64_0p5_0p02_0025_0015" 5679
"/Engine/EngineMaterials/Substrate/GLints/dict_16_192_64_0p5_0p02_0026_0000" 5680
"../../../Engine/Content/EngineMaterials/Substrate/GLints/dict_16_192_64_0p5_0p02_0025_0014.uasset" 5681
"../../../Engine/Content/EngineMaterials/Substrate/GLints/dict_16_192_64_0p5_0p02_0026_0006.uasset" 5682
"/Engine/EngineMaterials/Substrate/GLints/dict_16_192_64_0p5_0p02_0027_0008" 5683
"../../../Engine/Content/EngineMaterials/Substrate/GLints/dict_16_192_64_0p5_0p02_0026_0001.uasset" 5684
"/Engine/EngineMaterials/Substrate/GLints/dict_16_192_64_0p5_0p02_0025_0014" 5685
"../../../Engine/Content/EngineMaterials/Substrate/GLints/dict_16_192_64_0p5_0p02_0025_0013.uasset" 5686
"/Engine/EngineMaterials/Substrate/GLints/dict_16_192_64_0p5_0p02_0025_0013" 5687
"/Engine/EngineMaterials/Substrate/GLints/dict_16_192_64_0p5_0p02_0026_0001" 5688
"/Engine/EngineMaterials/Substrate/GLints/dict_16_192_64_0p5_0p02_0026_0006" 5689
"../../../Engine/Content/EngineMaterials/Substrate/GLints/dict_16_192_64_0p5_0p02_0025_0012.uasset" 5690
"../../../Engine/Content/EngineMaterials/Substrate/GLints/dict_16_192_64_0p5_0p02_0026_0002.uasset" 5691
"../../../Engine/Content/EngineMaterials/Substrate/GLints/dict_16_192_64_0p5_0p02_0025_0010.uasset" 5692
"../../../Engine/Content/EngineMaterials/Substrate/GLints/dict_16_192_64_0p5_0p02_0025_0007.uasset" 5693
"../../../Engine/Content/EngineMaterials/Substrate/GLints/dict_16_192_64_0p5_0p02_0025_0011.uasset" 5694
"../../../Engine/Content/EngineMaterials/Substrate/GLints/dict_16_192_64_0p5_0p02_0025_0006.uasset" 5695
"../../../Engine/Content/EngineMaterials/Substrate/GLints/dict_16_192_64_0p5_0p02_0025_0004.uasset" 5696
"../../../Engine/Content/EngineMaterials/Substrate/GLints/dict_16_192_64_0p5_0p02_0025_0009.uasset" 5697
"../../../Engine/Content/EngineMaterials/Substrate/GLints/dict_16_192_64_0p5_0p02_0025_0001.uasset" 5698
"../../../Engine/Content/EngineMaterials/Substrate/GLints/dict_16_192_64_0p5_0p02_0025_0005.uasset" 5699
"../../../Engine/Content/EngineMaterials/Substrate/GLints/dict_16_192_64_0p5_0p02_0025_0003.uasset" 5700
"../../../Engine/Content/EngineMaterials/Substrate/GLints/dict_16_192_64_0p5_0p02_0024_0014.uasset" 5701
"../../../Engine/Content/EngineMaterials/Substrate/GLints/dict_16_192_64_0p5_0p02_0024_0013.uasset" 5702
"../../../Engine/Content/EngineMaterials/Substrate/GLints/dict_16_192_64_0p5_0p02_0024_0012.uasset" 5703
"../../../Engine/Content/EngineMaterials/Substrate/GLints/dict_16_192_64_0p5_0p02_0025_0000.uasset" 5704
"../../../Engine/Content/EngineMaterials/Substrate/GLints/dict_16_192_64_0p5_0p02_0025_0002.uasset" 5705
"../../../Engine/Content/EngineMaterials/Substrate/GLints/dict_16_192_64_0p5_0p02_0025_0008.uasset" 5706
"../../../Engine/Content/EngineMaterials/Substrate/GLints/dict_16_192_64_0p5_0p02_0024_0015.uasset" 5707
"/Engine/EngineMaterials/Substrate/GLints/dict_16_192_64_0p5_0p02_0025_0011" 5708
"/Engine/EngineMaterials/Substrate/GLints/dict_16_192_64_0p5_0p02_0025_0012" 5709
"/Engine/EngineMaterials/Substrate/GLints/dict_16_192_64_0p5_0p02_0024_0012" 5710
"/Engine/EngineMaterials/Substrate/GLints/dict_16_192_64_0p5_0p02_0024_0013" 5711
"/Engine/EngineMaterials/Substrate/GLints/dict_16_192_64_0p5_0p02_0024_0014" 5712
"/Engine/EngineMaterials/Substrate/GLints/dict_16_192_64_0p5_0p02_0026_0002" 5713
"/Engine/EngineMaterials/Substrate/GLints/dict_16_192_64_0p5_0p02_0025_0000" 5714
"/Engine/EngineMaterials/Substrate/GLints/dict_16_192_64_0p5_0p02_0025_0001" 5715
"/Engine/EngineMaterials/Substrate/GLints/dict_16_192_64_0p5_0p02_0025_0005" 5716
"/Engine/EngineMaterials/Substrate/GLints/dict_16_192_64_0p5_0p02_0025_0006" 5717
"/Engine/EngineMaterials/Substrate/GLints/dict_16_192_64_0p5_0p02_0025_0002" 5718
"/Engine/EngineMaterials/Substrate/GLints/dict_16_192_64_0p5_0p02_0025_0007" 5719
"/Engine/EngineMaterials/Substrate/GLints/dict_16_192_64_0p5_0p02_0025_0008" 5720
"/Engine/EngineMaterials/Substrate/GLints/dict_16_192_64_0p5_0p02_0025_0009" 5721
"/Engine/EngineMaterials/Substrate/GLints/dict_16_192_64_0p5_0p02_0025_0003" 5722
"../../../Engine/Content/EngineMaterials/Substrate/GLints/dict_16_192_64_0p5_0p02_0024_0009.uasset" 5723
"../../../Engine/Content/EngineMaterials/Substrate/GLints/dict_16_192_64_0p5_0p02_0024_0011.uasset" 5724
"../../../Engine/Content/EngineMaterials/Substrate/GLints/dict_16_192_64_0p5_0p02_0024_0008.uasset" 5725
"/Engine/EngineMaterials/Substrate/GLints/dict_16_192_64_0p5_0p02_0025_0010" 5726
"/Engine/EngineMaterials/Substrate/GLints/dict_16_192_64_0p5_0p02_0025_0004" 5727
"../../../Engine/Content/EngineMaterials/Substrate/GLints/dict_16_192_64_0p5_0p02_0024_0005.uasset" 5728
"/Engine/EngineMaterials/Substrate/GLints/dict_16_192_64_0p5_0p02_0024_0009" 5729
"../../../Engine/Content/EngineMaterials/Substrate/GLints/dict_16_192_64_0p5_0p02_0024_0006.uasset" 5730
"/Engine/EngineMaterials/Substrate/GLints/dict_16_192_64_0p5_0p02_0024_0011" 5731
"../../../Engine/Content/EngineMaterials/Substrate/GLints/dict_16_192_64_0p5_0p02_0024_0010.uasset" 5732
"/Engine/EngineMaterials/Substrate/GLints/dict_16_192_64_0p5_0p02_0024_0015" 5733
"/Engine/EngineMaterials/Substrate/GLints/dict_16_192_64_0p5_0p02_0024_0005" 5734
"/Engine/EngineMaterials/Substrate/GLints/dict_16_192_64_0p5_0p02_0024_0008" 5735
"../../../Engine/Content/EngineMaterials/Substrate/GLints/dict_16_192_64_0p5_0p02_0024_0007.uasset" 5736
"/Engine/EngineMaterials/Substrate/GLints/dict_16_192_64_0p5_0p02_0024_0010" 5737
"/Engine/EngineMaterials/Substrate/GLints/dict_16_192_64_0p5_0p02_0024_0006" 5738
"/Engine/EngineMaterials/Substrate/GLints/dict_16_192_64_0p5_0p02_0024_0007" 5739
"../../../Engine/Content/EngineMaterials/Substrate/GLints/dict_16_192_64_0p5_0p02_0024_0002.uasset" 5740
"/Engine/EngineMaterials/Substrate/GLints/dict_16_192_64_0p5_0p02_0024_0002" 5741
"../../../Engine/Content/EngineMaterials/Substrate/GLints/dict_16_192_64_0p5_0p02_0024_0001.uasset" 5742
"../../../Engine/Content/EngineMaterials/Substrate/GLints/dict_16_192_64_0p5_0p02_0023_0015.uasset" 5743
"../../../Engine/Content/EngineMaterials/Substrate/GLints/dict_16_192_64_0p5_0p02_0023_0014.uasset" 5744
"../../../Engine/Content/EngineMaterials/Substrate/GLints/dict_16_192_64_0p5_0p02_0023_0013.uasset" 5745
"../../../Engine/Content/EngineMaterials/Substrate/GLints/dict_16_192_64_0p5_0p02_0023_0011.uasset" 5746
"../../../Engine/Content/EngineMaterials/Substrate/GLints/dict_16_192_64_0p5_0p02_0024_0000.uasset" 5747
"../../../Engine/Content/EngineMaterials/Substrate/GLints/dict_16_192_64_0p5_0p02_0023_0012.uasset" 5748
"/Engine/EngineMaterials/Substrate/GLints/dict_16_192_64_0p5_0p02_0024_0001" 5749
"/Engine/EngineMaterials/Substrate/GLints/dict_16_192_64_0p5_0p02_0023_0014" 5750
"/Engine/EngineMaterials/Substrate/GLints/dict_16_192_64_0p5_0p02_0023_0015" 5751
"/Engine/EngineMaterials/Substrate/GLints/dict_16_192_64_0p5_0p02_0024_0000" 5752
"/Engine/EngineMaterials/Substrate/GLints/dict_16_192_64_0p5_0p02_0023_0011" 5753
"/Engine/EngineMaterials/Substrate/GLints/dict_16_192_64_0p5_0p02_0023_0012" 5754
"/Engine/EngineMaterials/Substrate/GLints/dict_16_192_64_0p5_0p02_0023_0013" 5755
"../../../Engine/Content/EngineMaterials/Substrate/GLints/dict_16_192_64_0p5_0p02_0023_0010.uasset" 5756
"../../../Engine/Content/EngineMaterials/Substrate/GLints/dict_16_192_64_0p5_0p02_0023_0006.uasset" 5757
"../../../Engine/Content/EngineMaterials/Substrate/GLints/dict_16_192_64_0p5_0p02_0023_0004.uasset" 5758
"../../../Engine/Content/EngineMaterials/Substrate/GLints/dict_16_192_64_0p5_0p02_0023_0009.uasset" 5759
"../../../Engine/Content/EngineMaterials/Substrate/GLints/dict_16_192_64_0p5_0p02_0023_0008.uasset" 5760
"../../../Engine/Content/EngineMaterials/Substrate/GLints/dict_16_192_64_0p5_0p02_0023_0003.uasset" 5761
"../../../Engine/Content/EngineMaterials/Substrate/GLints/dict_16_192_64_0p5_0p02_0023_0007.uasset" 5762
"../../../Engine/Content/EngineMaterials/Substrate/GLints/dict_16_192_64_0p5_0p02_0023_0005.uasset" 5763
"../../../Engine/Content/EngineMaterials/Substrate/GLints/dict_16_192_64_0p5_0p02_0023_0002.uasset" 5764
"../../../Engine/Content/EngineMaterials/Substrate/GLints/dict_16_192_64_0p5_0p02_0023_0001.uasset" 5765
"../../../Engine/Content/EngineMaterials/Substrate/GLints/dict_16_192_64_0p5_0p02_0022_0013.uasset" 5766
"../../../Engine/Content/EngineMaterials/Substrate/GLints/dict_16_192_64_0p5_0p02_0022_0015.uasset" 5767
"../../../Engine/Content/EngineMaterials/Substrate/GLints/dict_16_192_64_0p5_0p02_0022_0012.uasset" 5768
"../../../Engine/Content/EngineMaterials/Substrate/GLints/dict_16_192_64_0p5_0p02_0023_0000.uasset" 5769
"../../../Engine/Content/EngineMaterials/Substrate/GLints/dict_16_192_64_0p5_0p02_0022_0011.uasset" 5770
"../../../Engine/Content/EngineMaterials/Substrate/GLints/dict_16_192_64_0p5_0p02_0022_0014.uasset" 5771
"/Engine/EngineMaterials/Substrate/GLints/dict_16_192_64_0p5_0p02_0022_0013" 5772
"/Engine/EngineMaterials/Substrate/GLints/dict_16_192_64_0p5_0p02_0022_0014" 5773
"/Engine/EngineMaterials/Substrate/GLints/dict_16_192_64_0p5_0p02_0022_0015" 5774
"/Engine/EngineMaterials/Substrate/GLints/dict_16_192_64_0p5_0p02_0023_0000" 5775
"/Engine/EngineMaterials/Substrate/GLints/dict_16_192_64_0p5_0p02_0023_0001" 5776
"/Engine/EngineMaterials/Substrate/GLints/dict_16_192_64_0p5_0p02_0023_0002" 5777
"/Engine/EngineMaterials/Substrate/GLints/dict_16_192_64_0p5_0p02_0022_0011" 5778
"/Engine/EngineMaterials/Substrate/GLints/dict_16_192_64_0p5_0p02_0023_0003" 5779
"/Engine/EngineMaterials/Substrate/GLints/dict_16_192_64_0p5_0p02_0022_0012" 5780
"/Engine/EngineMaterials/Substrate/GLints/dict_16_192_64_0p5_0p02_0023_0004" 5781
"../../../Engine/Content/EngineMaterials/Substrate/GLints/dict_16_192_64_0p5_0p02_0022_0007.uasset" 5782
"/Engine/EngineMaterials/Substrate/GLints/dict_16_192_64_0p5_0p02_0023_0005" 5783
"/Engine/EngineMaterials/Substrate/GLints/dict_16_192_64_0p5_0p02_0023_0006" 5784
"/Engine/EngineMaterials/Substrate/GLints/dict_16_192_64_0p5_0p02_0023_0007" 5785
"/Engine/EngineMaterials/Substrate/GLints/dict_16_192_64_0p5_0p02_0023_0008" 5786
"../../../Engine/Content/EngineMaterials/Substrate/GLints/dict_16_192_64_0p5_0p02_0022_0010.uasset" 5787
"../../../Engine/Content/EngineMaterials/Substrate/GLints/dict_16_192_64_0p5_0p02_0022_0004.uasset" 5788
"/Engine/EngineMaterials/Substrate/GLints/dict_16_192_64_0p5_0p02_0023_0009" 5789
"../../../Engine/Content/EngineMaterials/Substrate/GLints/dict_16_192_64_0p5_0p02_0022_0008.uasset" 5790
"/Engine/EngineMaterials/Substrate/GLints/dict_16_192_64_0p5_0p02_0023_0010" 5791
"../../../Engine/Content/EngineMaterials/Substrate/GLints/dict_16_192_64_0p5_0p02_0022_0005.uasset" 5792
"../../../Engine/Content/EngineMaterials/Substrate/GLints/dict_16_192_64_0p5_0p02_0022_0006.uasset" 5793
"/Engine/EngineMaterials/Substrate/GLints/dict_16_192_64_0p5_0p02_0022_0008" 5794
"../../../Engine/Content/EngineMaterials/Substrate/GLints/dict_16_192_64_0p5_0p02_0022_0009.uasset" 5795
"/Engine/EngineMaterials/Substrate/GLints/dict_16_192_64_0p5_0p02_0022_0005" 5796
"../../../Engine/Content/EngineMaterials/Substrate/GLints/dict_16_192_64_0p5_0p02_0022_0003.uasset" 5797
"/Engine/EngineMaterials/Substrate/GLints/dict_16_192_64_0p5_0p02_0022_0004" 5798
"/Engine/EngineMaterials/Substrate/GLints/dict_16_192_64_0p5_0p02_0022_0010" 5799
"../../../Engine/Content/EngineMaterials/Substrate/GLints/dict_16_192_64_0p5_0p02_0024_0004.uasset" 5800
"/Engine/EngineMaterials/Substrate/GLints/dict_16_192_64_0p5_0p02_0022_0006" 5801
"/Engine/EngineMaterials/Substrate/GLints/dict_16_192_64_0p5_0p02_0022_0007" 5802
"/Engine/EngineMaterials/Substrate/GLints/dict_16_192_64_0p5_0p02_0022_0009" 5803
"/Engine/EngineMaterials/Substrate/GLints/dict_16_192_64_0p5_0p02_0024_0004" 5804
"/Engine/EngineMaterials/Substrate/GLints/dict_16_192_64_0p5_0p02_0022_0003" 5805
"../../../Engine/Content/EngineMaterials/Substrate/GLints/dict_16_192_64_0p5_0p02_0022_0000.uasset" 5806
"../../../Engine/Content/EngineMaterials/Substrate/GLints/dict_16_192_64_0p5_0p02_0022_0001.uasset" 5807
"../../../Engine/Content/EngineMaterials/Substrate/GLints/dict_16_192_64_0p5_0p02_0022_0002.uasset" 5808
"../../../Engine/Content/EngineMaterials/Substrate/GLints/dict_16_192_64_0p5_0p02_0021_0013.uasset" 5809
"../../../Engine/Content/EngineMaterials/Substrate/GLints/dict_16_192_64_0p5_0p02_0021_0011.uasset" 5810
"../../../Engine/Content/EngineMaterials/Substrate/GLints/dict_16_192_64_0p5_0p02_0021_0012.uasset" 5811
"../../../Engine/Content/EngineMaterials/Substrate/GLints/dict_16_192_64_0p5_0p02_0021_0010.uasset" 5812
"../../../Engine/Content/EngineMaterials/Substrate/GLints/dict_16_192_64_0p5_0p02_0021_0007.uasset" 5813
"../../../Engine/Content/EngineMaterials/Substrate/GLints/dict_16_192_64_0p5_0p02_0021_0008.uasset" 5814
"../../../Engine/Content/EngineMaterials/Substrate/GLints/dict_16_192_64_0p5_0p02_0021_0009.uasset" 5815
"../../../Engine/Content/EngineMaterials/Substrate/GLints/dict_16_192_64_0p5_0p02_0021_0006.uasset" 5816
"/Engine/EngineMaterials/Substrate/GLints/dict_16_192_64_0p5_0p02_0021_0013" 5817
"/Engine/EngineMaterials/Substrate/GLints/dict_16_192_64_0p5_0p02_0022_0000" 5818
"/Engine/EngineMaterials/Substrate/GLints/dict_16_192_64_0p5_0p02_0021_0006" 5819
"../../../Engine/Content/EngineMaterials/Substrate/GLints/dict_16_192_64_0p5_0p02_0021_0005.uasset" 5820
"/Engine/EngineMaterials/Substrate/GLints/dict_16_192_64_0p5_0p02_0021_0007" 5821
"/Engine/EngineMaterials/Substrate/GLints/dict_16_192_64_0p5_0p02_0021_0008" 5822
"../../../Engine/Content/EngineMaterials/Substrate/GLints/dict_16_192_64_0p5_0p02_0024_0003.uasset" 5823
"/Engine/EngineMaterials/Substrate/GLints/dict_16_192_64_0p5_0p02_0021_0009" 5824
"/Engine/EngineMaterials/Substrate/GLints/dict_16_192_64_0p5_0p02_0021_0010" 5825
"/Engine/EngineMaterials/Substrate/GLints/dict_16_192_64_0p5_0p02_0021_0011" 5826
"/Engine/EngineMaterials/Substrate/GLints/dict_16_192_64_0p5_0p02_0021_0012" 5827
"/Engine/EngineMaterials/Substrate/GLints/dict_16_192_64_0p5_0p02_0022_0001" 5828
"/Engine/EngineMaterials/Substrate/GLints/dict_16_192_64_0p5_0p02_0022_0002" 5829
"/Engine/EngineMaterials/Substrate/GLints/dict_16_192_64_0p5_0p02_0024_0003" 5830
"/Engine/EngineMaterials/Substrate/GLints/dict_16_192_64_0p5_0p02_0021_0005" 5831
"../../../Engine/Content/EngineMaterials/Substrate/GLints/dict_16_192_64_0p5_0p02_0021_0015.uasset" 5832
"../../../Engine/Content/EngineMaterials/Substrate/GLints/dict_16_192_64_0p5_0p02_0021_0001.uasset" 5833
"../../../Engine/Content/EngineMaterials/Substrate/GLints/dict_16_192_64_0p5_0p02_0021_0002.uasset" 5834
"../../../Engine/Content/EngineMaterials/Substrate/GLints/dict_16_192_64_0p5_0p02_0021_0003.uasset" 5835
"../../../Engine/Content/EngineMaterials/Substrate/GLints/dict_16_192_64_0p5_0p02_0020_0015.uasset" 5836
"../../../Engine/Content/EngineMaterials/Substrate/GLints/dict_16_192_64_0p5_0p02_0021_0000.uasset" 5837
"../../../Engine/Content/EngineMaterials/Substrate/GLints/dict_16_192_64_0p5_0p02_0021_0014.uasset" 5838
"../../../Engine/Content/EngineMaterials/Substrate/GLints/dict_16_192_64_0p5_0p02_0020_0014.uasset" 5839
"../../../Engine/Content/EngineMaterials/Substrate/GLints/dict_16_192_64_0p5_0p02_0021_0004.uasset" 5840
"../../../Engine/Content/EngineMaterials/Substrate/GLints/dict_16_192_64_0p5_0p02_0020_0007.uasset" 5841
"../../../Engine/Content/EngineMaterials/Substrate/GLints/dict_16_192_64_0p5_0p02_0020_0012.uasset" 5842
"../../../Engine/Content/EngineMaterials/Substrate/GLints/dict_16_192_64_0p5_0p02_0020_0011.uasset" 5843
"../../../Engine/Content/EngineMaterials/Substrate/GLints/dict_16_192_64_0p5_0p02_0020_0008.uasset" 5844
"../../../Engine/Content/EngineMaterials/Substrate/GLints/dict_16_192_64_0p5_0p02_0020_0004.uasset" 5845
"../../../Engine/Content/EngineMaterials/Substrate/GLints/dict_16_192_64_0p5_0p02_0020_0010.uasset" 5846
"/Engine/EngineMaterials/Substrate/GLints/dict_16_192_64_0p5_0p02_0020_0007" 5847
"../../../Engine/Content/EngineMaterials/Substrate/GLints/dict_16_192_64_0p5_0p02_0020_0005.uasset" 5848
"/Engine/EngineMaterials/Substrate/GLints/dict_16_192_64_0p5_0p02_0020_0008" 5849
"/Engine/EngineMaterials/Substrate/GLints/dict_16_192_64_0p5_0p02_0020_0004" 5850
"/Engine/EngineMaterials/Substrate/GLints/dict_16_192_64_0p5_0p02_0020_0014" 5851
"/Engine/EngineMaterials/Substrate/GLints/dict_16_192_64_0p5_0p02_0021_0014" 5852
"/Engine/EngineMaterials/Substrate/GLints/dict_16_192_64_0p5_0p02_0020_0015" 5853
"/Engine/EngineMaterials/Substrate/GLints/dict_16_192_64_0p5_0p02_0021_0000" 5854
"/Engine/EngineMaterials/Substrate/GLints/dict_16_192_64_0p5_0p02_0021_0001" 5855
"/Engine/EngineMaterials/Substrate/GLints/dict_16_192_64_0p5_0p02_0020_0010" 5856
"/Engine/EngineMaterials/Substrate/GLints/dict_16_192_64_0p5_0p02_0021_0015" 5857
"/Engine/EngineMaterials/Substrate/GLints/dict_16_192_64_0p5_0p02_0021_0002" 5858
"/Engine/EngineMaterials/Substrate/GLints/dict_16_192_64_0p5_0p02_0021_0003" 5859
"../../../Engine/Content/EngineMaterials/Substrate/GLints/dict_16_192_64_0p5_0p02_0020_0003.uasset" 5860
"/Engine/EngineMaterials/Substrate/GLints/dict_16_192_64_0p5_0p02_0020_0011" 5861
"../../../Engine/Content/EngineMaterials/Substrate/GLints/dict_16_192_64_0p5_0p02_0020_0001.uasset" 5862
"/Engine/EngineMaterials/Substrate/GLints/dict_16_192_64_0p5_0p02_0020_0012" 5863
"/Engine/EngineMaterials/Substrate/GLints/dict_16_192_64_0p5_0p02_0021_0004" 5864
"../../../Engine/Content/EngineMaterials/Substrate/GLints/dict_16_192_64_0p5_0p02_0020_0002.uasset" 5865
"../../../Engine/Content/EngineMaterials/Substrate/GLints/dict_16_192_64_0p5_0p02_0019_0014.uasset" 5866
"../../../Engine/Content/EngineMaterials/Substrate/GLints/dict_16_192_64_0p5_0p02_0020_0000.uasset" 5867
"/Engine/EngineMaterials/Substrate/GLints/dict_16_192_64_0p5_0p02_0020_0005" 5868
"/Engine/EngineMaterials/Substrate/GLints/dict_16_192_64_0p5_0p02_0019_0014" 5869
"/Engine/EngineMaterials/Substrate/GLints/dict_16_192_64_0p5_0p02_0020_0001" 5870
"/Engine/EngineMaterials/Substrate/GLints/dict_16_192_64_0p5_0p02_0020_0002" 5871
"/Engine/EngineMaterials/Substrate/GLints/dict_16_192_64_0p5_0p02_0020_0003" 5872
"../../../Engine/Content/EngineMaterials/Substrate/GLints/dict_16_192_64_0p5_0p02_0019_0013.uasset" 5873
"../../../Engine/Content/EngineMaterials/Substrate/GLints/dict_16_192_64_0p5_0p02_0020_0013.uasset" 5874
"/Engine/EngineMaterials/Substrate/GLints/dict_16_192_64_0p5_0p02_0019_0013" 5875
"../../../Engine/Content/EngineMaterials/Substrate/GLints/dict_16_192_64_0p5_0p02_0019_0015.uasset" 5876
"/Engine/EngineMaterials/Substrate/GLints/dict_16_192_64_0p5_0p02_0020_0000" 5877
"../../../Engine/Content/EngineMaterials/Substrate/GLints/dict_16_192_64_0p5_0p02_0020_0006.uasset" 5878
"/Engine/EngineMaterials/Substrate/GLints/dict_16_192_64_0p5_0p02_0020_0013" 5879
"/Engine/EngineMaterials/Substrate/GLints/dict_16_192_64_0p5_0p02_0019_0015" 5880
"/Engine/EngineMaterials/Substrate/GLints/dict_16_192_64_0p5_0p02_0020_0006" 5881
"../../../Engine/Content/EngineMaterials/Substrate/GLints/dict_16_192_64_0p5_0p02_0020_0009.uasset" 5882
"../../../Engine/Content/EngineMaterials/Substrate/GLints/dict_16_192_64_0p5_0p02_0019_0010.uasset" 5883
"../../../Engine/Content/EngineMaterials/Substrate/GLints/dict_16_192_64_0p5_0p02_0019_0008.uasset" 5884
"../../../Engine/Content/EngineMaterials/Substrate/GLints/dict_16_192_64_0p5_0p02_0019_0012.uasset" 5885
"../../../Engine/Content/EngineMaterials/Substrate/GLints/dict_16_192_64_0p5_0p02_0019_0009.uasset" 5886
"../../../Engine/Content/EngineMaterials/Substrate/GLints/dict_16_192_64_0p5_0p02_0019_0007.uasset" 5887
"../../../Engine/Content/EngineMaterials/Substrate/GLints/dict_16_192_64_0p5_0p02_0019_0004.uasset" 5888
"../../../Engine/Content/EngineMaterials/Substrate/GLints/dict_16_192_64_0p5_0p02_0019_0011.uasset" 5889
"../../../Engine/Content/EngineMaterials/Substrate/GLints/dict_16_192_64_0p5_0p02_0019_0000.uasset" 5890
"../../../Engine/Content/EngineMaterials/Substrate/GLints/dict_16_192_64_0p5_0p02_0019_0003.uasset" 5891
"/Engine/EngineMaterials/Substrate/GLints/dict_16_192_64_0p5_0p02_0019_0009" 5892
"../../../Engine/Content/EngineMaterials/Substrate/GLints/dict_16_192_64_0p5_0p02_0018_0014.uasset" 5893
"../../../Engine/Content/EngineMaterials/Substrate/GLints/dict_16_192_64_0p5_0p02_0018_0013.uasset" 5894
"../../../Engine/Content/EngineMaterials/Substrate/GLints/dict_16_192_64_0p5_0p02_0019_0002.uasset" 5895
"/Engine/EngineMaterials/Substrate/GLints/dict_16_192_64_0p5_0p02_0020_0009" 5896
"/Engine/EngineMaterials/Substrate/GLints/dict_16_192_64_0p5_0p02_0019_0007" 5897
"../../../Engine/Content/EngineMaterials/Substrate/GLints/dict_16_192_64_0p5_0p02_0019_0005.uasset" 5898
"/Engine/EngineMaterials/Substrate/GLints/dict_16_192_64_0p5_0p02_0019_0000" 5899
"/Engine/EngineMaterials/Substrate/GLints/dict_16_192_64_0p5_0p02_0019_0003" 5900
"../../../Engine/Content/EngineMaterials/Substrate/GLints/dict_16_192_64_0p5_0p02_0019_0001.uasset" 5901
"/Engine/EngineMaterials/Substrate/GLints/dict_16_192_64_0p5_0p02_0019_0004" 5902
"/Engine/EngineMaterials/Substrate/GLints/dict_16_192_64_0p5_0p02_0019_0010" 5903
"../../../Engine/Content/EngineMaterials/Substrate/GLints/dict_16_192_64_0p5_0p02_0018_0015.uasset" 5904
"../../../Engine/Content/EngineMaterials/Substrate/GLints/dict_16_192_64_0p5_0p02_0018_0012.uasset" 5905
"/Engine/EngineMaterials/Substrate/GLints/dict_16_192_64_0p5_0p02_0019_0008" 5906
"/Engine/EngineMaterials/Substrate/GLints/dict_16_192_64_0p5_0p02_0019_0011" 5907
"/Engine/EngineMaterials/Substrate/GLints/dict_16_192_64_0p5_0p02_0019_0012" 5908
"/Engine/EngineMaterials/Substrate/GLints/dict_16_192_64_0p5_0p02_0018_0012" 5909
"/Engine/EngineMaterials/Substrate/GLints/dict_16_192_64_0p5_0p02_0018_0013" 5910
"/Engine/EngineMaterials/Substrate/GLints/dict_16_192_64_0p5_0p02_0018_0014" 5911
"/Engine/EngineMaterials/Substrate/GLints/dict_16_192_64_0p5_0p02_0018_0015" 5912
"/Engine/EngineMaterials/Substrate/GLints/dict_16_192_64_0p5_0p02_0019_0001" 5913
"/Engine/EngineMaterials/Substrate/GLints/dict_16_192_64_0p5_0p02_0019_0002" 5914
"../../../Engine/Content/EngineMaterials/Substrate/GLints/dict_16_192_64_0p5_0p02_0018_0011.uasset" 5915
"/Engine/EngineMaterials/Substrate/GLints/dict_16_192_64_0p5_0p02_0019_0005" 5916
"../../../Engine/Content/EngineMaterials/Substrate/GLints/dict_16_192_64_0p5_0p02_0018_0010.uasset" 5917
"/Engine/EngineMaterials/Substrate/GLints/dict_16_192_64_0p5_0p02_0018_0010" 5918
"../../../Engine/Content/EngineMaterials/Substrate/GLints/dict_16_192_64_0p5_0p02_0018_0009.uasset" 5919
"/Engine/EngineMaterials/Substrate/GLints/dict_16_192_64_0p5_0p02_0018_0011" 5920
"../../../Engine/Content/EngineMaterials/Substrate/GLints/dict_16_192_64_0p5_0p02_0018_0007.uasset" 5921
"/Engine/EngineMaterials/Substrate/GLints/dict_16_192_64_0p5_0p02_0018_0009" 5922
"/Engine/EngineMaterials/Substrate/GLints/dict_16_192_64_0p5_0p02_0018_0007" 5923
"../../../Engine/Content/EngineMaterials/Substrate/GLints/dict_16_192_64_0p5_0p02_0018_0008.uasset" 5924
"/Engine/EngineMaterials/Substrate/GLints/dict_16_192_64_0p5_0p02_0018_0008" 5925
"../../../Engine/Content/EngineMaterials/Substrate/GLints/dict_16_192_64_0p5_0p02_0018_0005.uasset" 5926
"../../../Engine/Content/EngineMaterials/Substrate/GLints/dict_16_192_64_0p5_0p02_0018_0004.uasset" 5927
"../../../Engine/Content/EngineMaterials/Substrate/GLints/dict_16_192_64_0p5_0p02_0018_0006.uasset" 5928
"../../../Engine/Content/EngineMaterials/Substrate/GLints/dict_16_192_64_0p5_0p02_0018_0002.uasset" 5929
"../../../Engine/Content/EngineMaterials/Substrate/GLints/dict_16_192_64_0p5_0p02_0019_0006.uasset" 5930
"../../../Engine/Content/EngineMaterials/Substrate/GLints/dict_16_192_64_0p5_0p02_0018_0001.uasset" 5931
"../../../Engine/Content/EngineMaterials/Substrate/GLints/dict_16_192_64_0p5_0p02_0018_0000.uasset" 5932
"../../../Engine/Content/EngineMaterials/Substrate/GLints/dict_16_192_64_0p5_0p02_0017_0015.uasset" 5933
"../../../Engine/Content/EngineMaterials/Substrate/GLints/dict_16_192_64_0p5_0p02_0017_0014.uasset" 5934
"../../../Engine/Content/EngineMaterials/Substrate/GLints/dict_16_192_64_0p5_0p02_0017_0013.uasset" 5935
"../../../Engine/Content/EngineMaterials/Substrate/GLints/dict_16_192_64_0p5_0p02_0017_0011.uasset" 5936
"../../../Engine/Content/EngineMaterials/Substrate/GLints/dict_16_192_64_0p5_0p02_0018_0003.uasset" 5937
"../../../Engine/Content/EngineMaterials/Substrate/GLints/dict_16_192_64_0p5_0p02_0017_0012.uasset" 5938
"/Engine/EngineMaterials/Substrate/GLints/dict_16_192_64_0p5_0p02_0017_0014" 5939
"/Engine/EngineMaterials/Substrate/GLints/dict_16_192_64_0p5_0p02_0018_0003" 5940
"/Engine/EngineMaterials/Substrate/GLints/dict_16_192_64_0p5_0p02_0019_0006" 5941
"/Engine/EngineMaterials/Substrate/GLints/dict_16_192_64_0p5_0p02_0017_0011" 5942
"/Engine/EngineMaterials/Substrate/GLints/dict_16_192_64_0p5_0p02_0017_0013" 5943
"../../../Engine/Content/EngineMaterials/Substrate/GLints/dict_16_192_64_0p5_0p02_0017_0006.uasset" 5944
"../../../Engine/Content/EngineMaterials/Substrate/GLints/dict_16_192_64_0p5_0p02_0017_0005.uasset" 5945
"/Engine/EngineMaterials/Substrate/GLints/dict_16_192_64_0p5_0p02_0018_0001" 5946
"../../../Engine/Content/EngineMaterials/Substrate/GLints/dict_16_192_64_0p5_0p02_0017_0008.uasset" 5947
"../../../Engine/Content/EngineMaterials/Substrate/GLints/dict_16_192_64_0p5_0p02_0017_0009.uasset" 5948
"/Engine/EngineMaterials/Substrate/GLints/dict_16_192_64_0p5_0p02_0018_0004" 5949
"/Engine/EngineMaterials/Substrate/GLints/dict_16_192_64_0p5_0p02_0017_0015" 5950
"../../../Engine/Content/EngineMaterials/Substrate/GLints/dict_16_192_64_0p5_0p02_0017_0007.uasset" 5951
"../../../Engine/Content/EngineMaterials/Substrate/GLints/dict_16_192_64_0p5_0p02_0017_0010.uasset" 5952
"/Engine/EngineMaterials/Substrate/GLints/dict_16_192_64_0p5_0p02_0018_0002" 5953
"/Engine/EngineMaterials/Substrate/GLints/dict_16_192_64_0p5_0p02_0018_0005" 5954
"/Engine/EngineMaterials/Substrate/GLints/dict_16_192_64_0p5_0p02_0018_0006" 5955
"/Engine/EngineMaterials/Substrate/GLints/dict_16_192_64_0p5_0p02_0018_0000" 5956
"/Engine/EngineMaterials/Substrate/GLints/dict_16_192_64_0p5_0p02_0017_0005" 5957
"/Engine/EngineMaterials/Substrate/GLints/dict_16_192_64_0p5_0p02_0017_0006" 5958
"/Engine/EngineMaterials/Substrate/GLints/dict_16_192_64_0p5_0p02_0017_0007" 5959
"/Engine/EngineMaterials/Substrate/GLints/dict_16_192_64_0p5_0p02_0017_0008" 5960
"/Engine/EngineMaterials/Substrate/GLints/dict_16_192_64_0p5_0p02_0017_0009" 5961
"../../../Engine/Content/EngineMaterials/Substrate/GLints/dict_16_192_64_0p5_0p02_0017_0002.uasset" 5962
"../../../Engine/Content/EngineMaterials/Substrate/GLints/dict_16_192_64_0p5_0p02_0017_0004.uasset" 5963
"../../../Engine/Content/EngineMaterials/Substrate/GLints/dict_16_192_64_0p5_0p02_0017_0001.uasset" 5964
"/Engine/EngineMaterials/Substrate/GLints/dict_16_192_64_0p5_0p02_0017_0010" 5965
"/Engine/EngineMaterials/Substrate/GLints/dict_16_192_64_0p5_0p02_0017_0012" 5966
"/Engine/EngineMaterials/Substrate/GLints/dict_16_192_64_0p5_0p02_0017_0004" 5967
"/Engine/EngineMaterials/Substrate/GLints/dict_16_192_64_0p5_0p02_0017_0001" 5968
"/Engine/EngineMaterials/Substrate/GLints/dict_16_192_64_0p5_0p02_0017_0002" 5969
"../../../Engine/Content/EngineMaterials/Substrate/GLints/dict_16_192_64_0p5_0p02_0016_0012.uasset" 5970
"../../../Engine/Content/EngineMaterials/Substrate/GLints/dict_16_192_64_0p5_0p02_0017_0000.uasset" 5971
"../../../Engine/Content/EngineMaterials/Substrate/GLints/dict_16_192_64_0p5_0p02_0016_0015.uasset" 5972
"../../../Engine/Content/EngineMaterials/Substrate/GLints/dict_16_192_64_0p5_0p02_0016_0013.uasset" 5973
"../../../Engine/Content/EngineMaterials/Substrate/GLints/dict_16_192_64_0p5_0p02_0016_0014.uasset" 5974
"../../../Engine/Content/EngineMaterials/Substrate/GLints/dict_16_192_64_0p5_0p02_0017_0003.uasset" 5975
"../../../Engine/Content/EngineMaterials/Substrate/GLints/dict_16_192_64_0p5_0p02_0016_0008.uasset" 5976
"../../../Engine/Content/EngineMaterials/Substrate/GLints/dict_16_192_64_0p5_0p02_0016_0009.uasset" 5977
"../../../Engine/Content/EngineMaterials/Substrate/GLints/dict_16_192_64_0p5_0p02_0016_0006.uasset" 5978
"../../../Engine/Content/EngineMaterials/Substrate/GLints/dict_16_192_64_0p5_0p02_0016_0004.uasset" 5979
"../../../Engine/Content/EngineMaterials/Substrate/GLints/dict_16_192_64_0p5_0p02_0016_0007.uasset" 5980
"../../../Engine/Content/EngineMaterials/Substrate/GLints/dict_16_192_64_0p5_0p02_0016_0003.uasset" 5981
"../../../Engine/Content/EngineMaterials/Substrate/GLints/dict_16_192_64_0p5_0p02_0016_0005.uasset" 5982
"../../../Engine/Content/EngineMaterials/Substrate/GLints/dict_16_192_64_0p5_0p02_0016_0010.uasset" 5983
"../../../Engine/Content/EngineMaterials/Substrate/GLints/dict_16_192_64_0p5_0p02_0016_0002.uasset" 5984
"/Engine/EngineMaterials/Substrate/GLints/dict_16_192_64_0p5_0p02_0016_0008" 5985
"/Engine/EngineMaterials/Substrate/GLints/dict_16_192_64_0p5_0p02_0016_0009" 5986
"../../../Engine/Content/EngineMaterials/Substrate/GLints/dict_16_192_64_0p5_0p02_0016_0011.uasset" 5987
"/Engine/EngineMaterials/Substrate/GLints/dict_16_192_64_0p5_0p02_0016_0012" 5988
"/Engine/EngineMaterials/Substrate/GLints/dict_16_192_64_0p5_0p02_0016_0013" 5989
"/Engine/EngineMaterials/Substrate/GLints/dict_16_192_64_0p5_0p02_0016_0014" 5990
"../../../Engine/Content/EngineMaterials/Substrate/GLints/dict_16_192_64_0p5_0p02_0016_0000.uasset" 5991
"../../../Engine/Content/EngineMaterials/Substrate/GLints/dict_16_192_64_0p5_0p02_0016_0001.uasset" 5992
"/Engine/EngineMaterials/Substrate/GLints/dict_16_192_64_0p5_0p02_0016_0015" 5993
"/Engine/EngineMaterials/Substrate/GLints/dict_16_192_64_0p5_0p02_0017_0000" 5994
"/Engine/EngineMaterials/Substrate/GLints/dict_16_192_64_0p5_0p02_0017_0003" 5995
"/Engine/EngineMaterials/Substrate/GLints/dict_16_192_64_0p5_0p02_0016_0002" 5996
"/Engine/EngineMaterials/Substrate/GLints/dict_16_192_64_0p5_0p02_0016_0003" 5997
"/Engine/EngineMaterials/Substrate/GLints/dict_16_192_64_0p5_0p02_0016_0004" 5998
"/Engine/EngineMaterials/Substrate/GLints/dict_16_192_64_0p5_0p02_0016_0005" 5999
"../../../Engine/Content/EngineMaterials/Substrate/GLints/dict_16_192_64_0p5_0p02_0015_0013.uasset" 6000
"/Engine/EngineMaterials/Substrate/GLints/dict_16_192_64_0p5_0p02_0016_0006" 6001
"/Engine/EngineMaterials/Substrate/GLints/dict_16_192_64_0p5_0p02_0016_0010" 6002
"/Engine/EngineMaterials/Substrate/GLints/dict_16_192_64_0p5_0p02_0016_0007" 6003
"../../../Engine/Content/EngineMaterials/Substrate/GLints/dict_16_192_64_0p5_0p02_0015_0012.uasset" 6004
"../../../Engine/Content/EngineMaterials/Substrate/GLints/dict_16_192_64_0p5_0p02_0015_0015.uasset" 6005
"/Engine/EngineMaterials/Substrate/GLints/dict_16_192_64_0p5_0p02_0015_0012" 6006
"../../../Engine/Content/EngineMaterials/Substrate/GLints/dict_16_192_64_0p5_0p02_0015_0014.uasset" 6007
"/Engine/EngineMaterials/Substrate/GLints/dict_16_192_64_0p5_0p02_0016_0011" 6008
"/Engine/EngineMaterials/Substrate/GLints/dict_16_192_64_0p5_0p02_0015_0013" 6009
"/Engine/EngineMaterials/Substrate/GLints/dict_16_192_64_0p5_0p02_0016_0000" 6010
"/Engine/EngineMaterials/Substrate/GLints/dict_16_192_64_0p5_0p02_0016_0001" 6011
"/Engine/EngineMaterials/Substrate/GLints/dict_16_192_64_0p5_0p02_0015_0014" 6012
"../../../Engine/Content/EngineMaterials/Substrate/GLints/dict_16_192_64_0p5_0p02_0015_0010.uasset" 6013
"../../../Engine/Content/EngineMaterials/Substrate/GLints/dict_16_192_64_0p5_0p02_0015_0011.uasset" 6014
"/Engine/EngineMaterials/Substrate/GLints/dict_16_192_64_0p5_0p02_0015_0015" 6015
"/Engine/EngineMaterials/Substrate/GLints/dict_16_192_64_0p5_0p02_0015_0010" 6016
"/Engine/EngineMaterials/Substrate/GLints/dict_16_192_64_0p5_0p02_0015_0011" 6017
"../../../Engine/Content/EngineMaterials/Substrate/GLints/dict_16_192_64_0p5_0p02_0015_0009.uasset" 6018
"../../../Engine/Content/EngineMaterials/Substrate/GLints/dict_16_192_64_0p5_0p02_0015_0006.uasset" 6019
"../../../Engine/Content/EngineMaterials/Substrate/GLints/dict_16_192_64_0p5_0p02_0015_0007.uasset" 6020
"../../../Engine/Content/EngineMaterials/Substrate/GLints/dict_16_192_64_0p5_0p02_0015_0005.uasset" 6021
"../../../Engine/Content/EngineMaterials/Substrate/GLints/dict_16_192_64_0p5_0p02_0015_0004.uasset" 6022
"../../../Engine/Content/EngineMaterials/Substrate/GLints/dict_16_192_64_0p5_0p02_0015_0003.uasset" 6023
"../../../Engine/Content/EngineMaterials/Substrate/GLints/dict_16_192_64_0p5_0p02_0015_0002.uasset" 6024
"../../../Engine/Content/EngineMaterials/Substrate/GLints/dict_16_192_64_0p5_0p02_0014_0014.uasset" 6025
"../../../Engine/Content/EngineMaterials/Substrate/GLints/dict_16_192_64_0p5_0p02_0014_0012.uasset" 6026
"../../../Engine/Content/EngineMaterials/Substrate/GLints/dict_16_192_64_0p5_0p02_0014_0013.uasset" 6027
"../../../Engine/Content/EngineMaterials/Substrate/GLints/dict_16_192_64_0p5_0p02_0015_0008.uasset" 6028
"../../../Engine/Content/EngineMaterials/Substrate/GLints/dict_16_192_64_0p5_0p02_0014_0011.uasset" 6029
"../../../Engine/Content/EngineMaterials/Substrate/GLints/dict_16_192_64_0p5_0p02_0014_0015.uasset" 6030
"/Engine/EngineMaterials/Substrate/GLints/dict_16_192_64_0p5_0p02_0015_0002" 6031
"../../../Engine/Content/EngineMaterials/Substrate/GLints/dict_16_192_64_0p5_0p02_0014_0009.uasset" 6032
"/Engine/EngineMaterials/Substrate/GLints/dict_16_192_64_0p5_0p02_0015_0005" 6033
"/Engine/EngineMaterials/Substrate/GLints/dict_16_192_64_0p5_0p02_0015_0006" 6034
"/Engine/EngineMaterials/Substrate/GLints/dict_16_192_64_0p5_0p02_0015_0007" 6035
"/Engine/EngineMaterials/Substrate/GLints/dict_16_192_64_0p5_0p02_0015_0003" 6036
"/Engine/EngineMaterials/Substrate/GLints/dict_16_192_64_0p5_0p02_0015_0004" 6037
"/Engine/EngineMaterials/Substrate/GLints/dict_16_192_64_0p5_0p02_0015_0008" 6038
"/Engine/EngineMaterials/Substrate/GLints/dict_16_192_64_0p5_0p02_0015_0009" 6039
"/Engine/EngineMaterials/Substrate/GLints/dict_16_192_64_0p5_0p02_0014_0011" 6040
"/Engine/EngineMaterials/Substrate/GLints/dict_16_192_64_0p5_0p02_0014_0012" 6041
"/Engine/EngineMaterials/Substrate/GLints/dict_16_192_64_0p5_0p02_0014_0013" 6042
"../../../Engine/Content/EngineMaterials/Substrate/GLints/dict_16_192_64_0p5_0p02_0014_0010.uasset" 6043
"/Engine/EngineMaterials/Substrate/GLints/dict_16_192_64_0p5_0p02_0014_0014" 6044
"/Engine/EngineMaterials/Substrate/GLints/dict_16_192_64_0p5_0p02_0014_0009" 6045
"/Engine/EngineMaterials/Substrate/GLints/dict_16_192_64_0p5_0p02_0014_0010" 6046
"/Engine/EngineMaterials/Substrate/GLints/dict_16_192_64_0p5_0p02_0014_0015" 6047
"../../../Engine/Content/EngineMaterials/Substrate/GLints/dict_16_192_64_0p5_0p02_0014_0007.uasset" 6048
"../../../Engine/Content/EngineMaterials/Substrate/GLints/dict_16_192_64_0p5_0p02_0014_0008.uasset" 6049
"../../../Engine/Content/EngineMaterials/Substrate/GLints/dict_16_192_64_0p5_0p02_0014_0006.uasset" 6050
"../../../Engine/Content/EngineMaterials/Substrate/GLints/dict_16_192_64_0p5_0p02_0015_0001.uasset" 6051
"../../../Engine/Content/EngineMaterials/Substrate/GLints/dict_16_192_64_0p5_0p02_0014_0004.uasset" 6052
"../../../Engine/Content/EngineMaterials/Substrate/GLints/dict_16_192_64_0p5_0p02_0014_0002.uasset" 6053
"../../../Engine/Content/EngineMaterials/Substrate/GLints/dict_16_192_64_0p5_0p02_0014_0003.uasset" 6054
"../../../Engine/Content/EngineMaterials/Substrate/GLints/dict_16_192_64_0p5_0p02_0015_0000.uasset" 6055
"../../../Engine/Content/EngineMaterials/Substrate/GLints/dict_16_192_64_0p5_0p02_0014_0001.uasset" 6056
"../../../Engine/Content/EngineMaterials/Substrate/GLints/dict_16_192_64_0p5_0p02_0014_0000.uasset" 6057
"../../../Engine/Content/EngineMaterials/Substrate/GLints/dict_16_192_64_0p5_0p02_0013_0015.uasset" 6058
"../../../Engine/Content/EngineMaterials/Substrate/GLints/dict_16_192_64_0p5_0p02_0013_0012.uasset" 6059
"../../../Engine/Content/EngineMaterials/Substrate/GLints/dict_16_192_64_0p5_0p02_0013_0010.uasset" 6060
"../../../Engine/Content/EngineMaterials/Substrate/GLints/dict_16_192_64_0p5_0p02_0013_0011.uasset" 6061
"../../../Engine/Content/EngineMaterials/Substrate/GLints/dict_16_192_64_0p5_0p02_0013_0014.uasset" 6062
"/Engine/EngineMaterials/Substrate/GLints/dict_16_192_64_0p5_0p02_0013_0014" 6063
"/Engine/EngineMaterials/Substrate/GLints/dict_16_192_64_0p5_0p02_0014_0003" 6064
"/Engine/EngineMaterials/Substrate/GLints/dict_16_192_64_0p5_0p02_0014_0004" 6065
"/Engine/EngineMaterials/Substrate/GLints/dict_16_192_64_0p5_0p02_0013_0015" 6066
"/Engine/EngineMaterials/Substrate/GLints/dict_16_192_64_0p5_0p02_0014_0006" 6067
"/Engine/EngineMaterials/Substrate/GLints/dict_16_192_64_0p5_0p02_0014_0007" 6068
"/Engine/EngineMaterials/Substrate/GLints/dict_16_192_64_0p5_0p02_0014_0008" 6069
"/Engine/EngineMaterials/Substrate/GLints/dict_16_192_64_0p5_0p02_0014_0000" 6070
"/Engine/EngineMaterials/Substrate/GLints/dict_16_192_64_0p5_0p02_0013_0012" 6071
"/Engine/EngineMaterials/Substrate/GLints/dict_16_192_64_0p5_0p02_0013_0010" 6072
"/Engine/EngineMaterials/Substrate/GLints/dict_16_192_64_0p5_0p02_0013_0011" 6073
"../../../Engine/Content/EngineMaterials/Substrate/GLints/dict_16_192_64_0p5_0p02_0013_0009.uasset" 6074
"/Engine/EngineMaterials/Substrate/GLints/dict_16_192_64_0p5_0p02_0014_0001" 6075
"../../../Engine/Content/EngineMaterials/Substrate/GLints/dict_16_192_64_0p5_0p02_0013_0007.uasset" 6076
"/Engine/EngineMaterials/Substrate/GLints/dict_16_192_64_0p5_0p02_0014_0002" 6077
"../../../Engine/Content/EngineMaterials/Substrate/GLints/dict_16_192_64_0p5_0p02_0013_0003.uasset" 6078
"../../../Engine/Content/EngineMaterials/Substrate/GLints/dict_16_192_64_0p5_0p02_0013_0006.uasset" 6079
"/Engine/EngineMaterials/Substrate/GLints/dict_16_192_64_0p5_0p02_0015_0000" 6080
"../../../Engine/Content/EngineMaterials/Substrate/GLints/dict_16_192_64_0p5_0p02_0013_0004.uasset" 6081
"/Engine/EngineMaterials/Substrate/GLints/dict_16_192_64_0p5_0p02_0015_0001" 6082
"../../../Engine/Content/EngineMaterials/Substrate/GLints/dict_16_192_64_0p5_0p02_0013_0002.uasset" 6083
"/Engine/EngineMaterials/Substrate/GLints/dict_16_192_64_0p5_0p02_0013_0003" 6084
"/Engine/EngineMaterials/Substrate/GLints/dict_16_192_64_0p5_0p02_0013_0004" 6085
"/Engine/EngineMaterials/Substrate/GLints/dict_16_192_64_0p5_0p02_0013_0006" 6086
"/Engine/EngineMaterials/Substrate/GLints/dict_16_192_64_0p5_0p02_0013_0007" 6087
"/Engine/EngineMaterials/Substrate/GLints/dict_16_192_64_0p5_0p02_0013_0009" 6088
"/Engine/EngineMaterials/Substrate/GLints/dict_16_192_64_0p5_0p02_0013_0002" 6089
"../../../Engine/Content/EngineMaterials/Substrate/GLints/dict_16_192_64_0p5_0p02_0013_0008.uasset" 6090
"../../../Engine/Content/EngineMaterials/Substrate/GLints/dict_16_192_64_0p5_0p02_0013_0001.uasset" 6091
"../../../Engine/Content/EngineMaterials/Substrate/GLints/dict_16_192_64_0p5_0p02_0012_0013.uasset" 6092
"../../../Engine/Content/EngineMaterials/Substrate/GLints/dict_16_192_64_0p5_0p02_0012_0015.uasset" 6093
"../../../Engine/Content/EngineMaterials/Substrate/GLints/dict_16_192_64_0p5_0p02_0012_0014.uasset" 6094
"../../../Engine/Content/EngineMaterials/Substrate/GLints/dict_16_192_64_0p5_0p02_0012_0012.uasset" 6095
"../../../Engine/Content/EngineMaterials/Substrate/GLints/dict_16_192_64_0p5_0p02_0013_0000.uasset" 6096
"../../../Engine/Content/EngineMaterials/Substrate/GLints/dict_16_192_64_0p5_0p02_0012_0009.uasset" 6097
"/Engine/EngineMaterials/Substrate/GLints/dict_16_192_64_0p5_0p02_0012_0014" 6098
"../../../Engine/Content/EngineMaterials/Substrate/GLints/dict_16_192_64_0p5_0p02_0012_0010.uasset" 6099
"../../../Engine/Content/EngineMaterials/Substrate/GLints/dict_16_192_64_0p5_0p02_0012_0007.uasset" 6100
"../../../Engine/Content/EngineMaterials/Substrate/GLints/dict_16_192_64_0p5_0p02_0012_0006.uasset" 6101
"/Engine/EngineMaterials/Substrate/GLints/dict_16_192_64_0p5_0p02_0012_0015" 6102
"/Engine/EngineMaterials/Substrate/GLints/dict_16_192_64_0p5_0p02_0013_0000" 6103
"../../../Engine/Content/EngineMaterials/Substrate/GLints/dict_16_192_64_0p5_0p02_0012_0005.uasset" 6104
"../../../Engine/Content/EngineMaterials/Substrate/GLints/dict_16_192_64_0p5_0p02_0012_0008.uasset" 6105
"/Engine/EngineMaterials/Substrate/GLints/dict_16_192_64_0p5_0p02_0013_0001" 6106
"/Engine/EngineMaterials/Substrate/GLints/dict_16_192_64_0p5_0p02_0012_0012" 6107
"/Engine/EngineMaterials/Substrate/GLints/dict_16_192_64_0p5_0p02_0013_0008" 6108
"/Engine/EngineMaterials/Substrate/GLints/dict_16_192_64_0p5_0p02_0012_0013" 6109
"/Engine/EngineMaterials/Substrate/GLints/dict_16_192_64_0p5_0p02_0012_0009" 6110
"/Engine/EngineMaterials/Substrate/GLints/dict_16_192_64_0p5_0p02_0012_0005" 6111
"/Engine/EngineMaterials/Substrate/GLints/dict_16_192_64_0p5_0p02_0012_0006" 6112
"/Engine/EngineMaterials/Substrate/GLints/dict_16_192_64_0p5_0p02_0012_0007" 6113
"/Engine/EngineMaterials/Substrate/GLints/dict_16_192_64_0p5_0p02_0012_0008" 6114
"/Engine/EngineMaterials/Substrate/GLints/dict_16_192_64_0p5_0p02_0012_0010" 6115
"../../../Engine/Content/EngineMaterials/Substrate/GLints/dict_16_192_64_0p5_0p02_0012_0001.uasset" 6116
"../../../Engine/Content/EngineMaterials/Substrate/GLints/dict_16_192_64_0p5_0p02_0012_0003.uasset" 6117
"../../../Engine/Content/EngineMaterials/Substrate/GLints/dict_16_192_64_0p5_0p02_0012_0002.uasset" 6118
"../../../Engine/Content/EngineMaterials/Substrate/GLints/dict_16_192_64_0p5_0p02_0012_0011.uasset" 6119
"../../../Engine/Content/EngineMaterials/Substrate/GLints/dict_16_192_64_0p5_0p02_0011_0015.uasset" 6120
"../../../Engine/Content/EngineMaterials/Substrate/GLints/dict_16_192_64_0p5_0p02_0012_0000.uasset" 6121
"../../../Engine/Content/EngineMaterials/Substrate/GLints/dict_16_192_64_0p5_0p02_0012_0004.uasset" 6122
"../../../Engine/Content/EngineMaterials/Substrate/GLints/dict_16_192_64_0p5_0p02_0013_0005.uasset" 6123
"../../../Engine/Content/EngineMaterials/Substrate/GLints/dict_16_192_64_0p5_0p02_0014_0005.uasset" 6124
"../../../Engine/Content/EngineMaterials/Substrate/GLints/dict_16_192_64_0p5_0p02_0011_0009.uasset" 6125
"../../../Engine/Content/EngineMaterials/Substrate/GLints/dict_16_192_64_0p5_0p02_0011_0014.uasset" 6126
"../../../Engine/Content/EngineMaterials/Substrate/GLints/dict_16_192_64_0p5_0p02_0011_0010.uasset" 6127
"../../../Engine/Content/EngineMaterials/Substrate/GLints/dict_16_192_64_0p5_0p02_0011_0013.uasset" 6128
"../../../Engine/Content/EngineMaterials/Substrate/GLints/dict_16_192_64_0p5_0p02_0011_0012.uasset" 6129
"../../../Engine/Content/EngineMaterials/Substrate/GLints/dict_16_192_64_0p5_0p02_0011_0008.uasset" 6130
"/Engine/EngineMaterials/Substrate/GLints/dict_16_192_64_0p5_0p02_0011_0015" 6131
"../../../Engine/Content/EngineMaterials/Substrate/GLints/dict_16_192_64_0p5_0p02_0013_0013.uasset" 6132
"/Engine/EngineMaterials/Substrate/GLints/dict_16_192_64_0p5_0p02_0014_0005" 6133
"../../../Engine/Content/EngineMaterials/Substrate/GLints/dict_16_192_64_0p5_0p02_0011_0007.uasset" 6134
"/Engine/EngineMaterials/Substrate/GLints/dict_16_192_64_0p5_0p02_0012_0000" 6135
"/Engine/EngineMaterials/Substrate/GLints/dict_16_192_64_0p5_0p02_0012_0001" 6136
"/Engine/EngineMaterials/Substrate/GLints/dict_16_192_64_0p5_0p02_0012_0002" 6137
"/Engine/EngineMaterials/Substrate/GLints/dict_16_192_64_0p5_0p02_0012_0011" 6138
"/Engine/EngineMaterials/Substrate/GLints/dict_16_192_64_0p5_0p02_0012_0003" 6139
"/Engine/EngineMaterials/Substrate/GLints/dict_16_192_64_0p5_0p02_0013_0005" 6140
"/Engine/EngineMaterials/Substrate/GLints/dict_16_192_64_0p5_0p02_0012_0004" 6141
"/Engine/EngineMaterials/Substrate/GLints/dict_16_192_64_0p5_0p02_0011_0009" 6142
"/Engine/EngineMaterials/Substrate/GLints/dict_16_192_64_0p5_0p02_0011_0010" 6143
"/Engine/EngineMaterials/Substrate/GLints/dict_16_192_64_0p5_0p02_0011_0012" 6144
"/Engine/EngineMaterials/Substrate/GLints/dict_16_192_64_0p5_0p02_0011_0013" 6145
"/Engine/EngineMaterials/Substrate/GLints/dict_16_192_64_0p5_0p02_0011_0014" 6146
"/Engine/EngineMaterials/Substrate/GLints/dict_16_192_64_0p5_0p02_0011_0007" 6147
"/Engine/EngineMaterials/Substrate/GLints/dict_16_192_64_0p5_0p02_0011_0008" 6148
"/Engine/EngineMaterials/Substrate/GLints/dict_16_192_64_0p5_0p02_0013_0013" 6149
"../../../Engine/Content/EngineMaterials/Substrate/GLints/dict_16_192_64_0p5_0p02_0011_0005.uasset" 6150
"../../../Engine/Content/EngineMaterials/Substrate/GLints/dict_16_192_64_0p5_0p02_0011_0011.uasset" 6151
"../../../Engine/Content/EngineMaterials/Substrate/GLints/dict_16_192_64_0p5_0p02_0011_0003.uasset" 6152
"../../../Engine/Content/EngineMaterials/Substrate/GLints/dict_16_192_64_0p5_0p02_0011_0001.uasset" 6153
"/Engine/EngineMaterials/Substrate/GLints/dict_16_192_64_0p5_0p02_0011_0003" 6154
"/Engine/EngineMaterials/Substrate/GLints/dict_16_192_64_0p5_0p02_0011_0011" 6155
"/Engine/EngineMaterials/Substrate/GLints/dict_16_192_64_0p5_0p02_0011_0001" 6156
"/Engine/EngineMaterials/Substrate/GLints/dict_16_192_64_0p5_0p02_0011_0005" 6157
"../../../Engine/Content/EngineMaterials/Substrate/GLints/dict_16_192_64_0p5_0p02_0011_0004.uasset" 6158
"../../../Engine/Content/EngineMaterials/Substrate/GLints/dict_16_192_64_0p5_0p02_0011_0002.uasset" 6159
"/Engine/EngineMaterials/Substrate/GLints/dict_16_192_64_0p5_0p02_0011_0002" 6160
"/Engine/EngineMaterials/Substrate/GLints/dict_16_192_64_0p5_0p02_0011_0004" 6161
"../../../Engine/Content/EngineMaterials/Substrate/GLints/dict_16_192_64_0p5_0p02_0011_0000.uasset" 6162
"../../../Engine/Content/EngineMaterials/Substrate/GLints/dict_16_192_64_0p5_0p02_0010_0014.uasset" 6163
"../../../Engine/Content/EngineMaterials/Substrate/GLints/dict_16_192_64_0p5_0p02_0011_0006.uasset" 6164
"../../../Engine/Content/EngineMaterials/Substrate/GLints/dict_16_192_64_0p5_0p02_0010_0015.uasset" 6165
"../../../Engine/Content/EngineMaterials/Substrate/GLints/dict_16_192_64_0p5_0p02_0010_0009.uasset" 6166
"../../../Engine/Content/EngineMaterials/Substrate/GLints/dict_16_192_64_0p5_0p02_0010_0008.uasset" 6167
"../../../Engine/Content/EngineMaterials/Substrate/GLints/dict_16_192_64_0p5_0p02_0010_0011.uasset" 6168
"../../../Engine/Content/EngineMaterials/Substrate/GLints/dict_16_192_64_0p5_0p02_0010_0013.uasset" 6169
"../../../Engine/Content/EngineMaterials/Substrate/GLints/dict_16_192_64_0p5_0p02_0010_0012.uasset" 6170
"../../../Engine/Content/EngineMaterials/Substrate/GLints/dict_16_192_64_0p5_0p02_0010_0010.uasset" 6171
"../../../Engine/Content/EngineMaterials/Substrate/GLints/dict_16_192_64_0p5_0p02_0010_0007.uasset" 6172
"../../../Engine/Content/EngineMaterials/Substrate/GLints/dict_16_192_64_0p5_0p02_0010_0006.uasset" 6173
"/Engine/EngineMaterials/Substrate/GLints/dict_16_192_64_0p5_0p02_0010_0014" 6174
"/Engine/EngineMaterials/Substrate/GLints/dict_16_192_64_0p5_0p02_0010_0015" 6175
"/Engine/EngineMaterials/Substrate/GLints/dict_16_192_64_0p5_0p02_0011_0000" 6176
"/Engine/EngineMaterials/Substrate/GLints/dict_16_192_64_0p5_0p02_0011_0006" 6177
"../../../Engine/Content/EngineMaterials/Substrate/GLints/dict_16_192_64_0p5_0p02_0010_0004.uasset" 6178
"../../../Engine/Content/EngineMaterials/Substrate/GLints/dict_16_192_64_0p5_0p02_0010_0002.uasset" 6179
"../../../Engine/Content/EngineMaterials/Substrate/GLints/dict_16_192_64_0p5_0p02_0009_0015.uasset" 6180
"/Engine/EngineMaterials/Substrate/GLints/dict_16_192_64_0p5_0p02_0010_0009" 6181
"/Engine/EngineMaterials/Substrate/GLints/dict_16_192_64_0p5_0p02_0010_0010" 6182
"/Engine/EngineMaterials/Substrate/GLints/dict_16_192_64_0p5_0p02_0010_0011" 6183
"../../../Engine/Content/EngineMaterials/Substrate/GLints/dict_16_192_64_0p5_0p02_0010_0000.uasset" 6184
"/Engine/EngineMaterials/Substrate/GLints/dict_16_192_64_0p5_0p02_0010_0012" 6185
"../../../Engine/Content/EngineMaterials/Substrate/GLints/dict_16_192_64_0p5_0p02_0010_0005.uasset" 6186
"../../../Engine/Content/EngineMaterials/Substrate/GLints/dict_16_192_64_0p5_0p02_0010_0001.uasset" 6187
"/Engine/EngineMaterials/Substrate/GLints/dict_16_192_64_0p5_0p02_0010_0007" 6188
"/Engine/EngineMaterials/Substrate/GLints/dict_16_192_64_0p5_0p02_0010_0008" 6189
"/Engine/EngineMaterials/Substrate/GLints/dict_16_192_64_0p5_0p02_0010_0013" 6190
"/Engine/EngineMaterials/Substrate/GLints/dict_16_192_64_0p5_0p02_0009_0015" 6191
"/Engine/EngineMaterials/Substrate/GLints/dict_16_192_64_0p5_0p02_0010_0000" 6192
"../../../Engine/Content/EngineMaterials/Substrate/GLints/dict_16_192_64_0p5_0p02_0009_0013.uasset" 6193
"/Engine/EngineMaterials/Substrate/GLints/dict_16_192_64_0p5_0p02_0010_0001" 6194
"/Engine/EngineMaterials/Substrate/GLints/dict_16_192_64_0p5_0p02_0010_0002" 6195
"/Engine/EngineMaterials/Substrate/GLints/dict_16_192_64_0p5_0p02_0010_0004" 6196
"/Engine/EngineMaterials/Substrate/GLints/dict_16_192_64_0p5_0p02_0010_0005" 6197
"/Engine/EngineMaterials/Substrate/GLints/dict_16_192_64_0p5_0p02_0010_0006" 6198
"/Engine/EngineMaterials/Substrate/GLints/dict_16_192_64_0p5_0p02_0009_0013" 6199
"../../../Engine/Content/EngineMaterials/Substrate/GLints/dict_16_192_64_0p5_0p02_0010_0003.uasset" 6200
"../../../Engine/Content/EngineMaterials/Substrate/GLints/dict_16_192_64_0p5_0p02_0009_0012.uasset" 6201
"../../../Engine/Content/EngineMaterials/Substrate/GLints/dict_16_192_64_0p5_0p02_0009_0009.uasset" 6202
"../../../Engine/Content/EngineMaterials/Substrate/GLints/dict_16_192_64_0p5_0p02_0009_0011.uasset" 6203
"../../../Engine/Content/EngineMaterials/Substrate/GLints/dict_16_192_64_0p5_0p02_0009_0010.uasset" 6204
"../../../Engine/Content/EngineMaterials/Substrate/GLints/dict_16_192_64_0p5_0p02_0009_0008.uasset" 6205
"../../../Engine/Content/EngineMaterials/Substrate/GLints/dict_16_192_64_0p5_0p02_0009_0006.uasset" 6206
"../../../Engine/Content/EngineMaterials/Substrate/GLints/dict_16_192_64_0p5_0p02_0009_0007.uasset" 6207
"../../../Engine/Content/EngineMaterials/Substrate/GLints/dict_16_192_64_0p5_0p02_0009_0014.uasset" 6208
"../../../Engine/Content/EngineMaterials/Substrate/GLints/dict_16_192_64_0p5_0p02_0009_0005.uasset" 6209
"../../../Engine/Content/EngineMaterials/Substrate/GLints/dict_16_192_64_0p5_0p02_0009_0001.uasset" 6210
"../../../Engine/Content/EngineMaterials/Substrate/GLints/dict_16_192_64_0p5_0p02_0009_0004.uasset" 6211
"../../../Engine/Content/EngineMaterials/Substrate/GLints/dict_16_192_64_0p5_0p02_0009_0000.uasset" 6212
"../../../Engine/Content/EngineMaterials/Substrate/GLints/dict_16_192_64_0p5_0p02_0009_0003.uasset" 6213
"../../../Engine/Content/EngineMaterials/Substrate/GLints/dict_16_192_64_0p5_0p02_0008_0014.uasset" 6214
"../../../Engine/Content/EngineMaterials/Substrate/GLints/dict_16_192_64_0p5_0p02_0008_0015.uasset" 6215
"../../../Engine/Content/EngineMaterials/Substrate/GLints/dict_16_192_64_0p5_0p02_0009_0002.uasset" 6216
"/Engine/EngineMaterials/Substrate/GLints/dict_16_192_64_0p5_0p02_0009_0008" 6217
"/Engine/EngineMaterials/Substrate/GLints/dict_16_192_64_0p5_0p02_0009_0009" 6218
"/Engine/EngineMaterials/Substrate/GLints/dict_16_192_64_0p5_0p02_0009_0010" 6219
"/Engine/EngineMaterials/Substrate/GLints/dict_16_192_64_0p5_0p02_0009_0014" 6220
"/Engine/EngineMaterials/Substrate/GLints/dict_16_192_64_0p5_0p02_0010_0003" 6221
"/Engine/EngineMaterials/Substrate/GLints/dict_16_192_64_0p5_0p02_0009_0004" 6222
"/Engine/EngineMaterials/Substrate/GLints/dict_16_192_64_0p5_0p02_0009_0011" 6223
"/Engine/EngineMaterials/Substrate/GLints/dict_16_192_64_0p5_0p02_0009_0012" 6224
"/Engine/EngineMaterials/Substrate/GLints/dict_16_192_64_0p5_0p02_0008_0014" 6225
"/Engine/EngineMaterials/Substrate/GLints/dict_16_192_64_0p5_0p02_0009_0000" 6226
"/Engine/EngineMaterials/Substrate/GLints/dict_16_192_64_0p5_0p02_0009_0006" 6227
"/Engine/EngineMaterials/Substrate/GLints/dict_16_192_64_0p5_0p02_0009_0007" 6228
"/Engine/EngineMaterials/Substrate/GLints/dict_16_192_64_0p5_0p02_0009_0003" 6229
"/Engine/EngineMaterials/Substrate/GLints/dict_16_192_64_0p5_0p02_0009_0005" 6230
"../../../Engine/Content/EngineMaterials/Substrate/GLints/dict_16_192_64_0p5_0p02_0008_0007.uasset" 6231
"/Engine/EngineMaterials/Substrate/GLints/dict_16_192_64_0p5_0p02_0009_0001" 6232
"../../../Engine/Content/EngineMaterials/Substrate/GLints/dict_16_192_64_0p5_0p02_0008_0008.uasset" 6233
"/Engine/EngineMaterials/Substrate/GLints/dict_16_192_64_0p5_0p02_0008_0007" 6234
"../../../Engine/Content/EngineMaterials/Substrate/GLints/dict_16_192_64_0p5_0p02_0008_0009.uasset" 6235
"/Engine/EngineMaterials/Substrate/GLints/dict_16_192_64_0p5_0p02_0008_0008" 6236
"../../../Engine/Content/EngineMaterials/Substrate/GLints/dict_16_192_64_0p5_0p02_0008_0010.uasset" 6237
"../../../Engine/Content/EngineMaterials/Substrate/GLints/dict_16_192_64_0p5_0p02_0008_0004.uasset" 6238
"/Engine/EngineMaterials/Substrate/GLints/dict_16_192_64_0p5_0p02_0009_0002" 6239
"../../../Engine/Content/EngineMaterials/Substrate/GLints/dict_16_192_64_0p5_0p02_0008_0005.uasset" 6240
"/Engine/EngineMaterials/Substrate/GLints/dict_16_192_64_0p5_0p02_0008_0015" 6241
"/Engine/EngineMaterials/Substrate/GLints/dict_16_192_64_0p5_0p02_0008_0009" 6242
"/Engine/EngineMaterials/Substrate/GLints/dict_16_192_64_0p5_0p02_0008_0004" 6243
"/Engine/EngineMaterials/Substrate/GLints/dict_16_192_64_0p5_0p02_0008_0010" 6244
"/Engine/EngineMaterials/Substrate/GLints/dict_16_192_64_0p5_0p02_0008_0005" 6245
"../../../Engine/Content/EngineMaterials/Substrate/GLints/dict_16_192_64_0p5_0p02_0008_0012.uasset" 6246
"../../../Engine/Content/EngineMaterials/Substrate/GLints/dict_16_192_64_0p5_0p02_0008_0003.uasset" 6247
"../../../Engine/Content/EngineMaterials/Substrate/GLints/dict_16_192_64_0p5_0p02_0008_0001.uasset" 6248
"../../../Engine/Content/EngineMaterials/Substrate/GLints/dict_16_192_64_0p5_0p02_0008_0002.uasset" 6249
"../../../Engine/Content/EngineMaterials/Substrate/GLints/dict_16_192_64_0p5_0p02_0007_0014.uasset" 6250
"../../../Engine/Content/EngineMaterials/Substrate/GLints/dict_16_192_64_0p5_0p02_0007_0015.uasset" 6251
"../../../Engine/Content/EngineMaterials/Substrate/GLints/dict_16_192_64_0p5_0p02_0008_0000.uasset" 6252
"../../../Engine/Content/EngineMaterials/Substrate/GLints/dict_16_192_64_0p5_0p02_0007_0013.uasset" 6253
"../../../Engine/Content/EngineMaterials/Substrate/GLints/dict_16_192_64_0p5_0p02_0008_0013.uasset" 6254
"/Engine/EngineMaterials/Substrate/GLints/dict_16_192_64_0p5_0p02_0008_0000" 6255
"../../../Engine/Content/EngineMaterials/Substrate/GLints/dict_16_192_64_0p5_0p02_0007_0011.uasset" 6256
"../../../Engine/Content/EngineMaterials/Substrate/GLints/dict_16_192_64_0p5_0p02_0007_0009.uasset" 6257
"../../../Engine/Content/EngineMaterials/Substrate/GLints/dict_16_192_64_0p5_0p02_0007_0008.uasset" 6258
"/Engine/EngineMaterials/Substrate/GLints/dict_16_192_64_0p5_0p02_0008_0001" 6259
"../../../Engine/Content/EngineMaterials/Substrate/GLints/dict_16_192_64_0p5_0p02_0007_0012.uasset" 6260
"../../../Engine/Content/EngineMaterials/Substrate/GLints/dict_16_192_64_0p5_0p02_0007_0007.uasset" 6261
"/Engine/EngineMaterials/Substrate/GLints/dict_16_192_64_0p5_0p02_0008_0002" 6262
"/Engine/EngineMaterials/Substrate/GLints/dict_16_192_64_0p5_0p02_0008_0003" 6263
"/Engine/EngineMaterials/Substrate/GLints/dict_16_192_64_0p5_0p02_0007_0015" 6264
"/Engine/EngineMaterials/Substrate/GLints/dict_16_192_64_0p5_0p02_0008_0012" 6265
"/Engine/EngineMaterials/Substrate/GLints/dict_16_192_64_0p5_0p02_0008_0013" 6266
"/Engine/EngineMaterials/Substrate/GLints/dict_16_192_64_0p5_0p02_0007_0013" 6267
"/Engine/EngineMaterials/Substrate/GLints/dict_16_192_64_0p5_0p02_0007_0014" 6268
"/Engine/EngineMaterials/Substrate/GLints/dict_16_192_64_0p5_0p02_0007_0007" 6269
"/Engine/EngineMaterials/Substrate/GLints/dict_16_192_64_0p5_0p02_0007_0008" 6270
"/Engine/EngineMaterials/Substrate/GLints/dict_16_192_64_0p5_0p02_0007_0009" 6271
"/Engine/EngineMaterials/Substrate/GLints/dict_16_192_64_0p5_0p02_0007_0011" 6272
"/Engine/EngineMaterials/Substrate/GLints/dict_16_192_64_0p5_0p02_0007_0012" 6273
"../../../Engine/Content/EngineMaterials/Substrate/GLints/dict_16_192_64_0p5_0p02_0008_0006.uasset" 6274
"../../../Engine/Content/EngineMaterials/Substrate/GLints/dict_16_192_64_0p5_0p02_0008_0011.uasset" 6275
"../../../Engine/Content/EngineMaterials/Substrate/GLints/dict_16_192_64_0p5_0p02_0007_0000.uasset" 6276
"../../../Engine/Content/EngineMaterials/Substrate/GLints/dict_16_192_64_0p5_0p02_0007_0001.uasset" 6277
"../../../Engine/Content/EngineMaterials/Substrate/GLints/dict_16_192_64_0p5_0p02_0007_0004.uasset" 6278
"../../../Engine/Content/EngineMaterials/Substrate/GLints/dict_16_192_64_0p5_0p02_0007_0006.uasset" 6279
"../../../Engine/Content/EngineMaterials/Substrate/GLints/dict_16_192_64_0p5_0p02_0007_0005.uasset" 6280
"../../../Engine/Content/EngineMaterials/Substrate/GLints/dict_16_192_64_0p5_0p02_0007_0003.uasset" 6281
"../../../Engine/Content/EngineMaterials/Substrate/GLints/dict_16_192_64_0p5_0p02_0006_0015.uasset" 6282
"/Engine/EngineMaterials/Substrate/GLints/dict_16_192_64_0p5_0p02_0007_0000" 6283
"/Engine/EngineMaterials/Substrate/GLints/dict_16_192_64_0p5_0p02_0007_0001" 6284
"../../../Engine/Content/EngineMaterials/Substrate/GLints/dict_16_192_64_0p5_0p02_0006_0011.uasset" 6285
"/Engine/EngineMaterials/Substrate/GLints/dict_16_192_64_0p5_0p02_0007_0003" 6286
"../../../Engine/Content/EngineMaterials/Substrate/GLints/dict_16_192_64_0p5_0p02_0006_0012.uasset" 6287
"/Engine/EngineMaterials/Substrate/GLints/dict_16_192_64_0p5_0p02_0007_0004" 6288
"../../../Engine/Content/EngineMaterials/Substrate/GLints/dict_16_192_64_0p5_0p02_0006_0013.uasset" 6289
"/Engine/EngineMaterials/Substrate/GLints/dict_16_192_64_0p5_0p02_0007_0005" 6290
"/Engine/EngineMaterials/Substrate/GLints/dict_16_192_64_0p5_0p02_0007_0006" 6291
"/Engine/EngineMaterials/Substrate/GLints/dict_16_192_64_0p5_0p02_0008_0006" 6292
"/Engine/EngineMaterials/Substrate/GLints/dict_16_192_64_0p5_0p02_0008_0011" 6293
"/Engine/EngineMaterials/Substrate/GLints/dict_16_192_64_0p5_0p02_0006_0015" 6294
"/Engine/EngineMaterials/Substrate/GLints/dict_16_192_64_0p5_0p02_0006_0012" 6295
"/Engine/EngineMaterials/Substrate/GLints/dict_16_192_64_0p5_0p02_0006_0013" 6296
"/Engine/EngineMaterials/Substrate/GLints/dict_16_192_64_0p5_0p02_0006_0011" 6297
"../../../Engine/Content/EngineMaterials/Substrate/GLints/dict_16_192_64_0p5_0p02_0006_0007.uasset" 6298
"../../../Engine/Content/EngineMaterials/Substrate/GLints/dict_16_192_64_0p5_0p02_0006_0008.uasset" 6299
"../../../Engine/Content/EngineMaterials/Substrate/GLints/dict_16_192_64_0p5_0p02_0006_0009.uasset" 6300
"../../../Engine/Content/EngineMaterials/Substrate/GLints/dict_16_192_64_0p5_0p02_0006_0005.uasset" 6301
"../../../Engine/Content/EngineMaterials/Substrate/GLints/dict_16_192_64_0p5_0p02_0006_0006.uasset" 6302
"../../../Engine/Content/EngineMaterials/Substrate/GLints/dict_16_192_64_0p5_0p02_0006_0014.uasset" 6303
"../../../Engine/Content/EngineMaterials/Substrate/GLints/dict_16_192_64_0p5_0p02_0007_0002.uasset" 6304
"../../../Engine/Content/EngineMaterials/Substrate/GLints/dict_16_192_64_0p5_0p02_0006_0010.uasset" 6305
"../../../Engine/Content/EngineMaterials/Substrate/GLints/dict_16_192_64_0p5_0p02_0006_0003.uasset" 6306
"../../../Engine/Content/EngineMaterials/Substrate/GLints/dict_16_192_64_0p5_0p02_0006_0001.uasset" 6307
"../../../Engine/Content/EngineMaterials/Substrate/GLints/dict_16_192_64_0p5_0p02_0006_0000.uasset" 6308
"../../../Engine/Content/EngineMaterials/Substrate/GLints/dict_16_192_64_0p5_0p02_0005_0014.uasset" 6309
"../../../Engine/Content/EngineMaterials/Substrate/GLints/dict_16_192_64_0p5_0p02_0005_0015.uasset" 6310
"/Engine/EngineMaterials/Substrate/GLints/dict_16_192_64_0p5_0p02_0007_0002" 6311
"../../../Engine/Content/EngineMaterials/Substrate/GLints/dict_16_192_64_0p5_0p02_0005_0013.uasset" 6312
"/Engine/EngineMaterials/Substrate/GLints/dict_16_192_64_0p5_0p02_0005_0015" 6313
"/Engine/EngineMaterials/Substrate/GLints/dict_16_192_64_0p5_0p02_0006_0000" 6314
"/Engine/EngineMaterials/Substrate/GLints/dict_16_192_64_0p5_0p02_0006_0001" 6315
"/Engine/EngineMaterials/Substrate/GLints/dict_16_192_64_0p5_0p02_0006_0008" 6316
"/Engine/EngineMaterials/Substrate/GLints/dict_16_192_64_0p5_0p02_0006_0009" 6317
"/Engine/EngineMaterials/Substrate/GLints/dict_16_192_64_0p5_0p02_0006_0010" 6318
"/Engine/EngineMaterials/Substrate/GLints/dict_16_192_64_0p5_0p02_0006_0014" 6319
"/Engine/EngineMaterials/Substrate/GLints/dict_16_192_64_0p5_0p02_0006_0003" 6320
"/Engine/EngineMaterials/Substrate/GLints/dict_16_192_64_0p5_0p02_0006_0005" 6321
"/Engine/EngineMaterials/Substrate/GLints/dict_16_192_64_0p5_0p02_0005_0014" 6322
"/Engine/EngineMaterials/Substrate/GLints/dict_16_192_64_0p5_0p02_0006_0006" 6323
"/Engine/EngineMaterials/Substrate/GLints/dict_16_192_64_0p5_0p02_0006_0007" 6324
"/Engine/EngineMaterials/Substrate/GLints/dict_16_192_64_0p5_0p02_0005_0013" 6325
"../../../Engine/Content/EngineMaterials/Substrate/GLints/dict_16_192_64_0p5_0p02_0005_0010.uasset" 6326
"../../../Engine/Content/EngineMaterials/Substrate/GLints/dict_16_192_64_0p5_0p02_0006_0004.uasset" 6327
"../../../Engine/Content/EngineMaterials/Substrate/GLints/dict_16_192_64_0p5_0p02_0005_0009.uasset" 6328
"../../../Engine/Content/EngineMaterials/Substrate/GLints/dict_16_192_64_0p5_0p02_0005_0011.uasset" 6329
"../../../Engine/Content/EngineMaterials/Substrate/GLints/dict_16_192_64_0p5_0p02_0006_0002.uasset" 6330
"../../../Engine/Content/EngineMaterials/Substrate/GLints/dict_16_192_64_0p5_0p02_0005_0007.uasset" 6331
"../../../Engine/Content/EngineMaterials/Substrate/GLints/dict_16_192_64_0p5_0p02_0005_0006.uasset" 6332
"../../../Engine/Content/EngineMaterials/Substrate/GLints/dict_16_192_64_0p5_0p02_0007_0010.uasset" 6333
"../../../Engine/Content/EngineMaterials/Substrate/GLints/dict_16_192_64_0p5_0p02_0005_0003.uasset" 6334
"../../../Engine/Content/EngineMaterials/Substrate/GLints/dict_16_192_64_0p5_0p02_0005_0005.uasset" 6335
"../../../Engine/Content/EngineMaterials/Substrate/GLints/dict_16_192_64_0p5_0p02_0005_0002.uasset" 6336
"../../../Engine/Content/EngineMaterials/Substrate/GLints/dict_16_192_64_0p5_0p02_0005_0000.uasset" 6337
"../../../Engine/Content/EngineMaterials/Substrate/GLints/dict_16_192_64_0p5_0p02_0005_0004.uasset" 6338
"/Engine/EngineMaterials/Substrate/GLints/dict_16_192_64_0p5_0p02_0005_0002" 6339
"../../../Engine/Content/EngineMaterials/Substrate/GLints/dict_16_192_64_0p5_0p02_0004_0015.uasset" 6340
"/Engine/EngineMaterials/Substrate/GLints/dict_16_192_64_0p5_0p02_0005_0003" 6341
"/Engine/EngineMaterials/Substrate/GLints/dict_16_192_64_0p5_0p02_0006_0002" 6342
"/Engine/EngineMaterials/Substrate/GLints/dict_16_192_64_0p5_0p02_0005_0005" 6343
"/Engine/EngineMaterials/Substrate/GLints/dict_16_192_64_0p5_0p02_0005_0006" 6344
"/Engine/EngineMaterials/Substrate/GLints/dict_16_192_64_0p5_0p02_0005_0010" 6345
"/Engine/EngineMaterials/Substrate/GLints/dict_16_192_64_0p5_0p02_0005_0000" 6346
"/Engine/EngineMaterials/Substrate/GLints/dict_16_192_64_0p5_0p02_0005_0007" 6347
"/Engine/EngineMaterials/Substrate/GLints/dict_16_192_64_0p5_0p02_0006_0004" 6348
"/Engine/EngineMaterials/Substrate/GLints/dict_16_192_64_0p5_0p02_0005_0011" 6349
"/Engine/EngineMaterials/Substrate/GLints/dict_16_192_64_0p5_0p02_0005_0009" 6350
"/Engine/EngineMaterials/Substrate/GLints/dict_16_192_64_0p5_0p02_0007_0010" 6351
"/Engine/EngineMaterials/Substrate/GLints/dict_16_192_64_0p5_0p02_0004_0015" 6352
"/Engine/EngineMaterials/Substrate/GLints/dict_16_192_64_0p5_0p02_0005_0004" 6353
"../../../Engine/Content/EngineMaterials/Substrate/GLints/dict_16_192_64_0p5_0p02_0004_0008.uasset" 6354
"../../../Engine/Content/EngineMaterials/Substrate/GLints/dict_16_192_64_0p5_0p02_0004_0012.uasset" 6355
"../../../Engine/Content/EngineMaterials/Substrate/GLints/dict_16_192_64_0p5_0p02_0005_0008.uasset" 6356
"../../../Engine/Content/EngineMaterials/Substrate/GLints/dict_16_192_64_0p5_0p02_0004_0010.uasset" 6357
"../../../Engine/Content/EngineMaterials/Substrate/GLints/dict_16_192_64_0p5_0p02_0004_0011.uasset" 6358
"../../../Engine/Content/EngineMaterials/Substrate/GLints/dict_16_192_64_0p5_0p02_0004_0013.uasset" 6359
"../../../Engine/Content/EngineMaterials/Substrate/GLints/dict_16_192_64_0p5_0p02_0004_0004.uasset" 6360
"../../../Engine/Content/EngineMaterials/Substrate/GLints/dict_16_192_64_0p5_0p02_0004_0006.uasset" 6361
"../../../Engine/Content/EngineMaterials/Substrate/GLints/dict_16_192_64_0p5_0p02_0005_0012.uasset" 6362
"../../../Engine/Content/EngineMaterials/Substrate/GLints/dict_16_192_64_0p5_0p02_0004_0007.uasset" 6363
"../../../Engine/Content/EngineMaterials/Substrate/GLints/dict_16_192_64_0p5_0p02_0004_0005.uasset" 6364
"../../../Engine/Content/EngineMaterials/Substrate/GLints/dict_16_192_64_0p5_0p02_0004_0002.uasset" 6365
"../../../Engine/Content/EngineMaterials/Substrate/GLints/dict_16_192_64_0p5_0p02_0004_0003.uasset" 6366
"/Engine/EngineMaterials/Substrate/GLints/dict_16_192_64_0p5_0p02_0004_0002" 6367
"/Engine/EngineMaterials/Substrate/GLints/dict_16_192_64_0p5_0p02_0004_0004" 6368
"/Engine/EngineMaterials/Substrate/GLints/dict_16_192_64_0p5_0p02_0004_0005" 6369
"/Engine/EngineMaterials/Substrate/GLints/dict_16_192_64_0p5_0p02_0004_0006" 6370
"/Engine/EngineMaterials/Substrate/GLints/dict_16_192_64_0p5_0p02_0004_0007" 6371
"/Engine/EngineMaterials/Substrate/GLints/dict_16_192_64_0p5_0p02_0004_0008" 6372
"/Engine/EngineMaterials/Substrate/GLints/dict_16_192_64_0p5_0p02_0005_0008" 6373
"/Engine/EngineMaterials/Substrate/GLints/dict_16_192_64_0p5_0p02_0004_0010" 6374
"/Engine/EngineMaterials/Substrate/GLints/dict_16_192_64_0p5_0p02_0005_0012" 6375
"/Engine/EngineMaterials/Substrate/GLints/dict_16_192_64_0p5_0p02_0004_0011" 6376
"/Engine/EngineMaterials/Substrate/GLints/dict_16_192_64_0p5_0p02_0004_0012" 6377
"/Engine/EngineMaterials/Substrate/GLints/dict_16_192_64_0p5_0p02_0004_0013" 6378
"/Engine/EngineMaterials/Substrate/GLints/dict_16_192_64_0p5_0p02_0004_0003" 6379
"../../../Engine/Content/EngineMaterials/Substrate/GLints/dict_16_192_64_0p5_0p02_0005_0001.uasset" 6380
"../../../Engine/Content/EngineMaterials/Substrate/GLints/dict_16_192_64_0p5_0p02_0003_0015.uasset" 6381
"../../../Engine/Content/EngineMaterials/Substrate/GLints/dict_16_192_64_0p5_0p02_0003_0012.uasset" 6382
"../../../Engine/Content/EngineMaterials/Substrate/GLints/dict_16_192_64_0p5_0p02_0003_0013.uasset" 6383
"../../../Engine/Content/EngineMaterials/Substrate/GLints/dict_16_192_64_0p5_0p02_0003_0011.uasset" 6384
"../../../Engine/Content/EngineMaterials/Substrate/GLints/dict_16_192_64_0p5_0p02_0003_0014.uasset" 6385
"../../../Engine/Content/EngineMaterials/Substrate/GLints/dict_16_192_64_0p5_0p02_0004_0001.uasset" 6386
"../../../Engine/Content/EngineMaterials/Substrate/GLints/dict_16_192_64_0p5_0p02_0004_0000.uasset" 6387
"../../../Engine/Content/EngineMaterials/Substrate/GLints/dict_16_192_64_0p5_0p02_0003_0005.uasset" 6388
"../../../Engine/Content/EngineMaterials/Substrate/GLints/dict_16_192_64_0p5_0p02_0003_0009.uasset" 6389
"../../../Engine/Content/EngineMaterials/Substrate/GLints/dict_16_192_64_0p5_0p02_0003_0004.uasset" 6390
"../../../Engine/Content/EngineMaterials/Substrate/GLints/dict_16_192_64_0p5_0p02_0003_0006.uasset" 6391
"../../../Engine/Content/EngineMaterials/Substrate/GLints/dict_16_192_64_0p5_0p02_0004_0014.uasset" 6392
"../../../Engine/Content/EngineMaterials/Substrate/GLints/dict_16_192_64_0p5_0p02_0003_0010.uasset" 6393
"../../../Engine/Content/EngineMaterials/Substrate/GLints/dict_16_192_64_0p5_0p02_0003_0007.uasset" 6394
"../../../Engine/Content/EngineMaterials/Substrate/GLints/dict_16_192_64_0p5_0p02_0003_0008.uasset" 6395
"/Engine/EngineMaterials/Substrate/GLints/dict_16_192_64_0p5_0p02_0005_0001" 6396
"/Engine/EngineMaterials/Substrate/GLints/dict_16_192_64_0p5_0p02_0004_0014" 6397
"/Engine/EngineMaterials/Substrate/GLints/dict_16_192_64_0p5_0p02_0003_0004" 6398
"/Engine/EngineMaterials/Substrate/GLints/dict_16_192_64_0p5_0p02_0004_0001" 6399
"/Engine/EngineMaterials/Substrate/GLints/dict_16_192_64_0p5_0p02_0003_0005" 6400
"/Engine/EngineMaterials/Substrate/GLints/dict_16_192_64_0p5_0p02_0003_0006" 6401
"/Engine/EngineMaterials/Substrate/GLints/dict_16_192_64_0p5_0p02_0003_0007" 6402
"/Engine/EngineMaterials/Substrate/GLints/dict_16_192_64_0p5_0p02_0003_0008" 6403
"/Engine/EngineMaterials/Substrate/GLints/dict_16_192_64_0p5_0p02_0003_0009" 6404
"/Engine/EngineMaterials/Substrate/GLints/dict_16_192_64_0p5_0p02_0003_0010" 6405
"/Engine/EngineMaterials/Substrate/GLints/dict_16_192_64_0p5_0p02_0003_0011" 6406
"/Engine/EngineMaterials/Substrate/GLints/dict_16_192_64_0p5_0p02_0003_0012" 6407
"../../../Engine/Content/EngineMaterials/Substrate/GLints/dict_16_192_64_0p5_0p02_0004_0009.uasset" 6408
"../../../Engine/Content/EngineMaterials/Substrate/GLints/dict_16_192_64_0p5_0p02_0003_0000.uasset" 6409
"../../../Engine/Content/EngineMaterials/Substrate/GLints/dict_16_192_64_0p5_0p02_0003_0001.uasset" 6410
"/Engine/EngineMaterials/Substrate/GLints/dict_16_192_64_0p5_0p02_0003_0013" 6411
"../../../Engine/Content/EngineMaterials/Substrate/GLints/dict_16_192_64_0p5_0p02_0002_0011.uasset" 6412
"/Engine/EngineMaterials/Substrate/GLints/dict_16_192_64_0p5_0p02_0003_0014" 6413
"/Engine/EngineMaterials/Substrate/GLints/dict_16_192_64_0p5_0p02_0003_0015" 6414
"../../../Engine/Content/EngineMaterials/Substrate/GLints/dict_16_192_64_0p5_0p02_0002_0012.uasset" 6415
"/Engine/EngineMaterials/Substrate/GLints/dict_16_192_64_0p5_0p02_0004_0000" 6416
"../../../Engine/Content/EngineMaterials/Substrate/GLints/dict_16_192_64_0p5_0p02_0003_0003.uasset" 6417
"/Engine/EngineMaterials/Substrate/GLints/dict_16_192_64_0p5_0p02_0003_0003" 6418
"/Engine/EngineMaterials/Substrate/GLints/dict_16_192_64_0p5_0p02_0002_0011" 6419
"/Engine/EngineMaterials/Substrate/GLints/dict_16_192_64_0p5_0p02_0002_0012" 6420
"/Engine/EngineMaterials/Substrate/GLints/dict_16_192_64_0p5_0p02_0004_0009" 6421
"/Engine/EngineMaterials/Substrate/GLints/dict_16_192_64_0p5_0p02_0003_0000" 6422
"../../../Engine/Content/EngineMaterials/Substrate/GLints/dict_16_192_64_0p5_0p02_0002_0013.uasset" 6423
"/Engine/EngineMaterials/Substrate/GLints/dict_16_192_64_0p5_0p02_0003_0001" 6424
"/Engine/EngineMaterials/Substrate/GLints/dict_16_192_64_0p5_0p02_0002_0013" 6425
"../../../Engine/Content/EngineMaterials/Substrate/GLints/dict_16_192_64_0p5_0p02_0002_0009.uasset" 6426
"../../../Engine/Content/EngineMaterials/Substrate/GLints/dict_16_192_64_0p5_0p02_0002_0007.uasset" 6427
"../../../Engine/Content/EngineMaterials/Substrate/GLints/dict_16_192_64_0p5_0p02_0002_0005.uasset" 6428
"../../../Engine/Content/EngineMaterials/Substrate/GLints/dict_16_192_64_0p5_0p02_0003_0002.uasset" 6429
"../../../Engine/Content/EngineMaterials/Substrate/GLints/dict_16_192_64_0p5_0p02_0002_0006.uasset" 6430
"../../../Engine/Content/EngineMaterials/Substrate/GLints/dict_16_192_64_0p5_0p02_0002_0010.uasset" 6431
"../../../Engine/Content/EngineMaterials/Substrate/GLints/dict_16_192_64_0p5_0p02_0002_0015.uasset" 6432
"../../../Engine/Content/EngineMaterials/Substrate/GLints/dict_16_192_64_0p5_0p02_0002_0003.uasset" 6433
"../../../Engine/Content/EngineMaterials/Substrate/GLints/dict_16_192_64_0p5_0p02_0001_0014.uasset" 6434
"../../../Engine/Content/EngineMaterials/Substrate/GLints/dict_16_192_64_0p5_0p02_0002_0014.uasset" 6435
"../../../Engine/Content/EngineMaterials/Substrate/GLints/dict_16_192_64_0p5_0p02_0001_0015.uasset" 6436
"../../../Engine/Content/EngineMaterials/Substrate/GLints/dict_16_192_64_0p5_0p02_0002_0002.uasset" 6437
"../../../Engine/Content/EngineMaterials/Substrate/GLints/dict_16_192_64_0p5_0p02_0002_0001.uasset" 6438
"/Engine/EngineMaterials/Substrate/GLints/dict_16_192_64_0p5_0p02_0002_0006" 6439
"/Engine/EngineMaterials/Substrate/GLints/dict_16_192_64_0p5_0p02_0002_0005" 6440
"/Engine/EngineMaterials/Substrate/GLints/dict_16_192_64_0p5_0p02_0003_0002" 6441
"../../../Engine/Content/EngineMaterials/Substrate/GLints/dict_16_192_64_0p5_0p02_0002_0004.uasset" 6442
"/Engine/EngineMaterials/Substrate/GLints/dict_16_192_64_0p5_0p02_0002_0007" 6443
"/Engine/EngineMaterials/Substrate/GLints/dict_16_192_64_0p5_0p02_0002_0009" 6444
"/Engine/EngineMaterials/Substrate/GLints/dict_16_192_64_0p5_0p02_0002_0010" 6445
"/Engine/EngineMaterials/Substrate/GLints/dict_16_192_64_0p5_0p02_0001_0014" 6446
"/Engine/EngineMaterials/Substrate/GLints/dict_16_192_64_0p5_0p02_0001_0015" 6447
"/Engine/EngineMaterials/Substrate/GLints/dict_16_192_64_0p5_0p02_0002_0001" 6448
"/Engine/EngineMaterials/Substrate/GLints/dict_16_192_64_0p5_0p02_0002_0002" 6449
"/Engine/EngineMaterials/Substrate/GLints/dict_16_192_64_0p5_0p02_0002_0014" 6450
"/Engine/EngineMaterials/Substrate/GLints/dict_16_192_64_0p5_0p02_0002_0003" 6451
"/Engine/EngineMaterials/Substrate/GLints/dict_16_192_64_0p5_0p02_0002_0015" 6452
"/Engine/EngineMaterials/Substrate/GLints/dict_16_192_64_0p5_0p02_0002_0004" 6453
"../../../Engine/Content/EngineMaterials/Substrate/GLints/dict_16_192_64_0p5_0p02_0001_0008.uasset" 6454
"../../../Engine/Content/EngineMaterials/Substrate/GLints/dict_16_192_64_0p5_0p02_0001_0009.uasset" 6455
"../../../Engine/Content/EngineMaterials/Substrate/GLints/dict_16_192_64_0p5_0p02_0001_0012.uasset" 6456
"../../../Engine/Content/EngineMaterials/Substrate/GLints/dict_16_192_64_0p5_0p02_0001_0007.uasset" 6457
"../../../Engine/Content/EngineMaterials/Substrate/GLints/dict_16_192_64_0p5_0p02_0001_0013.uasset" 6458
"../../../Engine/Content/EngineMaterials/Substrate/GLints/dict_16_192_64_0p5_0p02_0002_0000.uasset" 6459
"../../../Engine/Content/EngineMaterials/Substrate/GLints/dict_16_192_64_0p5_0p02_0001_0011.uasset" 6460
"../../../Engine/Content/EngineMaterials/Substrate/GLints/dict_16_192_64_0p5_0p02_0002_0008.uasset" 6461
"../../../Engine/Content/EngineMaterials/Substrate/GLints/dict_16_192_64_0p5_0p02_0001_0002.uasset" 6462
"../../../Engine/Content/EngineMaterials/Substrate/GLints/dict_16_192_64_0p5_0p02_0001_0003.uasset" 6463
"../../../Engine/Content/EngineMaterials/Substrate/GLints/dict_16_192_64_0p5_0p02_0001_0004.uasset" 6464
"../../../Engine/Content/EngineMaterials/Substrate/GLints/dict_16_192_64_0p5_0p02_0001_0005.uasset" 6465
"../../../Engine/Content/EngineMaterials/Substrate/GLints/dict_16_192_64_0p5_0p02_0000_0014.uasset" 6466
"/Engine/EngineMaterials/Substrate/GLints/dict_16_192_64_0p5_0p02_0001_0005" 6467
"/Engine/EngineMaterials/Substrate/GLints/dict_16_192_64_0p5_0p02_0001_0007" 6468
"/Engine/EngineMaterials/Substrate/GLints/dict_16_192_64_0p5_0p02_0001_0008" 6469
"/Engine/EngineMaterials/Substrate/GLints/dict_16_192_64_0p5_0p02_0001_0009" 6470
"/Engine/EngineMaterials/Substrate/GLints/dict_16_192_64_0p5_0p02_0002_0008" 6471
"../../../Engine/Content/EngineMaterials/Substrate/GLints/dict_16_192_64_0p5_0p02_0000_0015.uasset" 6472
"/Engine/EngineMaterials/Substrate/GLints/dict_16_192_64_0p5_0p02_0001_0011" 6473
"/Engine/EngineMaterials/Substrate/GLints/dict_16_192_64_0p5_0p02_0001_0012" 6474
"/Engine/EngineMaterials/Substrate/GLints/dict_16_192_64_0p5_0p02_0001_0013" 6475
"/Engine/EngineMaterials/Substrate/GLints/dict_16_192_64_0p5_0p02_0001_0002" 6476
"../../../Engine/Content/EngineMaterials/Substrate/GLints/dict_16_192_64_0p5_0p02_0001_0006.uasset" 6477
"/Engine/EngineMaterials/Substrate/GLints/dict_16_192_64_0p5_0p02_0002_0000" 6478
"../../../Engine/Content/EngineMaterials/Substrate/GLints/dict_16_192_64_0p5_0p02_0000_0012.uasset" 6479
"/Engine/EngineMaterials/Substrate/GLints/dict_16_192_64_0p5_0p02_0000_0014" 6480
"/Engine/EngineMaterials/Substrate/GLints/dict_16_192_64_0p5_0p02_0001_0003" 6481
"/Engine/EngineMaterials/Substrate/GLints/dict_16_192_64_0p5_0p02_0001_0004" 6482
"../../../Engine/Content/EngineMaterials/Substrate/GLints/dict_16_192_64_0p5_0p02_0000_0013.uasset" 6483
"/Engine/EngineMaterials/Substrate/GLints/dict_16_192_64_0p5_0p02_0001_0006" 6484
"/Engine/EngineMaterials/Substrate/GLints/dict_16_192_64_0p5_0p02_0000_0015" 6485
"../../../Engine/Content/EngineMaterials/Substrate/GLints/dict_16_192_64_0p5_0p02_0000_0011.uasset" 6486
"/Engine/EngineMaterials/Substrate/GLints/dict_16_192_64_0p5_0p02_0000_0012" 6487
"../../../Engine/Content/EngineMaterials/Substrate/GLints/dict_16_192_64_0p5_0p02_0000_0009.uasset" 6488
"/Engine/EngineMaterials/Substrate/GLints/dict_16_192_64_0p5_0p02_0000_0013" 6489
"/Engine/EngineMaterials/Substrate/GLints/dict_16_192_64_0p5_0p02_0000_0009" 6490
"/Engine/EngineMaterials/Substrate/GLints/dict_16_192_64_0p5_0p02_0000_0011" 6491
"../../../Engine/Content/EngineMaterials/Substrate/GLints/dict_16_192_64_0p5_0p02_0000_0010.uasset" 6492
"../../../Engine/Content/EngineMaterials/Substrate/GLints/dict_16_192_64_0p5_0p02_0001_0010.uasset" 6493
"../../../Engine/Content/EngineMaterials/Substrate/GLints/dict_16_192_64_0p5_0p02_0001_0000.uasset" 6494
"../../../Engine/Content/EngineMaterials/Substrate/GLints/dict_16_192_64_0p5_0p02_0000_0006.uasset" 6495
"../../../Engine/Content/EngineMaterials/Substrate/GLints/dict_16_192_64_0p5_0p02_0000_0008.uasset" 6496
"../../../Engine/Content/EngineMaterials/Substrate/GLints/dict_16_192_64_0p5_0p02_0000_0007.uasset" 6497
"../../../Engine/Content/EngineMaterials/Substrate/GLints/dict_16_192_64_0p5_0p02_0001_0001.uasset" 6498
"../../../Engine/Content/EngineMaterials/Substrate/GLints/dict_16_192_64_0p5_0p02_0000_0005.uasset" 6499
"../../../Engine/Content/EngineMaterials/Substrate/GLints/dict_16_192_64_0p5_0p02_0000_0003.uasset" 6500
"../../../Engine/Content/EngineMaterials/Substrate/GLints/dict_16_192_64_0p5_0p02_0000_0004.uasset" 6501
"../../../Engine/Content/EngineMaterials/Substrate/GLints/dict_16_192_64_0p5_0p02_0000_0001.uasset" 6502
"/Engine/EngineMaterials/Substrate/GLints/dict_16_192_64_0p5_0p02_0000_0001" 6503
"/Engine/EngineMaterials/Substrate/GLints/dict_16_192_64_0p5_0p02_0000_0003" 6504
"/Engine/EngineMaterials/Substrate/GLints/dict_16_192_64_0p5_0p02_0000_0004" 6505
"../../../Engine/Content/EngineMaterials/Substrate/GLints/AGlintTex2dArray.uasset" 6506
"/Engine/EngineMaterials/Substrate/GLints/dict_16_192_64_0p5_0p02_0001_0010" 6507
"/Engine/EngineMaterials/Substrate/GLints/dict_16_192_64_0p5_0p02_0000_0005" 6508
"../../../Engine/Content/EngineMaterials/Substrate/Glints2/dict_0007_0254.uasset" 6509
"../../../Engine/Content/EngineMaterials/Substrate/Glints2/dict_0007_0255.uasset" 6510
"/Engine/EngineMaterials/Substrate/GLints/dict_16_192_64_0p5_0p02_0000_0006" 6511
"../../../Engine/Content/EngineMaterials/Substrate/Glints2/dict_0007_0251.uasset" 6512
"/Engine/EngineMaterials/Substrate/GLints/dict_16_192_64_0p5_0p02_0000_0007" 6513
"../../../Engine/Content/EngineMaterials/Substrate/Glints2/dict_0007_0252.uasset" 6514
"/Engine/EngineMaterials/Substrate/GLints/dict_16_192_64_0p5_0p02_0001_0000" 6515
"/Engine/EngineMaterials/Substrate/GLints/dict_16_192_64_0p5_0p02_0000_0008" 6516
"/Engine/EngineMaterials/Substrate/GLints/dict_16_192_64_0p5_0p02_0001_0001" 6517
"../../../Engine/Content/EngineMaterials/Substrate/Glints2/dict_0007_0250.uasset" 6518
"/Engine/EngineMaterials/Substrate/GLints/dict_16_192_64_0p5_0p02_0000_0010" 6519
"/Engine/EngineMaterials/Substrate/Glints2/dict_0007_0250" 6520
"/Engine/EngineMaterials/Substrate/Glints2/dict_0007_0251" 6521
"/Engine/EngineMaterials/Substrate/Glints2/dict_0007_0252" 6522
"/Engine/EngineMaterials/Substrate/Glints2/dict_0007_0254" 6523
"/Engine/EngineMaterials/Substrate/Glints2/dict_0007_0255" 6524
"../../../Engine/Content/EngineMaterials/Substrate/Glints2/dict_0007_0249.uasset" 6525
"/Engine/EngineMaterials/Substrate/Glints2/dict_0007_0249" 6526
"../../../Engine/Content/EngineMaterials/Substrate/Glints2/dict_0007_0247.uasset" 6527
"../../../Engine/Content/EngineMaterials/Substrate/Glints2/dict_0007_0248.uasset" 6528
"../../../Engine/Content/EngineMaterials/Substrate/Glints2/dict_0007_0244.uasset" 6529
"../../../Engine/Content/EngineMaterials/Substrate/Glints2/dict_0007_0246.uasset" 6530
"../../../Engine/Content/EngineMaterials/Substrate/Glints2/dict_0007_0245.uasset" 6531
"../../../Engine/Content/EngineMaterials/Substrate/Glints2/dict_0007_0243.uasset" 6532
"../../../Engine/Content/EngineMaterials/Substrate/Glints2/dict_0007_0242.uasset" 6533
"../../../Engine/Content/EngineMaterials/Substrate/Glints2/dict_0007_0241.uasset" 6534
"/Engine/EngineMaterials/Substrate/Glints2/dict_0007_0244" 6535
"../../../Engine/Content/EngineMaterials/Substrate/Glints2/dict_0007_0240.uasset" 6536
"../../../Engine/Content/EngineMaterials/Substrate/Glints2/dict_0007_0239.uasset" 6537
"../../../Engine/Content/EngineMaterials/Substrate/Glints2/dict_0007_0236.uasset" 6538
"../../../Engine/Content/EngineMaterials/Substrate/Glints2/dict_0007_0237.uasset" 6539
"/Engine/EngineMaterials/Substrate/Glints2/dict_0007_0245" 6540
"/Engine/EngineMaterials/Substrate/Glints2/dict_0007_0246" 6541
"/Engine/EngineMaterials/Substrate/Glints2/dict_0007_0247" 6542
"/Engine/EngineMaterials/Substrate/Glints2/dict_0007_0241" 6543
"/Engine/EngineMaterials/Substrate/Glints2/dict_0007_0248" 6544
"/Engine/EngineMaterials/Substrate/Glints2/dict_0007_0242" 6545
"/Engine/EngineMaterials/Substrate/Glints2/dict_0007_0243" 6546
"/Engine/EngineMaterials/Substrate/Glints2/dict_0007_0240" 6547
"/Engine/EngineMaterials/Substrate/Glints2/dict_0007_0236" 6548
"/Engine/EngineMaterials/Substrate/Glints2/dict_0007_0237" 6549
"/Engine/EngineMaterials/Substrate/Glints2/dict_0007_0239" 6550
"../../../Engine/Content/EngineMaterials/Substrate/Glints2/dict_0007_0235.uasset" 6551
"../../../Engine/Content/EngineMaterials/Substrate/Glints2/dict_0007_0232.uasset" 6552
"../../../Engine/Content/EngineMaterials/Substrate/Glints2/dict_0007_0234.uasset" 6553
"../../../Engine/Content/EngineMaterials/Substrate/Glints2/dict_0007_0231.uasset" 6554
"../../../Engine/Content/EngineMaterials/Substrate/Glints2/dict_0007_0233.uasset" 6555
"../../../Engine/Content/EngineMaterials/Substrate/Glints2/dict_0007_0230.uasset" 6556
"../../../Engine/Content/EngineMaterials/Substrate/Glints2/dict_0007_0227.uasset" 6557
"../../../Engine/Content/EngineMaterials/Substrate/Glints2/dict_0007_0229.uasset" 6558
"../../../Engine/Content/EngineMaterials/Substrate/Glints2/dict_0007_0228.uasset" 6559
"../../../Engine/Content/EngineMaterials/Substrate/Glints2/dict_0007_0226.uasset" 6560
"../../../Engine/Content/EngineMaterials/Substrate/Glints2/dict_0007_0238.uasset" 6561
"../../../Engine/Content/EngineMaterials/Substrate/Glints2/dict_0007_0253.uasset" 6562
"../../../Engine/Content/EngineMaterials/Substrate/Glints2/dict_0007_0225.uasset" 6563
"../../../Engine/Content/EngineMaterials/Substrate/GLints/dict_16_192_64_0p5_0p02_0000_0002.uasset" 6564
"/Engine/EngineMaterials/Substrate/Glints2/dict_0007_0227" 6565
"/Engine/EngineMaterials/Substrate/GLints/dict_16_192_64_0p5_0p02_0000_0002" 6566
"/Engine/EngineMaterials/Substrate/Glints2/dict_0007_0228" 6567
"/Engine/EngineMaterials/Substrate/Glints2/dict_0007_0229" 6568
"/Engine/EngineMaterials/Substrate/Glints2/dict_0007_0230" 6569
"/Engine/EngineMaterials/Substrate/Glints2/dict_0007_0231" 6570
"/Engine/EngineMaterials/Substrate/Glints2/dict_0007_0232" 6571
"/Engine/EngineMaterials/Substrate/Glints2/dict_0007_0233" 6572
"/Engine/EngineMaterials/Substrate/Glints2/dict_0007_0234" 6573
"/Engine/EngineMaterials/Substrate/Glints2/dict_0007_0235" 6574
"/Engine/EngineMaterials/Substrate/Glints2/dict_0007_0253" 6575
"/Engine/EngineMaterials/Substrate/Glints2/dict_0007_0225" 6576
"/Engine/EngineMaterials/Substrate/Glints2/dict_0007_0238" 6577
"/Engine/EngineMaterials/Substrate/Glints2/dict_0007_0226" 6578
"../../../Engine/Content/EngineMaterials/Substrate/Glints2/dict_0007_0216.uasset" 6579
"../../../Engine/Content/EngineMaterials/Substrate/Glints2/dict_0007_0221.uasset" 6580
"../../../Engine/Content/EngineMaterials/Substrate/Glints2/dict_0007_0220.uasset" 6581
"../../../Engine/Content/EngineMaterials/Substrate/Glints2/dict_0007_0223.uasset" 6582
"../../../Engine/Content/EngineMaterials/Substrate/GLints/dict_16_192_64_0p5_0p02_0000_0000.uasset" 6583
"../../../Engine/Content/EngineMaterials/Substrate/Glints2/dict_0007_0222.uasset" 6584
"../../../Engine/Content/EngineMaterials/Substrate/Glints2/dict_0007_0217.uasset" 6585
"../../../Engine/Content/EngineMaterials/Substrate/Glints2/dict_0007_0224.uasset" 6586
"../../../Engine/Content/EngineMaterials/Substrate/Glints2/dict_0007_0210.uasset" 6587
"../../../Engine/Content/EngineMaterials/Substrate/Glints2/dict_0007_0213.uasset" 6588
"../../../Engine/Content/EngineMaterials/Substrate/Glints2/dict_0007_0209.uasset" 6589
"../../../Engine/Content/EngineMaterials/Substrate/Glints2/dict_0007_0214.uasset" 6590
"/Engine/EngineMaterials/Substrate/Glints2/dict_0007_0213" 6591
"/Engine/EngineMaterials/Substrate/Glints2/dict_0007_0209" 6592
"/Engine/EngineMaterials/Substrate/Glints2/dict_0007_0214" 6593
"/Engine/EngineMaterials/Substrate/Glints2/dict_0007_0216" 6594
"/Engine/EngineMaterials/Substrate/Glints2/dict_0007_0217" 6595
"/Engine/EngineMaterials/Substrate/Glints2/dict_0007_0221" 6596
"/Engine/EngineMaterials/Substrate/Glints2/dict_0007_0222" 6597
"/Engine/EngineMaterials/Substrate/Glints2/dict_0007_0223" 6598
"/Engine/EngineMaterials/Substrate/Glints2/dict_0007_0210" 6599
"/Engine/EngineMaterials/Substrate/Glints2/dict_0007_0224" 6600
"/Engine/EngineMaterials/Substrate/GLints/dict_16_192_64_0p5_0p02_0000_0000" 6601
"../../../Engine/Content/EngineMaterials/Substrate/Glints2/dict_0007_0207.uasset" 6602
"../../../Engine/Content/EngineMaterials/Substrate/Glints2/dict_0007_0205.uasset" 6603
"/Engine/EngineMaterials/Substrate/Glints2/dict_0007_0220" 6604
"../../../Engine/Content/EngineMaterials/Substrate/Glints2/dict_0007_0219.uasset" 6605
"/Engine/EngineMaterials/Substrate/GLints/AGlintTex2dArray" 6606
"../../../Engine/Content/EngineMaterials/Substrate/Glints2/dict_0007_0204.uasset" 6607
"../../../Engine/Content/EngineMaterials/Substrate/Glints2/dict_0007_0206.uasset" 6608
"../../../Engine/Content/EngineMaterials/Substrate/Glints2/dict_0007_0208.uasset" 6609
"../../../Engine/Content/EngineMaterials/Substrate/Glints2/dict_0007_0215.uasset" 6610
"../../../Engine/Content/EngineMaterials/Substrate/Glints2/dict_0007_0200.uasset" 6611
"../../../Engine/Content/EngineMaterials/Substrate/Glints2/dict_0007_0197.uasset" 6612
"../../../Engine/Content/EngineMaterials/Substrate/Glints2/dict_0007_0203.uasset" 6613
"../../../Engine/Content/EngineMaterials/Substrate/Glints2/dict_0007_0218.uasset" 6614
"../../../Engine/Content/EngineMaterials/Substrate/Glints2/dict_0007_0212.uasset" 6615
"../../../Engine/Content/EngineMaterials/Substrate/Glints2/dict_0007_0198.uasset" 6616
"../../../Engine/Content/EngineMaterials/Substrate/Glints2/dict_0007_0199.uasset" 6617
"../../../Engine/Content/EngineMaterials/Substrate/Glints2/dict_0007_0202.uasset" 6618
"../../../Engine/Content/EngineMaterials/Substrate/Glints2/dict_0007_0201.uasset" 6619
"../../../Engine/Content/EngineMaterials/Substrate/Glints2/dict_0007_0195.uasset" 6620
"../../../Engine/Content/EngineMaterials/Substrate/Glints2/dict_0007_0196.uasset" 6621
"/Engine/EngineMaterials/Substrate/Glints2/dict_0007_0215" 6622
"/Engine/EngineMaterials/Substrate/Glints2/dict_0007_0195" 6623
"/Engine/EngineMaterials/Substrate/Glints2/dict_0007_0196" 6624
"/Engine/EngineMaterials/Substrate/Glints2/dict_0007_0197" 6625
"/Engine/EngineMaterials/Substrate/Glints2/dict_0007_0198" 6626
"/Engine/EngineMaterials/Substrate/Glints2/dict_0007_0199" 6627
"/Engine/EngineMaterials/Substrate/Glints2/dict_0007_0218" 6628
"/Engine/EngineMaterials/Substrate/Glints2/dict_0007_0200" 6629
"/Engine/EngineMaterials/Substrate/Glints2/dict_0007_0201" 6630
"/Engine/EngineMaterials/Substrate/Glints2/dict_0007_0202" 6631
"/Engine/EngineMaterials/Substrate/Glints2/dict_0007_0203" 6632
"/Engine/EngineMaterials/Substrate/Glints2/dict_0007_0204" 6633
"../../../Engine/Content/EngineMaterials/Substrate/Glints2/dict_0007_0211.uasset" 6634
"/Engine/EngineMaterials/Substrate/Glints2/dict_0007_0205" 6635
"/Engine/EngineMaterials/Substrate/Glints2/dict_0007_0206" 6636
"/Engine/EngineMaterials/Substrate/Glints2/dict_0007_0207" 6637
"/Engine/EngineMaterials/Substrate/Glints2/dict_0007_0212" 6638
"../../../Engine/Content/EngineMaterials/Substrate/Glints2/dict_0007_0193.uasset" 6639
"../../../Engine/Content/EngineMaterials/Substrate/Glints2/dict_0007_0194.uasset" 6640
"/Engine/EngineMaterials/Substrate/Glints2/dict_0007_0219" 6641
"/Engine/EngineMaterials/Substrate/Glints2/dict_0007_0208" 6642
"/Engine/EngineMaterials/Substrate/Glints2/dict_0007_0211" 6643
"/Engine/EngineMaterials/Substrate/Glints2/dict_0007_0193" 6644
"/Engine/EngineMaterials/Substrate/Glints2/dict_0007_0194" 6645
"../../../Engine/Content/EngineMaterials/Substrate/Glints2/dict_0007_0192.uasset" 6646
"../../../Engine/Content/EngineMaterials/Substrate/Glints2/dict_0007_0190.uasset" 6647
"../../../Engine/Content/EngineMaterials/Substrate/Glints2/dict_0007_0189.uasset" 6648
"../../../Engine/Content/EngineMaterials/Substrate/Glints2/dict_0007_0188.uasset" 6649
"/Engine/EngineMaterials/Substrate/Glints2/dict_0007_0188" 6650
"/Engine/EngineMaterials/Substrate/Glints2/dict_0007_0189" 6651
"/Engine/EngineMaterials/Substrate/Glints2/dict_0007_0190" 6652
"../../../Engine/Content/EngineMaterials/Substrate/Glints2/dict_0007_0186.uasset" 6653
"../../../Engine/Content/EngineMaterials/Substrate/Glints2/dict_0007_0187.uasset" 6654
"/Engine/EngineMaterials/Substrate/Glints2/dict_0007_0192" 6655
"../../../Engine/Content/EngineMaterials/Substrate/Glints2/dict_0007_0183.uasset" 6656
"/Engine/EngineMaterials/Substrate/Glints2/dict_0007_0183" 6657
"../../../Engine/Content/EngineMaterials/Substrate/Glints2/dict_0007_0182.uasset" 6658
"../../../Engine/Content/EngineMaterials/Substrate/Glints2/dict_0007_0184.uasset" 6659
"../../../Engine/Content/EngineMaterials/Substrate/Glints2/dict_0007_0185.uasset" 6660
"/Engine/EngineMaterials/Substrate/Glints2/dict_0007_0186" 6661
"/Engine/EngineMaterials/Substrate/Glints2/dict_0007_0187" 6662
"/Engine/EngineMaterials/Substrate/Glints2/dict_0007_0182" 6663
"/Engine/EngineMaterials/Substrate/Glints2/dict_0007_0184" 6664
"/Engine/EngineMaterials/Substrate/Glints2/dict_0007_0185" 6665
"../../../Engine/Content/EngineMaterials/Substrate/Glints2/dict_0007_0181.uasset" 6666
"../../../Engine/Content/EngineMaterials/Substrate/Glints2/dict_0007_0178.uasset" 6667
"../../../Engine/Content/EngineMaterials/Substrate/Glints2/dict_0007_0180.uasset" 6668
"../../../Engine/Content/EngineMaterials/Substrate/Glints2/dict_0007_0176.uasset" 6669
"../../../Engine/Content/EngineMaterials/Substrate/Glints2/dict_0007_0177.uasset" 6670
"../../../Engine/Content/EngineMaterials/Substrate/Glints2/dict_0007_0179.uasset" 6671
"../../../Engine/Content/EngineMaterials/Substrate/Glints2/dict_0007_0175.uasset" 6672
"../../../Engine/Content/EngineMaterials/Substrate/Glints2/dict_0007_0174.uasset" 6673
"/Engine/EngineMaterials/Substrate/Glints2/dict_0007_0174" 6674
"/Engine/EngineMaterials/Substrate/Glints2/dict_0007_0175" 6675
"/Engine/EngineMaterials/Substrate/Glints2/dict_0007_0176" 6676
"../../../Engine/Content/EngineMaterials/Substrate/Glints2/dict_0007_0172.uasset" 6677
"/Engine/EngineMaterials/Substrate/Glints2/dict_0007_0177" 6678
"../../../Engine/Content/EngineMaterials/Substrate/Glints2/dict_0007_0169.uasset" 6679
"/Engine/EngineMaterials/Substrate/Glints2/dict_0007_0178" 6680
"../../../Engine/Content/EngineMaterials/Substrate/Glints2/dict_0007_0171.uasset" 6681
"../../../Engine/Content/EngineMaterials/Substrate/Glints2/dict_0007_0173.uasset" 6682
"/Engine/EngineMaterials/Substrate/Glints2/dict_0007_0179" 6683
"../../../Engine/Content/EngineMaterials/Substrate/Glints2/dict_0007_0168.uasset" 6684
"/Engine/EngineMaterials/Substrate/Glints2/dict_0007_0180" 6685
"/Engine/EngineMaterials/Substrate/Glints2/dict_0007_0181" 6686
"../../../Engine/Content/EngineMaterials/Substrate/Glints2/dict_0007_0170.uasset" 6687
"/Engine/EngineMaterials/Substrate/Glints2/dict_0007_0168" 6688
"/Engine/EngineMaterials/Substrate/Glints2/dict_0007_0169" 6689
"../../../Engine/Content/EngineMaterials/Substrate/Glints2/dict_0007_0167.uasset" 6690
"/Engine/EngineMaterials/Substrate/Glints2/dict_0007_0170" 6691
"/Engine/EngineMaterials/Substrate/Glints2/dict_0007_0171" 6692
"/Engine/EngineMaterials/Substrate/Glints2/dict_0007_0172" 6693
"/Engine/EngineMaterials/Substrate/Glints2/dict_0007_0173" 6694
"/Engine/EngineMaterials/Substrate/Glints2/dict_0007_0167" 6695
"../../../Engine/Content/EngineMaterials/Substrate/Glints2/dict_0007_0163.uasset" 6696
"../../../Engine/Content/EngineMaterials/Substrate/Glints2/dict_0007_0164.uasset" 6697
"../../../Engine/Content/EngineMaterials/Substrate/Glints2/dict_0007_0165.uasset" 6698
"../../../Engine/Content/EngineMaterials/Substrate/Glints2/dict_0007_0166.uasset" 6699
"../../../Engine/Content/EngineMaterials/Substrate/Glints2/dict_0007_0162.uasset" 6700
"../../../Engine/Content/EngineMaterials/Substrate/Glints2/dict_0007_0161.uasset" 6701
"../../../Engine/Content/EngineMaterials/Substrate/Glints2/dict_0007_0160.uasset" 6702
"../../../Engine/Content/EngineMaterials/Substrate/Glints2/dict_0007_0159.uasset" 6703
"../../../Engine/Content/EngineMaterials/Substrate/Glints2/dict_0007_0156.uasset" 6704
"../../../Engine/Content/EngineMaterials/Substrate/Glints2/dict_0007_0158.uasset" 6705
"../../../Engine/Content/EngineMaterials/Substrate/Glints2/dict_0007_0155.uasset" 6706
"../../../Engine/Content/EngineMaterials/Substrate/Glints2/dict_0007_0157.uasset" 6707
"/Engine/EngineMaterials/Substrate/Glints2/dict_0007_0164" 6708
"../../../Engine/Content/EngineMaterials/Substrate/Glints2/dict_0007_0154.uasset" 6709
"/Engine/EngineMaterials/Substrate/Glints2/dict_0007_0165" 6710
"/Engine/EngineMaterials/Substrate/Glints2/dict_0007_0166" 6711
"../../../Engine/Content/EngineMaterials/Substrate/Glints2/dict_0007_0153.uasset" 6712
"/Engine/EngineMaterials/Substrate/Glints2/dict_0007_0156" 6713
"/Engine/EngineMaterials/Substrate/Glints2/dict_0007_0159" 6714
"/Engine/EngineMaterials/Substrate/Glints2/dict_0007_0161" 6715
"/Engine/EngineMaterials/Substrate/Glints2/dict_0007_0160" 6716
"/Engine/EngineMaterials/Substrate/Glints2/dict_0007_0162" 6717
"/Engine/EngineMaterials/Substrate/Glints2/dict_0007_0163" 6718
"/Engine/EngineMaterials/Substrate/Glints2/dict_0007_0154" 6719
"/Engine/EngineMaterials/Substrate/Glints2/dict_0007_0153" 6720
"/Engine/EngineMaterials/Substrate/Glints2/dict_0007_0155" 6721
"/Engine/EngineMaterials/Substrate/Glints2/dict_0007_0157" 6722
"/Engine/EngineMaterials/Substrate/Glints2/dict_0007_0158" 6723
"../../../Engine/Content/EngineMaterials/Substrate/Glints2/dict_0007_0151.uasset" 6724
"../../../Engine/Content/EngineMaterials/Substrate/Glints2/dict_0007_0152.uasset" 6725
"../../../Engine/Content/EngineMaterials/Substrate/Glints2/dict_0007_0148.uasset" 6726
"../../../Engine/Content/EngineMaterials/Substrate/Glints2/dict_0007_0191.uasset" 6727
"../../../Engine/Content/EngineMaterials/Substrate/Glints2/dict_0007_0150.uasset" 6728
"../../../Engine/Content/EngineMaterials/Substrate/Glints2/dict_0007_0149.uasset" 6729
"../../../Engine/Content/EngineMaterials/Substrate/Glints2/dict_0007_0147.uasset" 6730
"../../../Engine/Content/EngineMaterials/Substrate/Glints2/dict_0007_0146.uasset" 6731
"../../../Engine/Content/EngineMaterials/Substrate/Glints2/dict_0007_0141.uasset" 6732
"../../../Engine/Content/EngineMaterials/Substrate/Glints2/dict_0007_0139.uasset" 6733
"../../../Engine/Content/EngineMaterials/Substrate/Glints2/dict_0007_0143.uasset" 6734
"../../../Engine/Content/EngineMaterials/Substrate/Glints2/dict_0007_0140.uasset" 6735
"../../../Engine/Content/EngineMaterials/Substrate/Glints2/dict_0007_0145.uasset" 6736
"../../../Engine/Content/EngineMaterials/Substrate/Glints2/dict_0007_0138.uasset" 6737
"../../../Engine/Content/EngineMaterials/Substrate/Glints2/dict_0007_0142.uasset" 6738
"../../../Engine/Content/EngineMaterials/Substrate/Glints2/dict_0007_0144.uasset" 6739
"/Engine/EngineMaterials/Substrate/Glints2/dict_0007_0151" 6740
"/Engine/EngineMaterials/Substrate/Glints2/dict_0007_0152" 6741
"/Engine/EngineMaterials/Substrate/Glints2/dict_0007_0138" 6742
"/Engine/EngineMaterials/Substrate/Glints2/dict_0007_0139" 6743
"/Engine/EngineMaterials/Substrate/Glints2/dict_0007_0140" 6744
"/Engine/EngineMaterials/Substrate/Glints2/dict_0007_0141" 6745
"/Engine/EngineMaterials/Substrate/Glints2/dict_0007_0142" 6746
"/Engine/EngineMaterials/Substrate/Glints2/dict_0007_0143" 6747
"/Engine/EngineMaterials/Substrate/Glints2/dict_0007_0144" 6748
"../../../Engine/Content/EngineMaterials/Substrate/Glints2/dict_0007_0135.uasset" 6749
"../../../Engine/Content/EngineMaterials/Substrate/Glints2/dict_0007_0137.uasset" 6750
"/Engine/EngineMaterials/Substrate/Glints2/dict_0007_0191" 6751
"../../../Engine/Content/EngineMaterials/Substrate/Glints2/dict_0007_0133.uasset" 6752
"../../../Engine/Content/EngineMaterials/Substrate/Glints2/dict_0007_0134.uasset" 6753
"/Engine/EngineMaterials/Substrate/Glints2/dict_0007_0145" 6754
"../../../Engine/Content/EngineMaterials/Substrate/Glints2/dict_0007_0136.uasset" 6755
"/Engine/EngineMaterials/Substrate/Glints2/dict_0007_0146" 6756
"../../../Engine/Content/EngineMaterials/Substrate/Glints2/dict_0007_0132.uasset" 6757
"/Engine/EngineMaterials/Substrate/Glints2/dict_0007_0147" 6758
"/Engine/EngineMaterials/Substrate/Glints2/dict_0007_0148" 6759
"/Engine/EngineMaterials/Substrate/Glints2/dict_0007_0149" 6760
"/Engine/EngineMaterials/Substrate/Glints2/dict_0007_0150" 6761
"/Engine/EngineMaterials/Substrate/Glints2/dict_0007_0136" 6762
"/Engine/EngineMaterials/Substrate/Glints2/dict_0007_0137" 6763
"/Engine/EngineMaterials/Substrate/Glints2/dict_0007_0132" 6764
"/Engine/EngineMaterials/Substrate/Glints2/dict_0007_0133" 6765
"/Engine/EngineMaterials/Substrate/Glints2/dict_0007_0134" 6766
"../../../Engine/Content/EngineMaterials/Substrate/Glints2/dict_0007_0130.uasset" 6767
"/Engine/EngineMaterials/Substrate/Glints2/dict_0007_0135" 6768
"/Engine/EngineMaterials/Substrate/Glints2/dict_0007_0130" 6769
"../../../Engine/Content/EngineMaterials/Substrate/Glints2/dict_0007_0127.uasset" 6770
"../../../Engine/Content/EngineMaterials/Substrate/Glints2/dict_0007_0126.uasset" 6771
"../../../Engine/Content/EngineMaterials/Substrate/Glints2/dict_0007_0124.uasset" 6772
"../../../Engine/Content/EngineMaterials/Substrate/Glints2/dict_0007_0131.uasset" 6773
"../../../Engine/Content/EngineMaterials/Substrate/Glints2/dict_0007_0129.uasset" 6774
"../../../Engine/Content/EngineMaterials/Substrate/Glints2/dict_0007_0128.uasset" 6775
"../../../Engine/Content/EngineMaterials/Substrate/Glints2/dict_0007_0125.uasset" 6776
"../../../Engine/Content/EngineMaterials/Substrate/Glints2/dict_0007_0118.uasset" 6777
"../../../Engine/Content/EngineMaterials/Substrate/Glints2/dict_0007_0121.uasset" 6778
"../../../Engine/Content/EngineMaterials/Substrate/Glints2/dict_0007_0117.uasset" 6779
"../../../Engine/Content/EngineMaterials/Substrate/Glints2/dict_0007_0119.uasset" 6780
"../../../Engine/Content/EngineMaterials/Substrate/Glints2/dict_0007_0122.uasset" 6781
"../../../Engine/Content/EngineMaterials/Substrate/Glints2/dict_0007_0120.uasset" 6782
"../../../Engine/Content/EngineMaterials/Substrate/Glints2/dict_0007_0116.uasset" 6783
"../../../Engine/Content/EngineMaterials/Substrate/Glints2/dict_0007_0123.uasset" 6784
"/Engine/EngineMaterials/Substrate/Glints2/dict_0007_0122" 6785
"/Engine/EngineMaterials/Substrate/Glints2/dict_0007_0127" 6786
"/Engine/EngineMaterials/Substrate/Glints2/dict_0007_0123" 6787
"/Engine/EngineMaterials/Substrate/Glints2/dict_0007_0128" 6788
"/Engine/EngineMaterials/Substrate/Glints2/dict_0007_0129" 6789
"/Engine/EngineMaterials/Substrate/Glints2/dict_0007_0124" 6790
"/Engine/EngineMaterials/Substrate/Glints2/dict_0007_0125" 6791
"/Engine/EngineMaterials/Substrate/Glints2/dict_0007_0126" 6792
"/Engine/EngineMaterials/Substrate/Glints2/dict_0007_0131" 6793
"/Engine/EngineMaterials/Substrate/Glints2/dict_0007_0116" 6794
"/Engine/EngineMaterials/Substrate/Glints2/dict_0007_0117" 6795
"../../../Engine/Content/EngineMaterials/Substrate/Glints2/dict_0007_0114.uasset" 6796
"../../../Engine/Content/EngineMaterials/Substrate/Glints2/dict_0007_0111.uasset" 6797
"../../../Engine/Content/EngineMaterials/Substrate/Glints2/dict_0007_0110.uasset" 6798
"/Engine/EngineMaterials/Substrate/Glints2/dict_0007_0118" 6799
"../../../Engine/Content/EngineMaterials/Substrate/Glints2/dict_0007_0113.uasset" 6800
"/Engine/EngineMaterials/Substrate/Glints2/dict_0007_0119" 6801
"/Engine/EngineMaterials/Substrate/Glints2/dict_0007_0120" 6802
"../../../Engine/Content/EngineMaterials/Substrate/Glints2/dict_0007_0115.uasset" 6803
"/Engine/EngineMaterials/Substrate/Glints2/dict_0007_0121" 6804
"/Engine/EngineMaterials/Substrate/Glints2/dict_0007_0110" 6805
"/Engine/EngineMaterials/Substrate/Glints2/dict_0007_0111" 6806
"/Engine/EngineMaterials/Substrate/Glints2/dict_0007_0113" 6807
"/Engine/EngineMaterials/Substrate/Glints2/dict_0007_0114" 6808
"/Engine/EngineMaterials/Substrate/Glints2/dict_0007_0115" 6809
"../../../Engine/Content/EngineMaterials/Substrate/Glints2/dict_0007_0112.uasset" 6810
"../../../Engine/Content/EngineMaterials/Substrate/Glints2/dict_0007_0109.uasset" 6811
"../../../Engine/Content/EngineMaterials/Substrate/Glints2/dict_0007_0105.uasset" 6812
"../../../Engine/Content/EngineMaterials/Substrate/Glints2/dict_0007_0106.uasset" 6813
"../../../Engine/Content/EngineMaterials/Substrate/Glints2/dict_0007_0107.uasset" 6814
"../../../Engine/Content/EngineMaterials/Substrate/Glints2/dict_0007_0104.uasset" 6815
"../../../Engine/Content/EngineMaterials/Substrate/Glints2/dict_0007_0103.uasset" 6816
"../../../Engine/Content/EngineMaterials/Substrate/Glints2/dict_0007_0108.uasset" 6817
"../../../Engine/Content/EngineMaterials/Substrate/Glints2/dict_0007_0102.uasset" 6818
"../../../Engine/Content/EngineMaterials/Substrate/Glints2/dict_0007_0101.uasset" 6819
"../../../Engine/Content/EngineMaterials/Substrate/Glints2/dict_0007_0099.uasset" 6820
"../../../Engine/Content/EngineMaterials/Substrate/Glints2/dict_0007_0097.uasset" 6821
"../../../Engine/Content/EngineMaterials/Substrate/Glints2/dict_0007_0100.uasset" 6822
"/Engine/EngineMaterials/Substrate/Glints2/dict_0007_0106" 6823
"../../../Engine/Content/EngineMaterials/Substrate/Glints2/dict_0007_0096.uasset" 6824
"../../../Engine/Content/EngineMaterials/Substrate/Glints2/dict_0007_0098.uasset" 6825
"/Engine/EngineMaterials/Substrate/Glints2/dict_0007_0107" 6826
"/Engine/EngineMaterials/Substrate/Glints2/dict_0007_0101" 6827
"/Engine/EngineMaterials/Substrate/Glints2/dict_0007_0108" 6828
"/Engine/EngineMaterials/Substrate/Glints2/dict_0007_0109" 6829
"/Engine/EngineMaterials/Substrate/Glints2/dict_0007_0099" 6830
"/Engine/EngineMaterials/Substrate/Glints2/dict_0007_0112" 6831
"/Engine/EngineMaterials/Substrate/Glints2/dict_0007_0102" 6832
"/Engine/EngineMaterials/Substrate/Glints2/dict_0007_0097" 6833
"/Engine/EngineMaterials/Substrate/Glints2/dict_0007_0103" 6834
"/Engine/EngineMaterials/Substrate/Glints2/dict_0007_0104" 6835
"../../../Engine/Content/EngineMaterials/Substrate/Glints2/dict_0007_0095.uasset" 6836
"/Engine/EngineMaterials/Substrate/Glints2/dict_0007_0105" 6837
"/Engine/EngineMaterials/Substrate/Glints2/dict_0007_0100" 6838
"../../../Engine/Content/EngineMaterials/Substrate/Glints2/dict_0007_0094.uasset" 6839
"/Engine/EngineMaterials/Substrate/Glints2/dict_0007_0095" 6840
"../../../Engine/Content/EngineMaterials/Substrate/Glints2/dict_0007_0092.uasset" 6841
"/Engine/EngineMaterials/Substrate/Glints2/dict_0007_0096" 6842
"../../../Engine/Content/EngineMaterials/Substrate/Glints2/dict_0007_0090.uasset" 6843
"/Engine/EngineMaterials/Substrate/Glints2/dict_0007_0098" 6844
"../../../Engine/Content/EngineMaterials/Substrate/Glints2/dict_0007_0089.uasset" 6845
"/Engine/EngineMaterials/Substrate/Glints2/dict_0007_0090" 6846
"../../../Engine/Content/EngineMaterials/Substrate/Glints2/dict_0007_0093.uasset" 6847
"/Engine/EngineMaterials/Substrate/Glints2/dict_0007_0092" 6848
"../../../Engine/Content/EngineMaterials/Substrate/Glints2/dict_0007_0091.uasset" 6849
"/Engine/EngineMaterials/Substrate/Glints2/dict_0007_0094" 6850
"/Engine/EngineMaterials/Substrate/Glints2/dict_0007_0089" 6851
"/Engine/EngineMaterials/Substrate/Glints2/dict_0007_0091" 6852
"../../../Engine/Content/EngineMaterials/Substrate/Glints2/dict_0007_0088.uasset" 6853
"/Engine/EngineMaterials/Substrate/Glints2/dict_0007_0093" 6854
"/Engine/EngineMaterials/Substrate/Glints2/dict_0007_0088" 6855
"../../../Engine/Content/EngineMaterials/Substrate/Glints2/dict_0007_0087.uasset" 6856
"../../../Engine/Content/EngineMaterials/Substrate/Glints2/dict_0007_0084.uasset" 6857
"../../../Engine/Content/EngineMaterials/Substrate/Glints2/dict_0007_0086.uasset" 6858
"../../../Engine/Content/EngineMaterials/Substrate/Glints2/dict_0007_0083.uasset" 6859
"../../../Engine/Content/EngineMaterials/Substrate/Glints2/dict_0007_0085.uasset" 6860
"../../../Engine/Content/EngineMaterials/Substrate/Glints2/dict_0007_0081.uasset" 6861
"../../../Engine/Content/EngineMaterials/Substrate/Glints2/dict_0007_0082.uasset" 6862
"../../../Engine/Content/EngineMaterials/Substrate/Glints2/dict_0007_0080.uasset" 6863
"../../../Engine/Content/EngineMaterials/Substrate/Glints2/dict_0007_0074.uasset" 6864
"/Engine/EngineMaterials/Substrate/Glints2/dict_0007_0084" 6865
"../../../Engine/Content/EngineMaterials/Substrate/Glints2/dict_0007_0078.uasset" 6866
"/Engine/EngineMaterials/Substrate/Glints2/dict_0007_0085" 6867
"../../../Engine/Content/EngineMaterials/Substrate/Glints2/dict_0007_0076.uasset" 6868
"/Engine/EngineMaterials/Substrate/Glints2/dict_0007_0086" 6869
"/Engine/EngineMaterials/Substrate/Glints2/dict_0007_0087" 6870
"/Engine/EngineMaterials/Substrate/Glints2/dict_0007_0080" 6871
"/Engine/EngineMaterials/Substrate/Glints2/dict_0007_0081" 6872
"../../../Engine/Content/EngineMaterials/Substrate/Glints2/dict_0007_0075.uasset" 6873
"../../../Engine/Content/EngineMaterials/Substrate/Glints2/dict_0007_0077.uasset" 6874
"/Engine/EngineMaterials/Substrate/Glints2/dict_0007_0082" 6875
"../../../Engine/Content/EngineMaterials/Substrate/Glints2/dict_0007_0072.uasset" 6876
"../../../Engine/Content/EngineMaterials/Substrate/Glints2/dict_0007_0079.uasset" 6877
"/Engine/EngineMaterials/Substrate/Glints2/dict_0007_0083" 6878
"/Engine/EngineMaterials/Substrate/Glints2/dict_0007_0072" 6879
"/Engine/EngineMaterials/Substrate/Glints2/dict_0007_0079" 6880
"/Engine/EngineMaterials/Substrate/Glints2/dict_0007_0074" 6881
"/Engine/EngineMaterials/Substrate/Glints2/dict_0007_0075" 6882
"/Engine/EngineMaterials/Substrate/Glints2/dict_0007_0076" 6883
"/Engine/EngineMaterials/Substrate/Glints2/dict_0007_0078" 6884
"../../../Engine/Content/EngineMaterials/Substrate/Glints2/dict_0007_0073.uasset" 6885
"/Engine/EngineMaterials/Substrate/Glints2/dict_0007_0073" 6886
"/Engine/EngineMaterials/Substrate/Glints2/dict_0007_0077" 6887
"../../../Engine/Content/EngineMaterials/Substrate/Glints2/dict_0007_0070.uasset" 6888
"../../../Engine/Content/EngineMaterials/Substrate/Glints2/dict_0007_0069.uasset" 6889
"../../../Engine/Content/EngineMaterials/Substrate/Glints2/dict_0007_0071.uasset" 6890
"../../../Engine/Content/EngineMaterials/Substrate/Glints2/dict_0007_0068.uasset" 6891
"../../../Engine/Content/EngineMaterials/Substrate/Glints2/dict_0007_0067.uasset" 6892
"../../../Engine/Content/EngineMaterials/Substrate/Glints2/dict_0007_0066.uasset" 6893
"../../../Engine/Content/EngineMaterials/Substrate/Glints2/dict_0007_0063.uasset" 6894
"../../../Engine/Content/EngineMaterials/Substrate/Glints2/dict_0007_0064.uasset" 6895
"../../../Engine/Content/EngineMaterials/Substrate/Glints2/dict_0007_0061.uasset" 6896
"../../../Engine/Content/EngineMaterials/Substrate/Glints2/dict_0007_0062.uasset" 6897
"../../../Engine/Content/EngineMaterials/Substrate/Glints2/dict_0007_0065.uasset" 6898
"../../../Engine/Content/EngineMaterials/Substrate/Glints2/dict_0007_0059.uasset" 6899
"../../../Engine/Content/EngineMaterials/Substrate/Glints2/dict_0007_0060.uasset" 6900
"/Engine/EngineMaterials/Substrate/Glints2/dict_0007_0067" 6901
"/Engine/EngineMaterials/Substrate/Glints2/dict_0007_0068" 6902
"/Engine/EngineMaterials/Substrate/Glints2/dict_0007_0063" 6903
"../../../Engine/Content/EngineMaterials/Substrate/Glints2/dict_0007_0058.uasset" 6904
"/Engine/EngineMaterials/Substrate/Glints2/dict_0007_0069" 6905
"/Engine/EngineMaterials/Substrate/Glints2/dict_0007_0070" 6906
"/Engine/EngineMaterials/Substrate/Glints2/dict_0007_0071" 6907
"/Engine/EngineMaterials/Substrate/Glints2/dict_0007_0061" 6908
"/Engine/EngineMaterials/Substrate/Glints2/dict_0007_0059" 6909
"/Engine/EngineMaterials/Substrate/Glints2/dict_0007_0062" 6910
"/Engine/EngineMaterials/Substrate/Glints2/dict_0007_0064" 6911
"/Engine/EngineMaterials/Substrate/Glints2/dict_0007_0065" 6912
"/Engine/EngineMaterials/Substrate/Glints2/dict_0007_0066" 6913
"../../../Engine/Content/EngineMaterials/Substrate/Glints2/dict_0007_0057.uasset" 6914
"/Engine/EngineMaterials/Substrate/Glints2/dict_0007_0060" 6915
"../../../Engine/Content/EngineMaterials/Substrate/Glints2/dict_0007_0053.uasset" 6916
"/Engine/EngineMaterials/Substrate/Glints2/dict_0007_0058" 6917
"../../../Engine/Content/EngineMaterials/Substrate/Glints2/dict_0007_0052.uasset" 6918
"/Engine/EngineMaterials/Substrate/Glints2/dict_0007_0057" 6919
"../../../Engine/Content/EngineMaterials/Substrate/Glints2/dict_0007_0055.uasset" 6920
"../../../Engine/Content/EngineMaterials/Substrate/Glints2/dict_0007_0054.uasset" 6921
"/Engine/EngineMaterials/Substrate/Glints2/dict_0007_0053" 6922
"/Engine/EngineMaterials/Substrate/Glints2/dict_0007_0052" 6923
"/Engine/EngineMaterials/Substrate/Glints2/dict_0007_0054" 6924
"/Engine/EngineMaterials/Substrate/Glints2/dict_0007_0055" 6925
"../../../Engine/Content/EngineMaterials/Substrate/Glints2/dict_0007_0056.uasset" 6926
"../../../Engine/Content/EngineMaterials/Substrate/Glints2/dict_0007_0050.uasset" 6927
"../../../Engine/Content/EngineMaterials/Substrate/Glints2/dict_0007_0049.uasset" 6928
"../../../Engine/Content/EngineMaterials/Substrate/Glints2/dict_0007_0045.uasset" 6929
"../../../Engine/Content/EngineMaterials/Substrate/Glints2/dict_0007_0051.uasset" 6930
"../../../Engine/Content/EngineMaterials/Substrate/Glints2/dict_0007_0046.uasset" 6931
"../../../Engine/Content/EngineMaterials/Substrate/Glints2/dict_0007_0047.uasset" 6932
"../../../Engine/Content/EngineMaterials/Substrate/Glints2/dict_0007_0043.uasset" 6933
"../../../Engine/Content/EngineMaterials/Substrate/Glints2/dict_0007_0044.uasset" 6934
"../../../Engine/Content/EngineMaterials/Substrate/Glints2/dict_0007_0041.uasset" 6935
"../../../Engine/Content/EngineMaterials/Substrate/Glints2/dict_0007_0042.uasset" 6936
"../../../Engine/Content/EngineMaterials/Substrate/Glints2/dict_0007_0040.uasset" 6937
"/Engine/EngineMaterials/Substrate/Glints2/dict_0007_0049" 6938
"../../../Engine/Content/EngineMaterials/Substrate/Glints2/dict_0007_0038.uasset" 6939
"../../../Engine/Content/EngineMaterials/Substrate/Glints2/dict_0007_0048.uasset" 6940
"../../../Engine/Content/EngineMaterials/Substrate/Glints2/dict_0007_0036.uasset" 6941
"/Engine/EngineMaterials/Substrate/Glints2/dict_0007_0050" 6942
"../../../Engine/Content/EngineMaterials/Substrate/Glints2/dict_0007_0037.uasset" 6943
"../../../Engine/Content/EngineMaterials/Substrate/Glints2/dict_0007_0039.uasset" 6944
"/Engine/EngineMaterials/Substrate/Glints2/dict_0007_0051" 6945
"/Engine/EngineMaterials/Substrate/Glints2/dict_0007_0056" 6946
"/Engine/EngineMaterials/Substrate/Glints2/dict_0007_0042" 6947
"/Engine/EngineMaterials/Substrate/Glints2/dict_0007_0043" 6948
"/Engine/EngineMaterials/Substrate/Glints2/dict_0007_0040" 6949
"/Engine/EngineMaterials/Substrate/Glints2/dict_0007_0044" 6950
"../../../Engine/Content/EngineMaterials/Substrate/Glints2/dict_0007_0033.uasset" 6951
"../../../Engine/Content/EngineMaterials/Substrate/Glints2/dict_0007_0034.uasset" 6952
"/Engine/EngineMaterials/Substrate/Glints2/dict_0007_0045" 6953
"../../../Engine/Content/EngineMaterials/Substrate/Glints2/dict_0007_0031.uasset" 6954
"/Engine/EngineMaterials/Substrate/Glints2/dict_0007_0046" 6955
"/Engine/EngineMaterials/Substrate/Glints2/dict_0007_0041" 6956
"/Engine/EngineMaterials/Substrate/Glints2/dict_0007_0047" 6957
"../../../Engine/Content/EngineMaterials/Substrate/Glints2/dict_0007_0032.uasset" 6958
"/Engine/EngineMaterials/Substrate/Glints2/dict_0007_0048" 6959
"/Engine/EngineMaterials/Substrate/Glints2/dict_0007_0031" 6960
"/Engine/EngineMaterials/Substrate/Glints2/dict_0007_0032" 6961
"/Engine/EngineMaterials/Substrate/Glints2/dict_0007_0033" 6962
"../../../Engine/Content/EngineMaterials/Substrate/Glints2/dict_0007_0030.uasset" 6963
"../../../Engine/Content/EngineMaterials/Substrate/Glints2/dict_0007_0027.uasset" 6964
"../../../Engine/Content/EngineMaterials/Substrate/Glints2/dict_0007_0029.uasset" 6965
"/Engine/EngineMaterials/Substrate/Glints2/dict_0007_0034" 6966
"/Engine/EngineMaterials/Substrate/Glints2/dict_0007_0036" 6967
"/Engine/EngineMaterials/Substrate/Glints2/dict_0007_0037" 6968
"/Engine/EngineMaterials/Substrate/Glints2/dict_0007_0038" 6969
"/Engine/EngineMaterials/Substrate/Glints2/dict_0007_0039" 6970
"/Engine/EngineMaterials/Substrate/Glints2/dict_0007_0029" 6971
"/Engine/EngineMaterials/Substrate/Glints2/dict_0007_0030" 6972
"/Engine/EngineMaterials/Substrate/Glints2/dict_0007_0027" 6973
"../../../Engine/Content/EngineMaterials/Substrate/Glints2/dict_0007_0028.uasset" 6974
"../../../Engine/Content/EngineMaterials/Substrate/Glints2/dict_0007_0025.uasset" 6975
"../../../Engine/Content/EngineMaterials/Substrate/Glints2/dict_0007_0035.uasset" 6976
"../../../Engine/Content/EngineMaterials/Substrate/Glints2/dict_0007_0022.uasset" 6977
"../../../Engine/Content/EngineMaterials/Substrate/Glints2/dict_0007_0026.uasset" 6978
"../../../Engine/Content/EngineMaterials/Substrate/Glints2/dict_0007_0023.uasset" 6979
"../../../Engine/Content/EngineMaterials/Substrate/Glints2/dict_0007_0020.uasset" 6980
"../../../Engine/Content/EngineMaterials/Substrate/Glints2/dict_0007_0021.uasset" 6981
"../../../Engine/Content/EngineMaterials/Substrate/Glints2/dict_0007_0019.uasset" 6982
"../../../Engine/Content/EngineMaterials/Substrate/Glints2/dict_0007_0024.uasset" 6983
"../../../Engine/Content/EngineMaterials/Substrate/Glints2/dict_0007_0018.uasset" 6984
"../../../Engine/Content/EngineMaterials/Substrate/Glints2/dict_0007_0017.uasset" 6985
"/Engine/EngineMaterials/Substrate/Glints2/dict_0007_0028" 6986
"../../../Engine/Content/EngineMaterials/Substrate/Glints2/dict_0007_0015.uasset" 6987
"../../../Engine/Content/EngineMaterials/Substrate/Glints2/dict_0007_0013.uasset" 6988
"../../../Engine/Content/EngineMaterials/Substrate/Glints2/dict_0007_0011.uasset" 6989
"../../../Engine/Content/EngineMaterials/Substrate/Glints2/dict_0007_0012.uasset" 6990
"/Engine/EngineMaterials/Substrate/Glints2/dict_0007_0024" 6991
"../../../Engine/Content/EngineMaterials/Substrate/Glints2/dict_0007_0009.uasset" 6992
"/Engine/EngineMaterials/Substrate/Glints2/dict_0007_0021" 6993
"/Engine/EngineMaterials/Substrate/Glints2/dict_0007_0026" 6994
"/Engine/EngineMaterials/Substrate/Glints2/dict_0007_0025" 6995
"/Engine/EngineMaterials/Substrate/Glints2/dict_0007_0022" 6996
"/Engine/EngineMaterials/Substrate/Glints2/dict_0007_0023" 6997
"/Engine/EngineMaterials/Substrate/Glints2/dict_0007_0035" 6998
"/Engine/EngineMaterials/Substrate/Glints2/dict_0007_0017" 6999
"/Engine/EngineMaterials/Substrate/Glints2/dict_0007_0018" 7000
"/Engine/EngineMaterials/Substrate/Glints2/dict_0007_0019" 7001
"/Engine/EngineMaterials/Substrate/Glints2/dict_0007_0020" 7002
"/Engine/EngineMaterials/Substrate/Glints2/dict_0007_0009" 7003
"/Engine/EngineMaterials/Substrate/Glints2/dict_0007_0011" 7004
"/Engine/EngineMaterials/Substrate/Glints2/dict_0007_0012" 7005
"/Engine/EngineMaterials/Substrate/Glints2/dict_0007_0013" 7006
"/Engine/EngineMaterials/Substrate/Glints2/dict_0007_0015" 7007
"../../../Engine/Content/EngineMaterials/Substrate/Glints2/dict_0007_0004.uasset" 7008
"../../../Engine/Content/EngineMaterials/Substrate/Glints2/dict_0007_0003.uasset" 7009
"../../../Engine/Content/EngineMaterials/Substrate/Glints2/dict_0007_0010.uasset" 7010
"../../../Engine/Content/EngineMaterials/Substrate/Glints2/dict_0007_0005.uasset" 7011
"../../../Engine/Content/EngineMaterials/Substrate/Glints2/dict_0007_0006.uasset" 7012
"../../../Engine/Content/EngineMaterials/Substrate/Glints2/dict_0007_0007.uasset" 7013
"../../../Engine/Content/EngineMaterials/Substrate/Glints2/dict_0007_0002.uasset" 7014
"../../../Engine/Content/EngineMaterials/Substrate/Glints2/dict_0007_0008.uasset" 7015
"../../../Engine/Content/EngineMaterials/Substrate/Glints2/dict_0006_0253.uasset" 7016
"../../../Engine/Content/EngineMaterials/Substrate/Glints2/dict_0007_0000.uasset" 7017
"../../../Engine/Content/EngineMaterials/Substrate/Glints2/dict_0006_0255.uasset" 7018
"../../../Engine/Content/EngineMaterials/Substrate/Glints2/dict_0006_0252.uasset" 7019
"../../../Engine/Content/EngineMaterials/Substrate/Glints2/dict_0007_0001.uasset" 7020
"../../../Engine/Content/EngineMaterials/Substrate/Glints2/dict_0007_0014.uasset" 7021
"../../../Engine/Content/EngineMaterials/Substrate/Glints2/dict_0006_0254.uasset" 7022
"../../../Engine/Content/EngineMaterials/Substrate/Glints2/dict_0006_0250.uasset" 7023
"../../../Engine/Content/EngineMaterials/Substrate/Glints2/dict_0006_0251.uasset" 7024
"../../../Engine/Content/EngineMaterials/Substrate/Glints2/dict_0006_0246.uasset" 7025
"../../../Engine/Content/EngineMaterials/Substrate/Glints2/dict_0006_0243.uasset" 7026
"../../../Engine/Content/EngineMaterials/Substrate/Glints2/dict_0006_0244.uasset" 7027
"../../../Engine/Content/EngineMaterials/Substrate/Glints2/dict_0006_0249.uasset" 7028
"/Engine/EngineMaterials/Substrate/Glints2/dict_0007_0000" 7029
"../../../Engine/Content/EngineMaterials/Substrate/Glints2/dict_0006_0245.uasset" 7030
"../../../Engine/Content/EngineMaterials/Substrate/Glints2/dict_0006_0247.uasset" 7031
"../../../Engine/Content/EngineMaterials/Substrate/Glints2/dict_0006_0248.uasset" 7032
"/Engine/EngineMaterials/Substrate/Glints2/dict_0006_0253" 7033
"/Engine/EngineMaterials/Substrate/Glints2/dict_0007_0010" 7034
"/Engine/EngineMaterials/Substrate/Glints2/dict_0006_0254" 7035
"/Engine/EngineMaterials/Substrate/Glints2/dict_0007_0001" 7036
"/Engine/EngineMaterials/Substrate/Glints2/dict_0007_0002" 7037
"/Engine/EngineMaterials/Substrate/Glints2/dict_0007_0003" 7038
"/Engine/EngineMaterials/Substrate/Glints2/dict_0007_0014" 7039
"../../../Engine/Content/EngineMaterials/Substrate/Glints2/dict_0006_0242.uasset" 7040
"/Engine/EngineMaterials/Substrate/Glints2/dict_0006_0243" 7041
"../../../Engine/Content/EngineMaterials/Substrate/Glints2/dict_0006_0241.uasset" 7042
"/Engine/EngineMaterials/Substrate/Glints2/dict_0006_0244" 7043
"/Engine/EngineMaterials/Substrate/Glints2/dict_0006_0255" 7044
"/Engine/EngineMaterials/Substrate/Glints2/dict_0006_0246" 7045
"/Engine/EngineMaterials/Substrate/Glints2/dict_0007_0004" 7046
"/Engine/EngineMaterials/Substrate/Glints2/dict_0007_0005" 7047
"/Engine/EngineMaterials/Substrate/Glints2/dict_0007_0006" 7048
"/Engine/EngineMaterials/Substrate/Glints2/dict_0007_0007" 7049
"/Engine/EngineMaterials/Substrate/Glints2/dict_0006_0250" 7050
"../../../Engine/Content/EngineMaterials/Substrate/Glints2/dict_0006_0237.uasset" 7051
"/Engine/EngineMaterials/Substrate/Glints2/dict_0006_0251" 7052
"../../../Engine/Content/EngineMaterials/Substrate/Glints2/dict_0006_0236.uasset" 7053
"/Engine/EngineMaterials/Substrate/Glints2/dict_0007_0008" 7054
"../../../Engine/Content/EngineMaterials/Substrate/Glints2/dict_0006_0239.uasset" 7055
"/Engine/EngineMaterials/Substrate/Glints2/dict_0006_0252" 7056
"../../../Engine/Content/EngineMaterials/Substrate/Glints2/dict_0006_0240.uasset" 7057
"/Engine/EngineMaterials/Substrate/Glints2/dict_0006_0241" 7058
"/Engine/EngineMaterials/Substrate/Glints2/dict_0006_0236" 7059
"../../../Engine/Content/EngineMaterials/Substrate/Glints2/dict_0007_0016.uasset" 7060
"/Engine/EngineMaterials/Substrate/Glints2/dict_0006_0237" 7061
"/Engine/EngineMaterials/Substrate/Glints2/dict_0006_0242" 7062
"/Engine/EngineMaterials/Substrate/Glints2/dict_0006_0239" 7063
"/Engine/EngineMaterials/Substrate/Glints2/dict_0006_0240" 7064
"/Engine/EngineMaterials/Substrate/Glints2/dict_0006_0245" 7065
"/Engine/EngineMaterials/Substrate/Glints2/dict_0006_0247" 7066
"/Engine/EngineMaterials/Substrate/Glints2/dict_0006_0248" 7067
"/Engine/EngineMaterials/Substrate/Glints2/dict_0006_0249" 7068
"/Engine/EngineMaterials/Substrate/Glints2/dict_0007_0016" 7069
"../../../Engine/Content/EngineMaterials/Substrate/Glints2/dict_0006_0235.uasset" 7070
"../../../Engine/Content/EngineMaterials/Substrate/Glints2/dict_0006_0233.uasset" 7071
"../../../Engine/Content/EngineMaterials/Substrate/Glints2/dict_0006_0234.uasset" 7072
"../../../Engine/Content/EngineMaterials/Substrate/Glints2/dict_0006_0231.uasset" 7073
"../../../Engine/Content/EngineMaterials/Substrate/Glints2/dict_0006_0238.uasset" 7074
"/Engine/EngineMaterials/Substrate/Glints2/dict_0006_0238" 7075
"../../../Engine/Content/EngineMaterials/Substrate/Glints2/dict_0006_0229.uasset" 7076
"/Engine/EngineMaterials/Substrate/Glints2/dict_0006_0231" 7077
"../../../Engine/Content/EngineMaterials/Substrate/Glints2/dict_0006_0230.uasset" 7078
"../../../Engine/Content/EngineMaterials/Substrate/Glints2/dict_0006_0228.uasset" 7079
"/Engine/EngineMaterials/Substrate/Glints2/dict_0006_0233" 7080
"/Engine/EngineMaterials/Substrate/Glints2/dict_0006_0234" 7081
"/Engine/EngineMaterials/Substrate/Glints2/dict_0006_0235" 7082
"/Engine/EngineMaterials/Substrate/Glints2/dict_0006_0228" 7083
"/Engine/EngineMaterials/Substrate/Glints2/dict_0006_0229" 7084
"/Engine/EngineMaterials/Substrate/Glints2/dict_0006_0230" 7085
"../../../Engine/Content/EngineMaterials/Substrate/Glints2/dict_0006_0227.uasset" 7086
"../../../Engine/Content/EngineMaterials/Substrate/Glints2/dict_0006_0225.uasset" 7087
"../../../Engine/Content/EngineMaterials/Substrate/Glints2/dict_0006_0224.uasset" 7088
"../../../Engine/Content/EngineMaterials/Substrate/Glints2/dict_0006_0232.uasset" 7089
"../../../Engine/Content/EngineMaterials/Substrate/Glints2/dict_0006_0222.uasset" 7090
"../../../Engine/Content/EngineMaterials/Substrate/Glints2/dict_0006_0223.uasset" 7091
"../../../Engine/Content/EngineMaterials/Substrate/Glints2/dict_0006_0221.uasset" 7092
"../../../Engine/Content/EngineMaterials/Substrate/Glints2/dict_0006_0226.uasset" 7093
"/Engine/EngineMaterials/Substrate/Glints2/dict_0006_0221" 7094
"../../../Engine/Content/EngineMaterials/Substrate/Glints2/dict_0006_0220.uasset" 7095
"../../../Engine/Content/EngineMaterials/Substrate/Glints2/dict_0006_0219.uasset" 7096
"/Engine/EngineMaterials/Substrate/Glints2/dict_0006_0222" 7097
"/Engine/EngineMaterials/Substrate/Glints2/dict_0006_0223" 7098
"../../../Engine/Content/EngineMaterials/Substrate/Glints2/dict_0006_0218.uasset" 7099
"/Engine/EngineMaterials/Substrate/Glints2/dict_0006_0224" 7100
"/Engine/EngineMaterials/Substrate/Glints2/dict_0006_0225" 7101
"/Engine/EngineMaterials/Substrate/Glints2/dict_0006_0226" 7102
"/Engine/EngineMaterials/Substrate/Glints2/dict_0006_0227" 7103
"/Engine/EngineMaterials/Substrate/Glints2/dict_0006_0232" 7104
"/Engine/EngineMaterials/Substrate/Glints2/dict_0006_0218" 7105
"/Engine/EngineMaterials/Substrate/Glints2/dict_0006_0219" 7106
"/Engine/EngineMaterials/Substrate/Glints2/dict_0006_0220" 7107
"../../../Engine/Content/EngineMaterials/Substrate/Glints2/dict_0006_0215.uasset" 7108
"../../../Engine/Content/EngineMaterials/Substrate/Glints2/dict_0006_0217.uasset" 7109
"../../../Engine/Content/EngineMaterials/Substrate/Glints2/dict_0006_0213.uasset" 7110
"../../../Engine/Content/EngineMaterials/Substrate/Glints2/dict_0006_0212.uasset" 7111
"../../../Engine/Content/EngineMaterials/Substrate/Glints2/dict_0006_0214.uasset" 7112
"../../../Engine/Content/EngineMaterials/Substrate/Glints2/dict_0006_0211.uasset" 7113
"../../../Engine/Content/EngineMaterials/Substrate/Glints2/dict_0006_0216.uasset" 7114
"../../../Engine/Content/EngineMaterials/Substrate/Glints2/dict_0006_0208.uasset" 7115
"../../../Engine/Content/EngineMaterials/Substrate/Glints2/dict_0006_0210.uasset" 7116
"../../../Engine/Content/EngineMaterials/Substrate/Glints2/dict_0006_0206.uasset" 7117
"../../../Engine/Content/EngineMaterials/Substrate/Glints2/dict_0006_0204.uasset" 7118
"../../../Engine/Content/EngineMaterials/Substrate/Glints2/dict_0006_0209.uasset" 7119
"../../../Engine/Content/EngineMaterials/Substrate/Glints2/dict_0006_0207.uasset" 7120
"../../../Engine/Content/EngineMaterials/Substrate/Glints2/dict_0006_0205.uasset" 7121
"/Engine/EngineMaterials/Substrate/Glints2/dict_0006_0206" 7122
"/Engine/EngineMaterials/Substrate/Glints2/dict_0006_0216" 7123
"/Engine/EngineMaterials/Substrate/Glints2/dict_0006_0217" 7124
"/Engine/EngineMaterials/Substrate/Glints2/dict_0006_0208" 7125
"/Engine/EngineMaterials/Substrate/Glints2/dict_0006_0209" 7126
"/Engine/EngineMaterials/Substrate/Glints2/dict_0006_0210" 7127
"/Engine/EngineMaterials/Substrate/Glints2/dict_0006_0211" 7128
"/Engine/EngineMaterials/Substrate/Glints2/dict_0006_0212" 7129
"/Engine/EngineMaterials/Substrate/Glints2/dict_0006_0213" 7130
"/Engine/EngineMaterials/Substrate/Glints2/dict_0006_0214" 7131
"/Engine/EngineMaterials/Substrate/Glints2/dict_0006_0215" 7132
"/Engine/EngineMaterials/Substrate/Glints2/dict_0006_0204" 7133
"/Engine/EngineMaterials/Substrate/Glints2/dict_0006_0207" 7134
"/Engine/EngineMaterials/Substrate/Glints2/dict_0006_0205" 7135
"../../../Engine/Content/EngineMaterials/Substrate/Glints2/dict_0006_0199.uasset" 7136
"../../../Engine/Content/EngineMaterials/Substrate/Glints2/dict_0006_0201.uasset" 7137
"../../../Engine/Content/EngineMaterials/Substrate/Glints2/dict_0006_0203.uasset" 7138
"../../../Engine/Content/EngineMaterials/Substrate/Glints2/dict_0006_0195.uasset" 7139
"../../../Engine/Content/EngineMaterials/Substrate/Glints2/dict_0006_0197.uasset" 7140
"../../../Engine/Content/EngineMaterials/Substrate/Glints2/dict_0006_0202.uasset" 7141
"../../../Engine/Content/EngineMaterials/Substrate/Glints2/dict_0006_0198.uasset" 7142
"../../../Engine/Content/EngineMaterials/Substrate/Glints2/dict_0006_0196.uasset" 7143
"../../../Engine/Content/EngineMaterials/Substrate/Glints2/dict_0006_0192.uasset" 7144
"../../../Engine/Content/EngineMaterials/Substrate/Glints2/dict_0006_0191.uasset" 7145
"../../../Engine/Content/EngineMaterials/Substrate/Glints2/dict_0006_0190.uasset" 7146
"../../../Engine/Content/EngineMaterials/Substrate/Glints2/dict_0006_0200.uasset" 7147
"../../../Engine/Content/EngineMaterials/Substrate/Glints2/dict_0006_0187.uasset" 7148
"../../../Engine/Content/EngineMaterials/Substrate/Glints2/dict_0006_0194.uasset" 7149
"../../../Engine/Content/EngineMaterials/Substrate/Glints2/dict_0006_0193.uasset" 7150
"../../../Engine/Content/EngineMaterials/Substrate/Glints2/dict_0006_0188.uasset" 7151
"/Engine/EngineMaterials/Substrate/Glints2/dict_0006_0200" 7152
"/Engine/EngineMaterials/Substrate/Glints2/dict_0006_0187" 7153
"/Engine/EngineMaterials/Substrate/Glints2/dict_0006_0188" 7154
"/Engine/EngineMaterials/Substrate/Glints2/dict_0006_0190" 7155
"/Engine/EngineMaterials/Substrate/Glints2/dict_0006_0191" 7156
"/Engine/EngineMaterials/Substrate/Glints2/dict_0006_0192" 7157
"/Engine/EngineMaterials/Substrate/Glints2/dict_0006_0193" 7158
"/Engine/EngineMaterials/Substrate/Glints2/dict_0006_0194" 7159
"/Engine/EngineMaterials/Substrate/Glints2/dict_0006_0195" 7160
"../../../Engine/Content/EngineMaterials/Substrate/Glints2/dict_0006_0189.uasset" 7161
"/Engine/EngineMaterials/Substrate/Glints2/dict_0006_0197" 7162
"/Engine/EngineMaterials/Substrate/Glints2/dict_0006_0198" 7163
"/Engine/EngineMaterials/Substrate/Glints2/dict_0006_0199" 7164
"/Engine/EngineMaterials/Substrate/Glints2/dict_0006_0201" 7165
"../../../Engine/Content/EngineMaterials/Substrate/Glints2/dict_0006_0181.uasset" 7166
"../../../Engine/Content/EngineMaterials/Substrate/Glints2/dict_0006_0184.uasset" 7167
"/Engine/EngineMaterials/Substrate/Glints2/dict_0006_0196" 7168
"../../../Engine/Content/EngineMaterials/Substrate/Glints2/dict_0006_0180.uasset" 7169
"../../../Engine/Content/EngineMaterials/Substrate/Glints2/dict_0006_0185.uasset" 7170
"../../../Engine/Content/EngineMaterials/Substrate/Glints2/dict_0006_0183.uasset" 7171
"../../../Engine/Content/EngineMaterials/Substrate/Glints2/dict_0006_0186.uasset" 7172
"/Engine/EngineMaterials/Substrate/Glints2/dict_0006_0202" 7173
"/Engine/EngineMaterials/Substrate/Glints2/dict_0006_0203" 7174
"../../../Engine/Content/EngineMaterials/Substrate/Glints2/dict_0006_0179.uasset" 7175
"/Engine/EngineMaterials/Substrate/Glints2/dict_0006_0186" 7176
"../../../Engine/Content/EngineMaterials/Substrate/Glints2/dict_0006_0182.uasset" 7177
"/Engine/EngineMaterials/Substrate/Glints2/dict_0006_0189" 7178
"/Engine/EngineMaterials/Substrate/Glints2/dict_0006_0179" 7179
"/Engine/EngineMaterials/Substrate/Glints2/dict_0006_0180" 7180
"/Engine/EngineMaterials/Substrate/Glints2/dict_0006_0181" 7181
"/Engine/EngineMaterials/Substrate/Glints2/dict_0006_0183" 7182
"/Engine/EngineMaterials/Substrate/Glints2/dict_0006_0184" 7183
"/Engine/EngineMaterials/Substrate/Glints2/dict_0006_0185" 7184
"/Engine/EngineMaterials/Substrate/Glints2/dict_0006_0182" 7185
"../../../Engine/Content/EngineMaterials/Substrate/Glints2/dict_0006_0172.uasset" 7186
"../../../Engine/Content/EngineMaterials/Substrate/Glints2/dict_0006_0178.uasset" 7187
"../../../Engine/Content/EngineMaterials/Substrate/Glints2/dict_0006_0176.uasset" 7188
"../../../Engine/Content/EngineMaterials/Substrate/Glints2/dict_0006_0174.uasset" 7189
"../../../Engine/Content/EngineMaterials/Substrate/Glints2/dict_0006_0173.uasset" 7190
"../../../Engine/Content/EngineMaterials/Substrate/Glints2/dict_0006_0175.uasset" 7191
"../../../Engine/Content/EngineMaterials/Substrate/Glints2/dict_0006_0177.uasset" 7192
"../../../Engine/Content/EngineMaterials/Substrate/Glints2/dict_0006_0171.uasset" 7193
"../../../Engine/Content/EngineMaterials/Substrate/Glints2/dict_0006_0164.uasset" 7194
"../../../Engine/Content/EngineMaterials/Substrate/Glints2/dict_0006_0168.uasset" 7195
"../../../Engine/Content/EngineMaterials/Substrate/Glints2/dict_0006_0166.uasset" 7196
"../../../Engine/Content/EngineMaterials/Substrate/Glints2/dict_0006_0165.uasset" 7197
"../../../Engine/Content/EngineMaterials/Substrate/Glints2/dict_0006_0167.uasset" 7198
"../../../Engine/Content/EngineMaterials/Substrate/Glints2/dict_0006_0170.uasset" 7199
"/Engine/EngineMaterials/Substrate/Glints2/dict_0006_0174" 7200
"../../../Engine/Content/EngineMaterials/Substrate/Glints2/dict_0006_0162.uasset" 7201
"../../../Engine/Content/EngineMaterials/Substrate/Glints2/dict_0006_0163.uasset" 7202
"/Engine/EngineMaterials/Substrate/Glints2/dict_0006_0175" 7203
"/Engine/EngineMaterials/Substrate/Glints2/dict_0006_0176" 7204
"/Engine/EngineMaterials/Substrate/Glints2/dict_0006_0172" 7205
"/Engine/EngineMaterials/Substrate/Glints2/dict_0006_0177" 7206
"/Engine/EngineMaterials/Substrate/Glints2/dict_0006_0178" 7207
"/Engine/EngineMaterials/Substrate/Glints2/dict_0006_0165" 7208
"/Engine/EngineMaterials/Substrate/Glints2/dict_0006_0166" 7209
"../../../Engine/Content/EngineMaterials/Substrate/Glints2/dict_0006_0169.uasset" 7210
"/Engine/EngineMaterials/Substrate/Glints2/dict_0006_0167" 7211
"/Engine/EngineMaterials/Substrate/Glints2/dict_0006_0173" 7212
"/Engine/EngineMaterials/Substrate/Glints2/dict_0006_0168" 7213
"/Engine/EngineMaterials/Substrate/Glints2/dict_0006_0171" 7214
"/Engine/EngineMaterials/Substrate/Glints2/dict_0006_0162" 7215
"/Engine/EngineMaterials/Substrate/Glints2/dict_0006_0163" 7216
"/Engine/EngineMaterials/Substrate/Glints2/dict_0006_0164" 7217
"/Engine/EngineMaterials/Substrate/Glints2/dict_0006_0169" 7218
"/Engine/EngineMaterials/Substrate/Glints2/dict_0006_0170" 7219
"../../../Engine/Content/EngineMaterials/Substrate/Glints2/dict_0006_0155.uasset" 7220
"../../../Engine/Content/EngineMaterials/Substrate/Glints2/dict_0006_0157.uasset" 7221
"../../../Engine/Content/EngineMaterials/Substrate/Glints2/dict_0006_0158.uasset" 7222
"../../../Engine/Content/EngineMaterials/Substrate/Glints2/dict_0006_0159.uasset" 7223
"../../../Engine/Content/EngineMaterials/Substrate/Glints2/dict_0006_0160.uasset" 7224
"../../../Engine/Content/EngineMaterials/Substrate/Glints2/dict_0006_0156.uasset" 7225
"../../../Engine/Content/EngineMaterials/Substrate/Glints2/dict_0006_0154.uasset" 7226
"../../../Engine/Content/EngineMaterials/Substrate/Glints2/dict_0006_0153.uasset" 7227
"../../../Engine/Content/EngineMaterials/Substrate/Glints2/dict_0006_0161.uasset" 7228
"../../../Engine/Content/EngineMaterials/Substrate/Glints2/dict_0006_0151.uasset" 7229
"../../../Engine/Content/EngineMaterials/Substrate/Glints2/dict_0006_0148.uasset" 7230
"../../../Engine/Content/EngineMaterials/Substrate/Glints2/dict_0006_0149.uasset" 7231
"../../../Engine/Content/EngineMaterials/Substrate/Glints2/dict_0006_0146.uasset" 7232
"../../../Engine/Content/EngineMaterials/Substrate/Glints2/dict_0006_0152.uasset" 7233
"../../../Engine/Content/EngineMaterials/Substrate/Glints2/dict_0006_0150.uasset" 7234
"../../../Engine/Content/EngineMaterials/Substrate/Glints2/dict_0006_0147.uasset" 7235
"/Engine/EngineMaterials/Substrate/Glints2/dict_0006_0148" 7236
"/Engine/EngineMaterials/Substrate/Glints2/dict_0006_0156" 7237
"/Engine/EngineMaterials/Substrate/Glints2/dict_0006_0157" 7238
"/Engine/EngineMaterials/Substrate/Glints2/dict_0006_0158" 7239
"/Engine/EngineMaterials/Substrate/Glints2/dict_0006_0149" 7240
"/Engine/EngineMaterials/Substrate/Glints2/dict_0006_0159" 7241
"/Engine/EngineMaterials/Substrate/Glints2/dict_0006_0150" 7242
"/Engine/EngineMaterials/Substrate/Glints2/dict_0006_0160" 7243
"/Engine/EngineMaterials/Substrate/Glints2/dict_0006_0161" 7244
"/Engine/EngineMaterials/Substrate/Glints2/dict_0006_0151" 7245
"/Engine/EngineMaterials/Substrate/Glints2/dict_0006_0152" 7246
"../../../Engine/Content/EngineMaterials/Substrate/Glints2/dict_0006_0145.uasset" 7247
"/Engine/EngineMaterials/Substrate/Glints2/dict_0006_0147" 7248
"/Engine/EngineMaterials/Substrate/Glints2/dict_0006_0153" 7249
"/Engine/EngineMaterials/Substrate/Glints2/dict_0006_0154" 7250
"/Engine/EngineMaterials/Substrate/Glints2/dict_0006_0146" 7251
"../../../Engine/Content/EngineMaterials/Substrate/Glints2/dict_0006_0144.uasset" 7252
"/Engine/EngineMaterials/Substrate/Glints2/dict_0006_0155" 7253
"/Engine/EngineMaterials/Substrate/Glints2/dict_0006_0144" 7254
"../../../Engine/Content/EngineMaterials/Substrate/Glints2/dict_0006_0138.uasset" 7255
"/Engine/EngineMaterials/Substrate/Glints2/dict_0006_0145" 7256
"../../../Engine/Content/EngineMaterials/Substrate/Glints2/dict_0006_0139.uasset" 7257
"../../../Engine/Content/EngineMaterials/Substrate/Glints2/dict_0006_0140.uasset" 7258
"/Engine/EngineMaterials/Substrate/Glints2/dict_0006_0138" 7259
"/Engine/EngineMaterials/Substrate/Glints2/dict_0006_0139" 7260
"../../../Engine/Content/EngineMaterials/Substrate/Glints2/dict_0006_0142.uasset" 7261
"/Engine/EngineMaterials/Substrate/Glints2/dict_0006_0140" 7262
"../../../Engine/Content/EngineMaterials/Substrate/Glints2/dict_0006_0137.uasset" 7263
"/Engine/EngineMaterials/Substrate/Glints2/dict_0006_0142" 7264
"../../../Engine/Content/EngineMaterials/Substrate/Glints2/dict_0006_0143.uasset" 7265
"/Engine/EngineMaterials/Substrate/Glints2/dict_0006_0137" 7266
"/Engine/EngineMaterials/Substrate/Glints2/dict_0006_0143" 7267
"../../../Engine/Content/EngineMaterials/Substrate/Glints2/dict_0006_0141.uasset" 7268
"../../../Engine/Content/EngineMaterials/Substrate/Glints2/dict_0006_0132.uasset" 7269
"../../../Engine/Content/EngineMaterials/Substrate/Glints2/dict_0006_0133.uasset" 7270
"../../../Engine/Content/EngineMaterials/Substrate/Glints2/dict_0006_0136.uasset" 7271
"../../../Engine/Content/EngineMaterials/Substrate/Glints2/dict_0006_0135.uasset" 7272
"../../../Engine/Content/EngineMaterials/Substrate/Glints2/dict_0006_0134.uasset" 7273
"../../../Engine/Content/EngineMaterials/Substrate/Glints2/dict_0006_0131.uasset" 7274
"../../../Engine/Content/EngineMaterials/Substrate/Glints2/dict_0006_0130.uasset" 7275
"../../../Engine/Content/EngineMaterials/Substrate/Glints2/dict_0006_0128.uasset" 7276
"../../../Engine/Content/EngineMaterials/Substrate/Glints2/dict_0006_0129.uasset" 7277
"/Engine/EngineMaterials/Substrate/Glints2/dict_0006_0135" 7278
"/Engine/EngineMaterials/Substrate/Glints2/dict_0006_0136" 7279
"/Engine/EngineMaterials/Substrate/Glints2/dict_0006_0130" 7280
"/Engine/EngineMaterials/Substrate/Glints2/dict_0006_0131" 7281
"/Engine/EngineMaterials/Substrate/Glints2/dict_0006_0132" 7282
"/Engine/EngineMaterials/Substrate/Glints2/dict_0006_0141" 7283
"/Engine/EngineMaterials/Substrate/Glints2/dict_0006_0133" 7284
"../../../Engine/Content/EngineMaterials/Substrate/Glints2/dict_0006_0127.uasset" 7285
"/Engine/EngineMaterials/Substrate/Glints2/dict_0006_0134" 7286
"../../../Engine/Content/EngineMaterials/Substrate/Glints2/dict_0006_0126.uasset" 7287
"/Engine/EngineMaterials/Substrate/Glints2/dict_0006_0128" 7288
"../../../Engine/Content/EngineMaterials/Substrate/Glints2/dict_0006_0123.uasset" 7289
"../../../Engine/Content/EngineMaterials/Substrate/Glints2/dict_0006_0122.uasset" 7290
"/Engine/EngineMaterials/Substrate/Glints2/dict_0006_0129" 7291
"/Engine/EngineMaterials/Substrate/Glints2/dict_0006_0122" 7292
"/Engine/EngineMaterials/Substrate/Glints2/dict_0006_0123" 7293
"/Engine/EngineMaterials/Substrate/Glints2/dict_0006_0126" 7294
"/Engine/EngineMaterials/Substrate/Glints2/dict_0006_0127" 7295
"../../../Engine/Content/EngineMaterials/Substrate/Glints2/dict_0006_0119.uasset" 7296
"../../../Engine/Content/EngineMaterials/Substrate/Glints2/dict_0006_0121.uasset" 7297
"/Engine/EngineMaterials/Substrate/Glints2/dict_0006_0119" 7298
"../../../Engine/Content/EngineMaterials/Substrate/Glints2/dict_0006_0124.uasset" 7299
"/Engine/EngineMaterials/Substrate/Glints2/dict_0006_0121" 7300
"/Engine/EngineMaterials/Substrate/Glints2/dict_0006_0124" 7301
"../../../Engine/Content/EngineMaterials/Substrate/Glints2/dict_0006_0120.uasset" 7302
"../../../Engine/Content/EngineMaterials/Substrate/Glints2/dict_0006_0117.uasset" 7303
"../../../Engine/Content/EngineMaterials/Substrate/Glints2/dict_0006_0118.uasset" 7304
"../../../Engine/Content/EngineMaterials/Substrate/Glints2/dict_0006_0116.uasset" 7305
"../../../Engine/Content/EngineMaterials/Substrate/Glints2/dict_0006_0125.uasset" 7306
"../../../Engine/Content/EngineMaterials/Substrate/Glints2/dict_0006_0115.uasset" 7307
"../../../Engine/Content/EngineMaterials/Substrate/Glints2/dict_0006_0113.uasset" 7308
"../../../Engine/Content/EngineMaterials/Substrate/Glints2/dict_0006_0114.uasset" 7309
"../../../Engine/Content/EngineMaterials/Substrate/Glints2/dict_0006_0112.uasset" 7310
"../../../Engine/Content/EngineMaterials/Substrate/Glints2/dict_0006_0108.uasset" 7311
"../../../Engine/Content/EngineMaterials/Substrate/Glints2/dict_0006_0109.uasset" 7312
"../../../Engine/Content/EngineMaterials/Substrate/Glints2/dict_0006_0110.uasset" 7313
"/Engine/EngineMaterials/Substrate/Glints2/dict_0006_0109" 7314
"../../../Engine/Content/EngineMaterials/Substrate/Glints2/dict_0006_0107.uasset" 7315
"/Engine/EngineMaterials/Substrate/Glints2/dict_0006_0114" 7316
"/Engine/EngineMaterials/Substrate/Glints2/dict_0006_0110" 7317
"/Engine/EngineMaterials/Substrate/Glints2/dict_0006_0115" 7318
"/Engine/EngineMaterials/Substrate/Glints2/dict_0006_0116" 7319
"../../../Engine/Content/EngineMaterials/Substrate/Glints2/dict_0006_0104.uasset" 7320
"../../../Engine/Content/EngineMaterials/Substrate/Glints2/dict_0006_0106.uasset" 7321
"../../../Engine/Content/EngineMaterials/Substrate/Glints2/dict_0006_0111.uasset" 7322
"/Engine/EngineMaterials/Substrate/Glints2/dict_0006_0117" 7323
"/Engine/EngineMaterials/Substrate/Glints2/dict_0006_0118" 7324
"/Engine/EngineMaterials/Substrate/Glints2/dict_0006_0120" 7325
"/Engine/EngineMaterials/Substrate/Glints2/dict_0006_0125" 7326
"/Engine/EngineMaterials/Substrate/Glints2/dict_0006_0108" 7327
"/Engine/EngineMaterials/Substrate/Glints2/dict_0006_0112" 7328
"/Engine/EngineMaterials/Substrate/Glints2/dict_0006_0113" 7329
"/Engine/EngineMaterials/Substrate/Glints2/dict_0006_0107" 7330
"/Engine/EngineMaterials/Substrate/Glints2/dict_0006_0111" 7331
"/Engine/EngineMaterials/Substrate/Glints2/dict_0006_0106" 7332
"/Engine/EngineMaterials/Substrate/Glints2/dict_0006_0104" 7333
"../../../Engine/Content/EngineMaterials/Substrate/Glints2/dict_0006_0101.uasset" 7334
"../../../Engine/Content/EngineMaterials/Substrate/Glints2/dict_0006_0100.uasset" 7335
"../../../Engine/Content/EngineMaterials/Substrate/Glints2/dict_0006_0103.uasset" 7336
"../../../Engine/Content/EngineMaterials/Substrate/Glints2/dict_0006_0102.uasset" 7337
"../../../Engine/Content/EngineMaterials/Substrate/Glints2/dict_0006_0099.uasset" 7338
"../../../Engine/Content/EngineMaterials/Substrate/Glints2/dict_0006_0097.uasset" 7339
"../../../Engine/Content/EngineMaterials/Substrate/Glints2/dict_0006_0105.uasset" 7340
"../../../Engine/Content/EngineMaterials/Substrate/Glints2/dict_0006_0098.uasset" 7341
"../../../Engine/Content/EngineMaterials/Substrate/Glints2/dict_0006_0096.uasset" 7342
"../../../Engine/Content/EngineMaterials/Substrate/Glints2/dict_0006_0092.uasset" 7343
"../../../Engine/Content/EngineMaterials/Substrate/Glints2/dict_0006_0094.uasset" 7344
"../../../Engine/Content/EngineMaterials/Substrate/Glints2/dict_0006_0093.uasset" 7345
"../../../Engine/Content/EngineMaterials/Substrate/Glints2/dict_0006_0091.uasset" 7346
"../../../Engine/Content/EngineMaterials/Substrate/Glints2/dict_0006_0095.uasset" 7347
"../../../Engine/Content/EngineMaterials/Substrate/Glints2/dict_0006_0090.uasset" 7348
"/Engine/EngineMaterials/Substrate/Glints2/dict_0006_0096" 7349
"/Engine/EngineMaterials/Substrate/Glints2/dict_0006_0097" 7350
"/Engine/EngineMaterials/Substrate/Glints2/dict_0006_0090" 7351
"/Engine/EngineMaterials/Substrate/Glints2/dict_0006_0091" 7352
"/Engine/EngineMaterials/Substrate/Glints2/dict_0006_0092" 7353
"/Engine/EngineMaterials/Substrate/Glints2/dict_0006_0098" 7354
"/Engine/EngineMaterials/Substrate/Glints2/dict_0006_0099" 7355
"/Engine/EngineMaterials/Substrate/Glints2/dict_0006_0093" 7356
"../../../Engine/Content/EngineMaterials/Substrate/Glints2/dict_0006_0089.uasset" 7357
"/Engine/EngineMaterials/Substrate/Glints2/dict_0006_0100" 7358
"/Engine/EngineMaterials/Substrate/Glints2/dict_0006_0101" 7359
"/Engine/EngineMaterials/Substrate/Glints2/dict_0006_0094" 7360
"/Engine/EngineMaterials/Substrate/Glints2/dict_0006_0095" 7361
"/Engine/EngineMaterials/Substrate/Glints2/dict_0006_0102" 7362
"/Engine/EngineMaterials/Substrate/Glints2/dict_0006_0103" 7363
"/Engine/EngineMaterials/Substrate/Glints2/dict_0006_0105" 7364
"../../../Engine/Content/EngineMaterials/Substrate/Glints2/dict_0006_0084.uasset" 7365
"/Engine/EngineMaterials/Substrate/Glints2/dict_0006_0084" 7366
"../../../Engine/Content/EngineMaterials/Substrate/Glints2/dict_0006_0083.uasset" 7367
"../../../Engine/Content/EngineMaterials/Substrate/Glints2/dict_0006_0088.uasset" 7368
"/Engine/EngineMaterials/Substrate/Glints2/dict_0006_0089" 7369
"../../../Engine/Content/EngineMaterials/Substrate/Glints2/dict_0006_0086.uasset" 7370
"../../../Engine/Content/EngineMaterials/Substrate/Glints2/dict_0006_0085.uasset" 7371
"/Engine/EngineMaterials/Substrate/Glints2/dict_0006_0083" 7372
"/Engine/EngineMaterials/Substrate/Glints2/dict_0006_0086" 7373
"../../../Engine/Content/EngineMaterials/Substrate/Glints2/dict_0006_0087.uasset" 7374
"../../../Engine/Content/EngineMaterials/Substrate/Glints2/dict_0006_0082.uasset" 7375
"/Engine/EngineMaterials/Substrate/Glints2/dict_0006_0088" 7376
"../../../Engine/Content/EngineMaterials/Substrate/Glints2/dict_0006_0081.uasset" 7377
"/Engine/EngineMaterials/Substrate/Glints2/dict_0006_0082" 7378
"/Engine/EngineMaterials/Substrate/Glints2/dict_0006_0085" 7379
"/Engine/EngineMaterials/Substrate/Glints2/dict_0006_0087" 7380
"/Engine/EngineMaterials/Substrate/Glints2/dict_0006_0081" 7381
"../../../Engine/Content/EngineMaterials/Substrate/Glints2/dict_0006_0079.uasset" 7382
"../../../Engine/Content/EngineMaterials/Substrate/Glints2/dict_0006_0077.uasset" 7383
"../../../Engine/Content/EngineMaterials/Substrate/Glints2/dict_0006_0078.uasset" 7384
"../../../Engine/Content/EngineMaterials/Substrate/Glints2/dict_0006_0075.uasset" 7385
"../../../Engine/Content/EngineMaterials/Substrate/Glints2/dict_0006_0074.uasset" 7386
"../../../Engine/Content/EngineMaterials/Substrate/Glints2/dict_0006_0080.uasset" 7387
"../../../Engine/Content/EngineMaterials/Substrate/Glints2/dict_0006_0072.uasset" 7388
"../../../Engine/Content/EngineMaterials/Substrate/Glints2/dict_0006_0073.uasset" 7389
"/Engine/EngineMaterials/Substrate/Glints2/dict_0006_0073" 7390
"/Engine/EngineMaterials/Substrate/Glints2/dict_0006_0077" 7391
"../../../Engine/Content/EngineMaterials/Substrate/Glints2/dict_0006_0076.uasset" 7392
"../../../Engine/Content/EngineMaterials/Substrate/Glints2/dict_0006_0066.uasset" 7393
"../../../Engine/Content/EngineMaterials/Substrate/Glints2/dict_0006_0071.uasset" 7394
"/Engine/EngineMaterials/Substrate/Glints2/dict_0006_0078" 7395
"/Engine/EngineMaterials/Substrate/Glints2/dict_0006_0079" 7396
"../../../Engine/Content/EngineMaterials/Substrate/Glints2/dict_0006_0070.uasset" 7397
"/Engine/EngineMaterials/Substrate/Glints2/dict_0006_0080" 7398
"../../../Engine/Content/EngineMaterials/Substrate/Glints2/dict_0006_0068.uasset" 7399
"/Engine/EngineMaterials/Substrate/Glints2/dict_0006_0074" 7400
"../../../Engine/Content/EngineMaterials/Substrate/Glints2/dict_0006_0065.uasset" 7401
"/Engine/EngineMaterials/Substrate/Glints2/dict_0006_0075" 7402
"/Engine/EngineMaterials/Substrate/Glints2/dict_0006_0072" 7403
"/Engine/EngineMaterials/Substrate/Glints2/dict_0006_0065" 7404
"/Engine/EngineMaterials/Substrate/Glints2/dict_0006_0066" 7405
"/Engine/EngineMaterials/Substrate/Glints2/dict_0006_0068" 7406
"/Engine/EngineMaterials/Substrate/Glints2/dict_0006_0070" 7407
"/Engine/EngineMaterials/Substrate/Glints2/dict_0006_0071" 7408
"/Engine/EngineMaterials/Substrate/Glints2/dict_0006_0076" 7409
"../../../Engine/Content/EngineMaterials/Substrate/Glints2/dict_0006_0067.uasset" 7410
"../../../Engine/Content/EngineMaterials/Substrate/Glints2/dict_0006_0063.uasset" 7411
"../../../Engine/Content/EngineMaterials/Substrate/Glints2/dict_0006_0069.uasset" 7412
"../../../Engine/Content/EngineMaterials/Substrate/Glints2/dict_0006_0058.uasset" 7413
"../../../Engine/Content/EngineMaterials/Substrate/Glints2/dict_0006_0062.uasset" 7414
"../../../Engine/Content/EngineMaterials/Substrate/Glints2/dict_0006_0057.uasset" 7415
"../../../Engine/Content/EngineMaterials/Substrate/Glints2/dict_0006_0059.uasset" 7416
"../../../Engine/Content/EngineMaterials/Substrate/Glints2/dict_0006_0061.uasset" 7417
"../../../Engine/Content/EngineMaterials/Substrate/Glints2/dict_0006_0064.uasset" 7418
"../../../Engine/Content/EngineMaterials/Substrate/Glints2/dict_0006_0060.uasset" 7419
"../../../Engine/Content/EngineMaterials/Substrate/Glints2/dict_0006_0056.uasset" 7420
"../../../Engine/Content/EngineMaterials/Substrate/Glints2/dict_0006_0055.uasset" 7421
"/Engine/EngineMaterials/Substrate/Glints2/dict_0006_0058" 7422
"../../../Engine/Content/EngineMaterials/Substrate/Glints2/dict_0006_0053.uasset" 7423
"../../../Engine/Content/EngineMaterials/Substrate/Glints2/dict_0006_0052.uasset" 7424
"/Engine/EngineMaterials/Substrate/Glints2/dict_0006_0059" 7425
"../../../Engine/Content/EngineMaterials/Substrate/Glints2/dict_0006_0050.uasset" 7426
"/Engine/EngineMaterials/Substrate/Glints2/dict_0006_0060" 7427
"/Engine/EngineMaterials/Substrate/Glints2/dict_0006_0056" 7428
"/Engine/EngineMaterials/Substrate/Glints2/dict_0006_0061" 7429
"../../../Engine/Content/EngineMaterials/Substrate/Glints2/dict_0006_0051.uasset" 7430
"../../../Engine/Content/EngineMaterials/Substrate/Glints2/dict_0006_0049.uasset" 7431
"../../../Engine/Content/EngineMaterials/Substrate/Glints2/dict_0006_0048.uasset" 7432
"/Engine/EngineMaterials/Substrate/Glints2/dict_0006_0062" 7433
"/Engine/EngineMaterials/Substrate/Glints2/dict_0006_0063" 7434
"/Engine/EngineMaterials/Substrate/Glints2/dict_0006_0064" 7435
"/Engine/EngineMaterials/Substrate/Glints2/dict_0006_0057" 7436
"/Engine/EngineMaterials/Substrate/Glints2/dict_0006_0067" 7437
"/Engine/EngineMaterials/Substrate/Glints2/dict_0006_0055" 7438
"../../../Engine/Content/EngineMaterials/Substrate/Glints2/dict_0006_0046.uasset" 7439
"/Engine/EngineMaterials/Substrate/Glints2/dict_0006_0069" 7440
"/Engine/EngineMaterials/Substrate/Glints2/dict_0006_0049" 7441
"/Engine/EngineMaterials/Substrate/Glints2/dict_0006_0050" 7442
"/Engine/EngineMaterials/Substrate/Glints2/dict_0006_0053" 7443
"/Engine/EngineMaterials/Substrate/Glints2/dict_0006_0046" 7444
"../../../Engine/Content/EngineMaterials/Substrate/Glints2/dict_0006_0045.uasset" 7445
"/Engine/EngineMaterials/Substrate/Glints2/dict_0006_0051" 7446
"/Engine/EngineMaterials/Substrate/Glints2/dict_0006_0052" 7447
"/Engine/EngineMaterials/Substrate/Glints2/dict_0006_0048" 7448
"../../../Engine/Content/EngineMaterials/Substrate/Glints2/dict_0006_0047.uasset" 7449
"../../../Engine/Content/EngineMaterials/Substrate/Glints2/dict_0006_0054.uasset" 7450
"../../../Engine/Content/EngineMaterials/Substrate/Glints2/dict_0006_0043.uasset" 7451
"../../../Engine/Content/EngineMaterials/Substrate/Glints2/dict_0006_0044.uasset" 7452
"/Engine/EngineMaterials/Substrate/Glints2/dict_0006_0043" 7453
"/Engine/EngineMaterials/Substrate/Glints2/dict_0006_0044" 7454
"/Engine/EngineMaterials/Substrate/Glints2/dict_0006_0045" 7455
"../../../Engine/Content/EngineMaterials/Substrate/Glints2/dict_0006_0042.uasset" 7456
"/Engine/EngineMaterials/Substrate/Glints2/dict_0006_0054" 7457
"../../../Engine/Content/EngineMaterials/Substrate/Glints2/dict_0006_0040.uasset" 7458
"/Engine/EngineMaterials/Substrate/Glints2/dict_0006_0047" 7459
"../../../Engine/Content/EngineMaterials/Substrate/Glints2/dict_0006_0039.uasset" 7460
"../../../Engine/Content/EngineMaterials/Substrate/Glints2/dict_0006_0041.uasset" 7461
"/Engine/EngineMaterials/Substrate/Glints2/dict_0006_0041" 7462
"/Engine/EngineMaterials/Substrate/Glints2/dict_0006_0042" 7463
"/Engine/EngineMaterials/Substrate/Glints2/dict_0006_0039" 7464
"/Engine/EngineMaterials/Substrate/Glints2/dict_0006_0040" 7465
"../../../Engine/Content/EngineMaterials/Substrate/Glints2/dict_0006_0038.uasset" 7466
"../../../Engine/Content/EngineMaterials/Substrate/Glints2/dict_0006_0034.uasset" 7467
"../../../Engine/Content/EngineMaterials/Substrate/Glints2/dict_0006_0033.uasset" 7468
"../../../Engine/Content/EngineMaterials/Substrate/Glints2/dict_0006_0036.uasset" 7469
"../../../Engine/Content/EngineMaterials/Substrate/Glints2/dict_0006_0032.uasset" 7470
"../../../Engine/Content/EngineMaterials/Substrate/Glints2/dict_0006_0037.uasset" 7471
"../../../Engine/Content/EngineMaterials/Substrate/Glints2/dict_0006_0030.uasset" 7472
"../../../Engine/Content/EngineMaterials/Substrate/Glints2/dict_0006_0031.uasset" 7473
"../../../Engine/Content/EngineMaterials/Substrate/Glints2/dict_0006_0028.uasset" 7474
"/Engine/EngineMaterials/Substrate/Glints2/dict_0006_0028" 7475
"../../../Engine/Content/EngineMaterials/Substrate/Glints2/dict_0006_0027.uasset" 7476
"../../../Engine/Content/EngineMaterials/Substrate/Glints2/dict_0006_0025.uasset" 7477
"../../../Engine/Content/EngineMaterials/Substrate/Glints2/dict_0006_0023.uasset" 7478
"../../../Engine/Content/EngineMaterials/Substrate/Glints2/dict_0006_0026.uasset" 7479
"/Engine/EngineMaterials/Substrate/Glints2/dict_0006_0030" 7480
"../../../Engine/Content/EngineMaterials/Substrate/Glints2/dict_0006_0024.uasset" 7481
"../../../Engine/Content/EngineMaterials/Substrate/Glints2/dict_0006_0022.uasset" 7482
"/Engine/EngineMaterials/Substrate/Glints2/dict_0006_0031" 7483
"../../../Engine/Content/EngineMaterials/Substrate/Glints2/dict_0006_0021.uasset" 7484
"../../../Engine/Content/EngineMaterials/Substrate/Glints2/dict_0006_0029.uasset" 7485
"../../../Engine/Content/EngineMaterials/Substrate/Glints2/dict_0006_0035.uasset" 7486
"/Engine/EngineMaterials/Substrate/Glints2/dict_0006_0036" 7487
"/Engine/EngineMaterials/Substrate/Glints2/dict_0006_0032" 7488
"/Engine/EngineMaterials/Substrate/Glints2/dict_0006_0037" 7489
"/Engine/EngineMaterials/Substrate/Glints2/dict_0006_0033" 7490
"/Engine/EngineMaterials/Substrate/Glints2/dict_0006_0034" 7491
"/Engine/EngineMaterials/Substrate/Glints2/dict_0006_0038" 7492
"/Engine/EngineMaterials/Substrate/Glints2/dict_0006_0023" 7493
"/Engine/EngineMaterials/Substrate/Glints2/dict_0006_0024" 7494
"/Engine/EngineMaterials/Substrate/Glints2/dict_0006_0025" 7495
"/Engine/EngineMaterials/Substrate/Glints2/dict_0006_0026" 7496
"/Engine/EngineMaterials/Substrate/Glints2/dict_0006_0027" 7497
"/Engine/EngineMaterials/Substrate/Glints2/dict_0006_0029" 7498
"../../../Engine/Content/EngineMaterials/Substrate/Glints2/dict_0006_0017.uasset" 7499
"../../../Engine/Content/EngineMaterials/Substrate/Glints2/dict_0006_0018.uasset" 7500
"/Engine/EngineMaterials/Substrate/Glints2/dict_0006_0035" 7501
"../../../Engine/Content/EngineMaterials/Substrate/Glints2/dict_0006_0020.uasset" 7502
"../../../Engine/Content/EngineMaterials/Substrate/Glints2/dict_0006_0016.uasset" 7503
"/Engine/EngineMaterials/Substrate/Glints2/dict_0006_0021" 7504
"../../../Engine/Content/EngineMaterials/Substrate/Glints2/dict_0006_0014.uasset" 7505
"../../../Engine/Content/EngineMaterials/Substrate/Glints2/dict_0006_0019.uasset" 7506
"/Engine/EngineMaterials/Substrate/Glints2/dict_0006_0022" 7507
"../../../Engine/Content/EngineMaterials/Substrate/Glints2/dict_0006_0013.uasset" 7508
"/Engine/EngineMaterials/Substrate/Glints2/dict_0006_0016" 7509
"/Engine/EngineMaterials/Substrate/Glints2/dict_0006_0017" 7510
"/Engine/EngineMaterials/Substrate/Glints2/dict_0006_0018" 7511
"../../../Engine/Content/EngineMaterials/Substrate/Glints2/dict_0006_0015.uasset" 7512
"/Engine/EngineMaterials/Substrate/Glints2/dict_0006_0019" 7513
"/Engine/EngineMaterials/Substrate/Glints2/dict_0006_0020" 7514
"/Engine/EngineMaterials/Substrate/Glints2/dict_0006_0014" 7515
"/Engine/EngineMaterials/Substrate/Glints2/dict_0006_0013" 7516
"/Engine/EngineMaterials/Substrate/Glints2/dict_0006_0015" 7517
"../../../Engine/Content/EngineMaterials/Substrate/Glints2/dict_0006_0012.uasset" 7518
"../../../Engine/Content/EngineMaterials/Substrate/Glints2/dict_0006_0009.uasset" 7519
"../../../Engine/Content/EngineMaterials/Substrate/Glints2/dict_0006_0006.uasset" 7520
"../../../Engine/Content/EngineMaterials/Substrate/Glints2/dict_0006_0010.uasset" 7521
"../../../Engine/Content/EngineMaterials/Substrate/Glints2/dict_0006_0007.uasset" 7522
"../../../Engine/Content/EngineMaterials/Substrate/Glints2/dict_0006_0005.uasset" 7523
"../../../Engine/Content/EngineMaterials/Substrate/Glints2/dict_0006_0008.uasset" 7524
"../../../Engine/Content/EngineMaterials/Substrate/Glints2/dict_0006_0003.uasset" 7525
"../../../Engine/Content/EngineMaterials/Substrate/Glints2/dict_0006_0004.uasset" 7526
"/Engine/EngineMaterials/Substrate/Glints2/dict_0006_0007" 7527
"../../../Engine/Content/EngineMaterials/Substrate/Glints2/dict_0005_0254.uasset" 7528
"../../../Engine/Content/EngineMaterials/Substrate/Glints2/dict_0006_0001.uasset" 7529
"../../../Engine/Content/EngineMaterials/Substrate/Glints2/dict_0005_0252.uasset" 7530
"../../../Engine/Content/EngineMaterials/Substrate/Glints2/dict_0006_0002.uasset" 7531
"../../../Engine/Content/EngineMaterials/Substrate/Glints2/dict_0005_0253.uasset" 7532
"/Engine/EngineMaterials/Substrate/Glints2/dict_0006_0008" 7533
"../../../Engine/Content/EngineMaterials/Substrate/Glints2/dict_0005_0255.uasset" 7534
"../../../Engine/Content/EngineMaterials/Substrate/Glints2/dict_0005_0250.uasset" 7535
"/Engine/EngineMaterials/Substrate/Glints2/dict_0006_0012" 7536
"/Engine/EngineMaterials/Substrate/Glints2/dict_0006_0003" 7537
"/Engine/EngineMaterials/Substrate/Glints2/dict_0006_0004" 7538
"/Engine/EngineMaterials/Substrate/Glints2/dict_0006_0005" 7539
"/Engine/EngineMaterials/Substrate/Glints2/dict_0006_0006" 7540
"../../../Engine/Content/EngineMaterials/Substrate/Glints2/dict_0006_0000.uasset" 7541
"../../../Engine/Content/EngineMaterials/Substrate/Glints2/dict_0006_0011.uasset" 7542
"/Engine/EngineMaterials/Substrate/Glints2/dict_0006_0009" 7543
"../../../Engine/Content/EngineMaterials/Substrate/Glints2/dict_0005_0251.uasset" 7544
"/Engine/EngineMaterials/Substrate/Glints2/dict_0006_0010" 7545
"/Engine/EngineMaterials/Substrate/Glints2/dict_0006_0011" 7546
"/Engine/EngineMaterials/Substrate/Glints2/dict_0005_0254" 7547
"/Engine/EngineMaterials/Substrate/Glints2/dict_0005_0250" 7548
"/Engine/EngineMaterials/Substrate/Glints2/dict_0005_0255" 7549
"/Engine/EngineMaterials/Substrate/Glints2/dict_0005_0251" 7550
"/Engine/EngineMaterials/Substrate/Glints2/dict_0006_0000" 7551
"/Engine/EngineMaterials/Substrate/Glints2/dict_0006_0001" 7552
"/Engine/EngineMaterials/Substrate/Glints2/dict_0006_0002" 7553
"/Engine/EngineMaterials/Substrate/Glints2/dict_0005_0252" 7554
"/Engine/EngineMaterials/Substrate/Glints2/dict_0005_0253" 7555
"../../../Engine/Content/EngineMaterials/Substrate/Glints2/dict_0005_0248.uasset" 7556
"../../../Engine/Content/EngineMaterials/Substrate/Glints2/dict_0005_0243.uasset" 7557
"../../../Engine/Content/EngineMaterials/Substrate/Glints2/dict_0005_0244.uasset" 7558
"../../../Engine/Content/EngineMaterials/Substrate/Glints2/dict_0005_0245.uasset" 7559
"../../../Engine/Content/EngineMaterials/Substrate/Glints2/dict_0005_0247.uasset" 7560
"../../../Engine/Content/EngineMaterials/Substrate/Glints2/dict_0005_0249.uasset" 7561
"../../../Engine/Content/EngineMaterials/Substrate/Glints2/dict_0005_0246.uasset" 7562
"../../../Engine/Content/EngineMaterials/Substrate/Glints2/dict_0005_0240.uasset" 7563
"../../../Engine/Content/EngineMaterials/Substrate/Glints2/dict_0005_0241.uasset" 7564
"../../../Engine/Content/EngineMaterials/Substrate/Glints2/dict_0005_0235.uasset" 7565
"../../../Engine/Content/EngineMaterials/Substrate/Glints2/dict_0005_0236.uasset" 7566
"../../../Engine/Content/EngineMaterials/Substrate/Glints2/dict_0005_0234.uasset" 7567
"../../../Engine/Content/EngineMaterials/Substrate/Glints2/dict_0005_0239.uasset" 7568
"../../../Engine/Content/EngineMaterials/Substrate/Glints2/dict_0005_0237.uasset" 7569
"../../../Engine/Content/EngineMaterials/Substrate/Glints2/dict_0005_0238.uasset" 7570
"/Engine/EngineMaterials/Substrate/Glints2/dict_0005_0245" 7571
"/Engine/EngineMaterials/Substrate/Glints2/dict_0005_0246" 7572
"/Engine/EngineMaterials/Substrate/Glints2/dict_0005_0237" 7573
"/Engine/EngineMaterials/Substrate/Glints2/dict_0005_0239" 7574
"../../../Engine/Content/EngineMaterials/Substrate/Glints2/dict_0005_0242.uasset" 7575
"/Engine/EngineMaterials/Substrate/Glints2/dict_0005_0240" 7576
"/Engine/EngineMaterials/Substrate/Glints2/dict_0005_0241" 7577
"/Engine/EngineMaterials/Substrate/Glints2/dict_0005_0247" 7578
"/Engine/EngineMaterials/Substrate/Glints2/dict_0005_0248" 7579
"/Engine/EngineMaterials/Substrate/Glints2/dict_0005_0249" 7580
"../../../Engine/Content/EngineMaterials/Substrate/Glints2/dict_0005_0233.uasset" 7581
"/Engine/EngineMaterials/Substrate/Glints2/dict_0005_0243" 7582
"/Engine/EngineMaterials/Substrate/Glints2/dict_0005_0244" 7583
"/Engine/EngineMaterials/Substrate/Glints2/dict_0005_0238" 7584
"../../../Engine/Content/EngineMaterials/Substrate/Glints2/dict_0005_0227.uasset" 7585
"../../../Engine/Content/EngineMaterials/Substrate/Glints2/dict_0005_0230.uasset" 7586
"../../../Engine/Content/EngineMaterials/Substrate/Glints2/dict_0005_0229.uasset" 7587
"../../../Engine/Content/EngineMaterials/Substrate/Glints2/dict_0005_0228.uasset" 7588
"/Engine/EngineMaterials/Substrate/Glints2/dict_0005_0234" 7589
"/Engine/EngineMaterials/Substrate/Glints2/dict_0005_0235" 7590
"/Engine/EngineMaterials/Substrate/Glints2/dict_0005_0236" 7591
"/Engine/EngineMaterials/Substrate/Glints2/dict_0005_0228" 7592
"../../../Engine/Content/EngineMaterials/Substrate/Glints2/dict_0005_0226.uasset" 7593
"/Engine/EngineMaterials/Substrate/Glints2/dict_0005_0229" 7594
"../../../Engine/Content/EngineMaterials/Substrate/Glints2/dict_0005_0232.uasset" 7595
"../../../Engine/Content/EngineMaterials/Substrate/Glints2/dict_0005_0225.uasset" 7596
"/Engine/EngineMaterials/Substrate/Glints2/dict_0005_0230" 7597
"/Engine/EngineMaterials/Substrate/Glints2/dict_0005_0242" 7598
"/Engine/EngineMaterials/Substrate/Glints2/dict_0005_0233" 7599
"../../../Engine/Content/EngineMaterials/Substrate/Glints2/dict_0005_0231.uasset" 7600
"/Engine/EngineMaterials/Substrate/Glints2/dict_0005_0227" 7601
"/Engine/EngineMaterials/Substrate/Glints2/dict_0005_0225" 7602
"/Engine/EngineMaterials/Substrate/Glints2/dict_0005_0231" 7603
"/Engine/EngineMaterials/Substrate/Glints2/dict_0005_0226" 7604
"/Engine/EngineMaterials/Substrate/Glints2/dict_0005_0232" 7605
"../../../Engine/Content/EngineMaterials/Substrate/Glints2/dict_0005_0219.uasset" 7606
"../../../Engine/Content/EngineMaterials/Substrate/Glints2/dict_0005_0223.uasset" 7607
"../../../Engine/Content/EngineMaterials/Substrate/Glints2/dict_0005_0224.uasset" 7608
"../../../Engine/Content/EngineMaterials/Substrate/Glints2/dict_0005_0220.uasset" 7609
"../../../Engine/Content/EngineMaterials/Substrate/Glints2/dict_0005_0222.uasset" 7610
"../../../Engine/Content/EngineMaterials/Substrate/Glints2/dict_0005_0217.uasset" 7611
"../../../Engine/Content/EngineMaterials/Substrate/Glints2/dict_0005_0216.uasset" 7612
"../../../Engine/Content/EngineMaterials/Substrate/Glints2/dict_0005_0218.uasset" 7613
"../../../Engine/Content/EngineMaterials/Substrate/Glints2/dict_0005_0221.uasset" 7614
"../../../Engine/Content/EngineMaterials/Substrate/Glints2/dict_0005_0213.uasset" 7615
"../../../Engine/Content/EngineMaterials/Substrate/Glints2/dict_0005_0211.uasset" 7616
"../../../Engine/Content/EngineMaterials/Substrate/Glints2/dict_0005_0210.uasset" 7617
"../../../Engine/Content/EngineMaterials/Substrate/Glints2/dict_0005_0212.uasset" 7618
"../../../Engine/Content/EngineMaterials/Substrate/Glints2/dict_0005_0215.uasset" 7619
"/Engine/EngineMaterials/Substrate/Glints2/dict_0005_0218" 7620
"/Engine/EngineMaterials/Substrate/Glints2/dict_0005_0210" 7621
"/Engine/EngineMaterials/Substrate/Glints2/dict_0005_0211" 7622
"../../../Engine/Content/EngineMaterials/Substrate/Glints2/dict_0005_0209.uasset" 7623
"/Engine/EngineMaterials/Substrate/Glints2/dict_0005_0219" 7624
"/Engine/EngineMaterials/Substrate/Glints2/dict_0005_0220" 7625
"/Engine/EngineMaterials/Substrate/Glints2/dict_0005_0221" 7626
"/Engine/EngineMaterials/Substrate/Glints2/dict_0005_0222" 7627
"/Engine/EngineMaterials/Substrate/Glints2/dict_0005_0223" 7628
"/Engine/EngineMaterials/Substrate/Glints2/dict_0005_0224" 7629
"/Engine/EngineMaterials/Substrate/Glints2/dict_0005_0212" 7630
"../../../Engine/Content/EngineMaterials/Substrate/Glints2/dict_0005_0208.uasset" 7631
"/Engine/EngineMaterials/Substrate/Glints2/dict_0005_0213" 7632
"../../../Engine/Content/EngineMaterials/Substrate/Glints2/dict_0005_0207.uasset" 7633
"../../../Engine/Content/EngineMaterials/Substrate/Glints2/dict_0005_0214.uasset" 7634
"/Engine/EngineMaterials/Substrate/Glints2/dict_0005_0216" 7635
"/Engine/EngineMaterials/Substrate/Glints2/dict_0005_0217" 7636
"../../../Engine/Content/EngineMaterials/Substrate/Glints2/dict_0005_0202.uasset" 7637
"../../../Engine/Content/EngineMaterials/Substrate/Glints2/dict_0005_0204.uasset" 7638
"/Engine/EngineMaterials/Substrate/Glints2/dict_0005_0207" 7639
"/Engine/EngineMaterials/Substrate/Glints2/dict_0005_0208" 7640
"../../../Engine/Content/EngineMaterials/Substrate/Glints2/dict_0005_0206.uasset" 7641
"/Engine/EngineMaterials/Substrate/Glints2/dict_0005_0209" 7642
"../../../Engine/Content/EngineMaterials/Substrate/Glints2/dict_0005_0205.uasset" 7643
"/Engine/EngineMaterials/Substrate/Glints2/dict_0005_0214" 7644
"../../../Engine/Content/EngineMaterials/Substrate/Glints2/dict_0005_0203.uasset" 7645
"/Engine/EngineMaterials/Substrate/Glints2/dict_0005_0215" 7646
"../../../Engine/Content/EngineMaterials/Substrate/Glints2/dict_0005_0200.uasset" 7647
"/Engine/EngineMaterials/Substrate/Glints2/dict_0005_0203" 7648
"/Engine/EngineMaterials/Substrate/Glints2/dict_0005_0204" 7649
"/Engine/EngineMaterials/Substrate/Glints2/dict_0005_0205" 7650
"/Engine/EngineMaterials/Substrate/Glints2/dict_0005_0206" 7651
"/Engine/EngineMaterials/Substrate/Glints2/dict_0005_0200" 7652
"/Engine/EngineMaterials/Substrate/Glints2/dict_0005_0202" 7653
"../../../Engine/Content/EngineMaterials/Substrate/Glints2/dict_0005_0201.uasset" 7654
"../../../Engine/Content/EngineMaterials/Substrate/Glints2/dict_0005_0196.uasset" 7655
"../../../Engine/Content/EngineMaterials/Substrate/Glints2/dict_0005_0199.uasset" 7656
"../../../Engine/Content/EngineMaterials/Substrate/Glints2/dict_0005_0195.uasset" 7657
"../../../Engine/Content/EngineMaterials/Substrate/Glints2/dict_0005_0197.uasset" 7658
"../../../Engine/Content/EngineMaterials/Substrate/Glints2/dict_0005_0191.uasset" 7659
"../../../Engine/Content/EngineMaterials/Substrate/Glints2/dict_0005_0194.uasset" 7660
"../../../Engine/Content/EngineMaterials/Substrate/Glints2/dict_0005_0192.uasset" 7661
"../../../Engine/Content/EngineMaterials/Substrate/Glints2/dict_0005_0198.uasset" 7662
"../../../Engine/Content/EngineMaterials/Substrate/Glints2/dict_0005_0190.uasset" 7663
"../../../Engine/Content/EngineMaterials/Substrate/Glints2/dict_0005_0193.uasset" 7664
"/Engine/EngineMaterials/Substrate/Glints2/dict_0005_0197" 7665
"../../../Engine/Content/EngineMaterials/Substrate/Glints2/dict_0005_0188.uasset" 7666
"/Engine/EngineMaterials/Substrate/Glints2/dict_0005_0198" 7667
"../../../Engine/Content/EngineMaterials/Substrate/Glints2/dict_0005_0185.uasset" 7668
"/Engine/EngineMaterials/Substrate/Glints2/dict_0005_0199" 7669
"../../../Engine/Content/EngineMaterials/Substrate/Glints2/dict_0005_0189.uasset" 7670
"/Engine/EngineMaterials/Substrate/Glints2/dict_0005_0193" 7671
"/Engine/EngineMaterials/Substrate/Glints2/dict_0005_0194" 7672
"../../../Engine/Content/EngineMaterials/Substrate/Glints2/dict_0005_0187.uasset" 7673
"/Engine/EngineMaterials/Substrate/Glints2/dict_0005_0190" 7674
"../../../Engine/Content/EngineMaterials/Substrate/Glints2/dict_0005_0183.uasset" 7675
"/Engine/EngineMaterials/Substrate/Glints2/dict_0005_0195" 7676
"/Engine/EngineMaterials/Substrate/Glints2/dict_0005_0196" 7677
"../../../Engine/Content/EngineMaterials/Substrate/Glints2/dict_0005_0184.uasset" 7678
"/Engine/EngineMaterials/Substrate/Glints2/dict_0005_0201" 7679
"/Engine/EngineMaterials/Substrate/Glints2/dict_0005_0191" 7680
"/Engine/EngineMaterials/Substrate/Glints2/dict_0005_0192" 7681
"/Engine/EngineMaterials/Substrate/Glints2/dict_0005_0183" 7682
"../../../Engine/Content/EngineMaterials/Substrate/Glints2/dict_0005_0186.uasset" 7683
"/Engine/EngineMaterials/Substrate/Glints2/dict_0005_0184" 7684
"/Engine/EngineMaterials/Substrate/Glints2/dict_0005_0185" 7685
"/Engine/EngineMaterials/Substrate/Glints2/dict_0005_0187" 7686
"/Engine/EngineMaterials/Substrate/Glints2/dict_0005_0188" 7687
"/Engine/EngineMaterials/Substrate/Glints2/dict_0005_0189" 7688
"/Engine/EngineMaterials/Substrate/Glints2/dict_0005_0186" 7689
"../../../Engine/Content/EngineMaterials/Substrate/Glints2/dict_0005_0181.uasset" 7690
"/Engine/EngineMaterials/Substrate/Glints2/dict_0005_0181" 7691
"../../../Engine/Content/EngineMaterials/Substrate/Glints2/dict_0005_0179.uasset" 7692
"../../../Engine/Content/EngineMaterials/Substrate/Glints2/dict_0005_0178.uasset" 7693
"../../../Engine/Content/EngineMaterials/Substrate/Glints2/dict_0005_0177.uasset" 7694
"../../../Engine/Content/EngineMaterials/Substrate/Glints2/dict_0005_0176.uasset" 7695
"../../../Engine/Content/EngineMaterials/Substrate/Glints2/dict_0005_0180.uasset" 7696
"../../../Engine/Content/EngineMaterials/Substrate/Glints2/dict_0005_0174.uasset" 7697
"../../../Engine/Content/EngineMaterials/Substrate/Glints2/dict_0005_0175.uasset" 7698
"../../../Engine/Content/EngineMaterials/Substrate/Glints2/dict_0005_0182.uasset" 7699
"../../../Engine/Content/EngineMaterials/Substrate/Glints2/dict_0005_0172.uasset" 7700
"../../../Engine/Content/EngineMaterials/Substrate/Glints2/dict_0005_0168.uasset" 7701
"../../../Engine/Content/EngineMaterials/Substrate/Glints2/dict_0005_0173.uasset" 7702
"../../../Engine/Content/EngineMaterials/Substrate/Glints2/dict_0005_0171.uasset" 7703
"../../../Engine/Content/EngineMaterials/Substrate/Glints2/dict_0005_0170.uasset" 7704
"../../../Engine/Content/EngineMaterials/Substrate/Glints2/dict_0005_0169.uasset" 7705
"/Engine/EngineMaterials/Substrate/Glints2/dict_0005_0169" 7706
"/Engine/EngineMaterials/Substrate/Glints2/dict_0005_0170" 7707
"/Engine/EngineMaterials/Substrate/Glints2/dict_0005_0180" 7708
"../../../Engine/Content/EngineMaterials/Substrate/Glints2/dict_0005_0166.uasset" 7709
"/Engine/EngineMaterials/Substrate/Glints2/dict_0005_0171" 7710
"../../../Engine/Content/EngineMaterials/Substrate/Glints2/dict_0005_0165.uasset" 7711
"/Engine/EngineMaterials/Substrate/Glints2/dict_0005_0172" 7712
"/Engine/EngineMaterials/Substrate/Glints2/dict_0005_0175" 7713
"/Engine/EngineMaterials/Substrate/Glints2/dict_0005_0176" 7714
"/Engine/EngineMaterials/Substrate/Glints2/dict_0005_0173" 7715
"../../../Engine/Content/EngineMaterials/Substrate/Glints2/dict_0005_0163.uasset" 7716
"/Engine/EngineMaterials/Substrate/Glints2/dict_0005_0177" 7717
"/Engine/EngineMaterials/Substrate/Glints2/dict_0005_0182" 7718
"../../../Engine/Content/EngineMaterials/Substrate/Glints2/dict_0005_0161.uasset" 7719
"/Engine/EngineMaterials/Substrate/Glints2/dict_0005_0178" 7720
"../../../Engine/Content/EngineMaterials/Substrate/Glints2/dict_0005_0158.uasset" 7721
"/Engine/EngineMaterials/Substrate/Glints2/dict_0005_0179" 7722
"/Engine/EngineMaterials/Substrate/Glints2/dict_0005_0168" 7723
"/Engine/EngineMaterials/Substrate/Glints2/dict_0005_0174" 7724
"../../../Engine/Content/EngineMaterials/Substrate/Glints2/dict_0005_0160.uasset" 7725
"../../../Engine/Content/EngineMaterials/Substrate/Glints2/dict_0005_0162.uasset" 7726
"/Engine/EngineMaterials/Substrate/Glints2/dict_0005_0158" 7727
"/Engine/EngineMaterials/Substrate/Glints2/dict_0005_0160" 7728
"/Engine/EngineMaterials/Substrate/Glints2/dict_0005_0161" 7729
"/Engine/EngineMaterials/Substrate/Glints2/dict_0005_0162" 7730
"/Engine/EngineMaterials/Substrate/Glints2/dict_0005_0163" 7731
"../../../Engine/Content/EngineMaterials/Substrate/Glints2/dict_0005_0167.uasset" 7732
"/Engine/EngineMaterials/Substrate/Glints2/dict_0005_0165" 7733
"../../../Engine/Content/EngineMaterials/Substrate/Glints2/dict_0005_0159.uasset" 7734
"/Engine/EngineMaterials/Substrate/Glints2/dict_0005_0166" 7735
"/Engine/EngineMaterials/Substrate/Glints2/dict_0005_0159" 7736
"/Engine/EngineMaterials/Substrate/Glints2/dict_0005_0167" 7737
"../../../Engine/Content/EngineMaterials/Substrate/Glints2/dict_0005_0157.uasset" 7738
"../../../Engine/Content/EngineMaterials/Substrate/Glints2/dict_0005_0155.uasset" 7739
"../../../Engine/Content/EngineMaterials/Substrate/Glints2/dict_0005_0156.uasset" 7740
"../../../Engine/Content/EngineMaterials/Substrate/Glints2/dict_0005_0153.uasset" 7741
"../../../Engine/Content/EngineMaterials/Substrate/Glints2/dict_0005_0154.uasset" 7742
"../../../Engine/Content/EngineMaterials/Substrate/Glints2/dict_0005_0151.uasset" 7743
"../../../Engine/Content/EngineMaterials/Substrate/Glints2/dict_0005_0164.uasset" 7744
"../../../Engine/Content/EngineMaterials/Substrate/Glints2/dict_0005_0148.uasset" 7745
"../../../Engine/Content/EngineMaterials/Substrate/Glints2/dict_0005_0147.uasset" 7746
"../../../Engine/Content/EngineMaterials/Substrate/Glints2/dict_0005_0144.uasset" 7747
"../../../Engine/Content/EngineMaterials/Substrate/Glints2/dict_0005_0152.uasset" 7748
"/Engine/EngineMaterials/Substrate/Glints2/dict_0005_0144" 7749
"../../../Engine/Content/EngineMaterials/Substrate/Glints2/dict_0005_0145.uasset" 7750
"../../../Engine/Content/EngineMaterials/Substrate/Glints2/dict_0005_0143.uasset" 7751
"../../../Engine/Content/EngineMaterials/Substrate/Glints2/dict_0005_0149.uasset" 7752
"/Engine/EngineMaterials/Substrate/Glints2/dict_0005_0152" 7753
"../../../Engine/Content/EngineMaterials/Substrate/Glints2/dict_0005_0150.uasset" 7754
"/Engine/EngineMaterials/Substrate/Glints2/dict_0005_0153" 7755
"/Engine/EngineMaterials/Substrate/Glints2/dict_0005_0154" 7756
"/Engine/EngineMaterials/Substrate/Glints2/dict_0005_0151" 7757
"/Engine/EngineMaterials/Substrate/Glints2/dict_0005_0155" 7758
"/Engine/EngineMaterials/Substrate/Glints2/dict_0005_0156" 7759
"/Engine/EngineMaterials/Substrate/Glints2/dict_0005_0157" 7760
"/Engine/EngineMaterials/Substrate/Glints2/dict_0005_0164" 7761
"/Engine/EngineMaterials/Substrate/Glints2/dict_0005_0147" 7762
"/Engine/EngineMaterials/Substrate/Glints2/dict_0005_0148" 7763
"../../../Engine/Content/EngineMaterials/Substrate/Glints2/dict_0005_0146.uasset" 7764
"/Engine/EngineMaterials/Substrate/Glints2/dict_0005_0143" 7765
"/Engine/EngineMaterials/Substrate/Glints2/dict_0005_0150" 7766
"/Engine/EngineMaterials/Substrate/Glints2/dict_0005_0145" 7767
"/Engine/EngineMaterials/Substrate/Glints2/dict_0005_0146" 7768
"/Engine/EngineMaterials/Substrate/Glints2/dict_0005_0149" 7769
"../../../Engine/Content/EngineMaterials/Substrate/Glints2/dict_0005_0140.uasset" 7770
"../../../Engine/Content/EngineMaterials/Substrate/Glints2/dict_0005_0138.uasset" 7771
"../../../Engine/Content/EngineMaterials/Substrate/Glints2/dict_0005_0139.uasset" 7772
"../../../Engine/Content/EngineMaterials/Substrate/Glints2/dict_0005_0141.uasset" 7773
"../../../Engine/Content/EngineMaterials/Substrate/Glints2/dict_0005_0137.uasset" 7774
"../../../Engine/Content/EngineMaterials/Substrate/Glints2/dict_0005_0136.uasset" 7775
"../../../Engine/Content/EngineMaterials/Substrate/Glints2/dict_0005_0134.uasset" 7776
"../../../Engine/Content/EngineMaterials/Substrate/Glints2/dict_0005_0133.uasset" 7777
"../../../Engine/Content/EngineMaterials/Substrate/Glints2/dict_0005_0142.uasset" 7778
"../../../Engine/Content/EngineMaterials/Substrate/Glints2/dict_0005_0132.uasset" 7779
"../../../Engine/Content/EngineMaterials/Substrate/Glints2/dict_0005_0135.uasset" 7780
"../../../Engine/Content/EngineMaterials/Substrate/Glints2/dict_0005_0130.uasset" 7781
"../../../Engine/Content/EngineMaterials/Substrate/Glints2/dict_0005_0129.uasset" 7782
"../../../Engine/Content/EngineMaterials/Substrate/Glints2/dict_0005_0131.uasset" 7783
"../../../Engine/Content/EngineMaterials/Substrate/Glints2/dict_0005_0128.uasset" 7784
"/Engine/EngineMaterials/Substrate/Glints2/dict_0005_0136" 7785
"../../../Engine/Content/EngineMaterials/Substrate/Glints2/dict_0005_0127.uasset" 7786
"/Engine/EngineMaterials/Substrate/Glints2/dict_0005_0137" 7787
"/Engine/EngineMaterials/Substrate/Glints2/dict_0005_0129" 7788
"/Engine/EngineMaterials/Substrate/Glints2/dict_0005_0138" 7789
"/Engine/EngineMaterials/Substrate/Glints2/dict_0005_0130" 7790
"/Engine/EngineMaterials/Substrate/Glints2/dict_0005_0139" 7791
"/Engine/EngineMaterials/Substrate/Glints2/dict_0005_0140" 7792
"/Engine/EngineMaterials/Substrate/Glints2/dict_0005_0141" 7793
"../../../Engine/Content/EngineMaterials/Substrate/Glints2/dict_0005_0126.uasset" 7794
"/Engine/EngineMaterials/Substrate/Glints2/dict_0005_0142" 7795
"/Engine/EngineMaterials/Substrate/Glints2/dict_0005_0131" 7796
"/Engine/EngineMaterials/Substrate/Glints2/dict_0005_0132" 7797
"/Engine/EngineMaterials/Substrate/Glints2/dict_0005_0133" 7798
"/Engine/EngineMaterials/Substrate/Glints2/dict_0005_0134" 7799
"../../../Engine/Content/EngineMaterials/Substrate/Glints2/dict_0005_0125.uasset" 7800
"/Engine/EngineMaterials/Substrate/Glints2/dict_0005_0135" 7801
"../../../Engine/Content/EngineMaterials/Substrate/Glints2/dict_0005_0120.uasset" 7802
"../../../Engine/Content/EngineMaterials/Substrate/Glints2/dict_0005_0121.uasset" 7803
"/Engine/EngineMaterials/Substrate/Glints2/dict_0005_0128" 7804
"../../../Engine/Content/EngineMaterials/Substrate/Glints2/dict_0005_0123.uasset" 7805
"/Engine/EngineMaterials/Substrate/Glints2/dict_0005_0127" 7806
"../../../Engine/Content/EngineMaterials/Substrate/Glints2/dict_0005_0118.uasset" 7807
"/Engine/EngineMaterials/Substrate/Glints2/dict_0005_0120" 7808
"/Engine/EngineMaterials/Substrate/Glints2/dict_0005_0121" 7809
"/Engine/EngineMaterials/Substrate/Glints2/dict_0005_0123" 7810
"/Engine/EngineMaterials/Substrate/Glints2/dict_0005_0125" 7811
"/Engine/EngineMaterials/Substrate/Glints2/dict_0005_0126" 7812
"../../../Engine/Content/EngineMaterials/Substrate/Glints2/dict_0005_0117.uasset" 7813
"/Engine/EngineMaterials/Substrate/Glints2/dict_0005_0117" 7814
"/Engine/EngineMaterials/Substrate/Glints2/dict_0005_0118" 7815
"../../../Engine/Content/EngineMaterials/Substrate/Glints2/dict_0005_0124.uasset" 7816
"../../../Engine/Content/EngineMaterials/Substrate/Glints2/dict_0005_0122.uasset" 7817
"../../../Engine/Content/EngineMaterials/Substrate/Glints2/dict_0005_0116.uasset" 7818
"../../../Engine/Content/EngineMaterials/Substrate/Glints2/dict_0005_0119.uasset" 7819
"../../../Engine/Content/EngineMaterials/Substrate/Glints2/dict_0005_0112.uasset" 7820
"../../../Engine/Content/EngineMaterials/Substrate/Glints2/dict_0005_0115.uasset" 7821
"../../../Engine/Content/EngineMaterials/Substrate/Glints2/dict_0005_0114.uasset" 7822
"../../../Engine/Content/EngineMaterials/Substrate/Glints2/dict_0005_0113.uasset" 7823
"../../../Engine/Content/EngineMaterials/Substrate/Glints2/dict_0005_0111.uasset" 7824
"../../../Engine/Content/EngineMaterials/Substrate/Glints2/dict_0005_0110.uasset" 7825
"../../../Engine/Content/EngineMaterials/Substrate/Glints2/dict_0005_0109.uasset" 7826
"/Engine/EngineMaterials/Substrate/Glints2/dict_0005_0111" 7827
"../../../Engine/Content/EngineMaterials/Substrate/Glints2/dict_0005_0106.uasset" 7828
"/Engine/EngineMaterials/Substrate/Glints2/dict_0005_0116" 7829
"../../../Engine/Content/EngineMaterials/Substrate/Glints2/dict_0005_0107.uasset" 7830
"/Engine/EngineMaterials/Substrate/Glints2/dict_0005_0112" 7831
"/Engine/EngineMaterials/Substrate/Glints2/dict_0005_0113" 7832
"/Engine/EngineMaterials/Substrate/Glints2/dict_0005_0119" 7833
"../../../Engine/Content/EngineMaterials/Substrate/Glints2/dict_0005_0108.uasset" 7834
"../../../Engine/Content/EngineMaterials/Substrate/Glints2/dict_0005_0104.uasset" 7835
"../../../Engine/Content/EngineMaterials/Substrate/Glints2/dict_0005_0103.uasset" 7836
"/Engine/EngineMaterials/Substrate/Glints2/dict_0005_0122" 7837
"../../../Engine/Content/EngineMaterials/Substrate/Glints2/dict_0005_0101.uasset" 7838
"/Engine/EngineMaterials/Substrate/Glints2/dict_0005_0114" 7839
"/Engine/EngineMaterials/Substrate/Glints2/dict_0005_0124" 7840
"../../../Engine/Content/EngineMaterials/Substrate/Glints2/dict_0005_0100.uasset" 7841
"../../../Engine/Content/EngineMaterials/Substrate/Glints2/dict_0005_0102.uasset" 7842
"/Engine/EngineMaterials/Substrate/Glints2/dict_0005_0109" 7843
"/Engine/EngineMaterials/Substrate/Glints2/dict_0005_0110" 7844
"/Engine/EngineMaterials/Substrate/Glints2/dict_0005_0115" 7845
"/Engine/EngineMaterials/Substrate/Glints2/dict_0005_0100" 7846
"/Engine/EngineMaterials/Substrate/Glints2/dict_0005_0101" 7847
"/Engine/EngineMaterials/Substrate/Glints2/dict_0005_0102" 7848
"/Engine/EngineMaterials/Substrate/Glints2/dict_0005_0103" 7849
"/Engine/EngineMaterials/Substrate/Glints2/dict_0005_0104" 7850
"/Engine/EngineMaterials/Substrate/Glints2/dict_0005_0106" 7851
"/Engine/EngineMaterials/Substrate/Glints2/dict_0005_0107" 7852
"/Engine/EngineMaterials/Substrate/Glints2/dict_0005_0108" 7853
"../../../Engine/Content/EngineMaterials/Substrate/Glints2/dict_0005_0105.uasset" 7854
"../../../Engine/Content/EngineMaterials/Substrate/Glints2/dict_0005_0094.uasset" 7855
"../../../Engine/Content/EngineMaterials/Substrate/Glints2/dict_0005_0095.uasset" 7856
"../../../Engine/Content/EngineMaterials/Substrate/Glints2/dict_0005_0093.uasset" 7857
"../../../Engine/Content/EngineMaterials/Substrate/Glints2/dict_0005_0097.uasset" 7858
"../../../Engine/Content/EngineMaterials/Substrate/Glints2/dict_0005_0096.uasset" 7859
"../../../Engine/Content/EngineMaterials/Substrate/Glints2/dict_0005_0092.uasset" 7860
"../../../Engine/Content/EngineMaterials/Substrate/Glints2/dict_0005_0091.uasset" 7861
"../../../Engine/Content/EngineMaterials/Substrate/Glints2/dict_0005_0099.uasset" 7862
"../../../Engine/Content/EngineMaterials/Substrate/Glints2/dict_0005_0098.uasset" 7863
"../../../Engine/Content/EngineMaterials/Substrate/Glints2/dict_0005_0088.uasset" 7864
"../../../Engine/Content/EngineMaterials/Substrate/Glints2/dict_0005_0087.uasset" 7865
"../../../Engine/Content/EngineMaterials/Substrate/Glints2/dict_0005_0084.uasset" 7866
"../../../Engine/Content/EngineMaterials/Substrate/Glints2/dict_0005_0086.uasset" 7867
"../../../Engine/Content/EngineMaterials/Substrate/Glints2/dict_0005_0089.uasset" 7868
"/Engine/EngineMaterials/Substrate/Glints2/dict_0005_0096" 7869
"../../../Engine/Content/EngineMaterials/Substrate/Glints2/dict_0005_0090.uasset" 7870
"../../../Engine/Content/EngineMaterials/Substrate/Glints2/dict_0005_0083.uasset" 7871
"/Engine/EngineMaterials/Substrate/Glints2/dict_0005_0097" 7872
"/Engine/EngineMaterials/Substrate/Glints2/dict_0005_0098" 7873
"/Engine/EngineMaterials/Substrate/Glints2/dict_0005_0099" 7874
"../../../Engine/Content/EngineMaterials/Substrate/Glints2/dict_0005_0085.uasset" 7875
"/Engine/EngineMaterials/Substrate/Glints2/dict_0005_0088" 7876
"/Engine/EngineMaterials/Substrate/Glints2/dict_0005_0089" 7877
"/Engine/EngineMaterials/Substrate/Glints2/dict_0005_0091" 7878
"/Engine/EngineMaterials/Substrate/Glints2/dict_0005_0092" 7879
"/Engine/EngineMaterials/Substrate/Glints2/dict_0005_0105" 7880
"/Engine/EngineMaterials/Substrate/Glints2/dict_0005_0093" 7881
"/Engine/EngineMaterials/Substrate/Glints2/dict_0005_0084" 7882
"/Engine/EngineMaterials/Substrate/Glints2/dict_0005_0094" 7883
"/Engine/EngineMaterials/Substrate/Glints2/dict_0005_0086" 7884
"/Engine/EngineMaterials/Substrate/Glints2/dict_0005_0095" 7885
"/Engine/EngineMaterials/Substrate/Glints2/dict_0005_0087" 7886
"/Engine/EngineMaterials/Substrate/Glints2/dict_0005_0090" 7887
"/Engine/EngineMaterials/Substrate/Glints2/dict_0005_0083" 7888
"../../../Engine/Content/EngineMaterials/Substrate/Glints2/dict_0005_0079.uasset" 7889
"../../../Engine/Content/EngineMaterials/Substrate/Glints2/dict_0005_0082.uasset" 7890
"../../../Engine/Content/EngineMaterials/Substrate/Glints2/dict_0005_0076.uasset" 7891
"/Engine/EngineMaterials/Substrate/Glints2/dict_0005_0085" 7892
"../../../Engine/Content/EngineMaterials/Substrate/Glints2/dict_0005_0080.uasset" 7893
"/Engine/EngineMaterials/Substrate/Glints2/dict_0005_0079" 7894
"../../../Engine/Content/EngineMaterials/Substrate/Glints2/dict_0005_0074.uasset" 7895
"/Engine/EngineMaterials/Substrate/Glints2/dict_0005_0080" 7896
"/Engine/EngineMaterials/Substrate/Glints2/dict_0005_0082" 7897
"/Engine/EngineMaterials/Substrate/Glints2/dict_0005_0076" 7898
"../../../Engine/Content/EngineMaterials/Substrate/Glints2/dict_0005_0077.uasset" 7899
"../../../Engine/Content/EngineMaterials/Substrate/Glints2/dict_0005_0075.uasset" 7900
"/Engine/EngineMaterials/Substrate/Glints2/dict_0005_0077" 7901
"../../../Engine/Content/EngineMaterials/Substrate/Glints2/dict_0005_0078.uasset" 7902
"../../../Engine/Content/EngineMaterials/Substrate/Glints2/dict_0005_0073.uasset" 7903
"/Engine/EngineMaterials/Substrate/Glints2/dict_0005_0074" 7904
"../../../Engine/Content/EngineMaterials/Substrate/Glints2/dict_0005_0081.uasset" 7905
"/Engine/EngineMaterials/Substrate/Glints2/dict_0005_0075" 7906
"/Engine/EngineMaterials/Substrate/Glints2/dict_0005_0073" 7907
"/Engine/EngineMaterials/Substrate/Glints2/dict_0005_0078" 7908
"/Engine/EngineMaterials/Substrate/Glints2/dict_0005_0081" 7909
"../../../Engine/Content/EngineMaterials/Substrate/Glints2/dict_0005_0072.uasset" 7910
"../../../Engine/Content/EngineMaterials/Substrate/Glints2/dict_0005_0069.uasset" 7911
"../../../Engine/Content/EngineMaterials/Substrate/Glints2/dict_0005_0070.uasset" 7912
"../../../Engine/Content/EngineMaterials/Substrate/Glints2/dict_0005_0068.uasset" 7913
"../../../Engine/Content/EngineMaterials/Substrate/Glints2/dict_0005_0067.uasset" 7914
"../../../Engine/Content/EngineMaterials/Substrate/Glints2/dict_0005_0066.uasset" 7915
"../../../Engine/Content/EngineMaterials/Substrate/Glints2/dict_0005_0071.uasset" 7916
"../../../Engine/Content/EngineMaterials/Substrate/Glints2/dict_0005_0063.uasset" 7917
"/Engine/EngineMaterials/Substrate/Glints2/dict_0005_0069" 7918
"../../../Engine/Content/EngineMaterials/Substrate/Glints2/dict_0005_0059.uasset" 7919
"../../../Engine/Content/EngineMaterials/Substrate/Glints2/dict_0005_0060.uasset" 7920
"../../../Engine/Content/EngineMaterials/Substrate/Glints2/dict_0005_0061.uasset" 7921
"/Engine/EngineMaterials/Substrate/Glints2/dict_0005_0070" 7922
"../../../Engine/Content/EngineMaterials/Substrate/Glints2/dict_0005_0064.uasset" 7923
"/Engine/EngineMaterials/Substrate/Glints2/dict_0005_0071" 7924
"../../../Engine/Content/EngineMaterials/Substrate/Glints2/dict_0005_0065.uasset" 7925
"/Engine/EngineMaterials/Substrate/Glints2/dict_0005_0072" 7926
"../../../Engine/Content/EngineMaterials/Substrate/Glints2/dict_0005_0062.uasset" 7927
"/Engine/EngineMaterials/Substrate/Glints2/dict_0005_0063" 7928
"../../../Engine/Content/EngineMaterials/Substrate/Glints2/dict_0005_0057.uasset" 7929
"../../../Engine/Content/EngineMaterials/Substrate/Glints2/dict_0005_0058.uasset" 7930
"/Engine/EngineMaterials/Substrate/Glints2/dict_0005_0066" 7931
"/Engine/EngineMaterials/Substrate/Glints2/dict_0005_0067" 7932
"/Engine/EngineMaterials/Substrate/Glints2/dict_0005_0068" 7933
"/Engine/EngineMaterials/Substrate/Glints2/dict_0005_0057" 7934
"/Engine/EngineMaterials/Substrate/Glints2/dict_0005_0058" 7935
"../../../Engine/Content/EngineMaterials/Substrate/Glints2/dict_0005_0055.uasset" 7936
"/Engine/EngineMaterials/Substrate/Glints2/dict_0005_0059" 7937
"/Engine/EngineMaterials/Substrate/Glints2/dict_0005_0060" 7938
"/Engine/EngineMaterials/Substrate/Glints2/dict_0005_0061" 7939
"/Engine/EngineMaterials/Substrate/Glints2/dict_0005_0062" 7940
"/Engine/EngineMaterials/Substrate/Glints2/dict_0005_0064" 7941
"/Engine/EngineMaterials/Substrate/Glints2/dict_0005_0065" 7942
"/Engine/EngineMaterials/Substrate/Glints2/dict_0005_0055" 7943
"../../../Engine/Content/EngineMaterials/Substrate/Glints2/dict_0005_0053.uasset" 7944
"../../../Engine/Content/EngineMaterials/Substrate/Glints2/dict_0005_0054.uasset" 7945
"../../../Engine/Content/EngineMaterials/Substrate/Glints2/dict_0005_0052.uasset" 7946
"../../../Engine/Content/EngineMaterials/Substrate/Glints2/dict_0005_0050.uasset" 7947
"../../../Engine/Content/EngineMaterials/Substrate/Glints2/dict_0005_0047.uasset" 7948
"../../../Engine/Content/EngineMaterials/Substrate/Glints2/dict_0005_0049.uasset" 7949
"../../../Engine/Content/EngineMaterials/Substrate/Glints2/dict_0005_0048.uasset" 7950
"../../../Engine/Content/EngineMaterials/Substrate/Glints2/dict_0005_0046.uasset" 7951
"../../../Engine/Content/EngineMaterials/Substrate/Glints2/dict_0005_0056.uasset" 7952
"../../../Engine/Content/EngineMaterials/Substrate/Glints2/dict_0005_0041.uasset" 7953
"../../../Engine/Content/EngineMaterials/Substrate/Glints2/dict_0005_0043.uasset" 7954
"../../../Engine/Content/EngineMaterials/Substrate/Glints2/dict_0005_0042.uasset" 7955
"../../../Engine/Content/EngineMaterials/Substrate/Glints2/dict_0005_0051.uasset" 7956
"../../../Engine/Content/EngineMaterials/Substrate/Glints2/dict_0005_0044.uasset" 7957
"../../../Engine/Content/EngineMaterials/Substrate/Glints2/dict_0005_0045.uasset" 7958
"/Engine/EngineMaterials/Substrate/Glints2/dict_0005_0054" 7959
"/Engine/EngineMaterials/Substrate/Glints2/dict_0005_0056" 7960
"/Engine/EngineMaterials/Substrate/Glints2/dict_0005_0051" 7961
"/Engine/EngineMaterials/Substrate/Glints2/dict_0005_0041" 7962
"../../../Engine/Content/EngineMaterials/Substrate/Glints2/dict_0005_0040.uasset" 7963
"/Engine/EngineMaterials/Substrate/Glints2/dict_0005_0044" 7964
"/Engine/EngineMaterials/Substrate/Glints2/dict_0005_0042" 7965
"/Engine/EngineMaterials/Substrate/Glints2/dict_0005_0047" 7966
"../../../Engine/Content/EngineMaterials/Substrate/Glints2/dict_0005_0038.uasset" 7967
"/Engine/EngineMaterials/Substrate/Glints2/dict_0005_0048" 7968
"/Engine/EngineMaterials/Substrate/Glints2/dict_0005_0043" 7969
"/Engine/EngineMaterials/Substrate/Glints2/dict_0005_0049" 7970
"../../../Engine/Content/EngineMaterials/Substrate/Glints2/dict_0005_0039.uasset" 7971
"/Engine/EngineMaterials/Substrate/Glints2/dict_0005_0046" 7972
"/Engine/EngineMaterials/Substrate/Glints2/dict_0005_0052" 7973
"/Engine/EngineMaterials/Substrate/Glints2/dict_0005_0050" 7974
"/Engine/EngineMaterials/Substrate/Glints2/dict_0005_0053" 7975
"/Engine/EngineMaterials/Substrate/Glints2/dict_0005_0045" 7976
"/Engine/EngineMaterials/Substrate/Glints2/dict_0005_0038" 7977
"/Engine/EngineMaterials/Substrate/Glints2/dict_0005_0039" 7978
"/Engine/EngineMaterials/Substrate/Glints2/dict_0005_0040" 7979
"../../../Engine/Content/EngineMaterials/Substrate/Glints2/dict_0005_0037.uasset" 7980
"../../../Engine/Content/EngineMaterials/Substrate/Glints2/dict_0005_0033.uasset" 7981
"../../../Engine/Content/EngineMaterials/Substrate/Glints2/dict_0005_0035.uasset" 7982
"../../../Engine/Content/EngineMaterials/Substrate/Glints2/dict_0005_0031.uasset" 7983
"../../../Engine/Content/EngineMaterials/Substrate/Glints2/dict_0005_0030.uasset" 7984
"../../../Engine/Content/EngineMaterials/Substrate/Glints2/dict_0005_0029.uasset" 7985
"../../../Engine/Content/EngineMaterials/Substrate/Glints2/dict_0005_0028.uasset" 7986
"../../../Engine/Content/EngineMaterials/Substrate/Glints2/dict_0005_0032.uasset" 7987
"../../../Engine/Content/EngineMaterials/Substrate/Glints2/dict_0005_0034.uasset" 7988
"../../../Engine/Content/EngineMaterials/Substrate/Glints2/dict_0005_0036.uasset" 7989
"../../../Engine/Content/EngineMaterials/Substrate/Glints2/dict_0005_0024.uasset" 7990
"../../../Engine/Content/EngineMaterials/Substrate/Glints2/dict_0005_0026.uasset" 7991
"../../../Engine/Content/EngineMaterials/Substrate/Glints2/dict_0005_0027.uasset" 7992
"../../../Engine/Content/EngineMaterials/Substrate/Glints2/dict_0005_0025.uasset" 7993
"/Engine/EngineMaterials/Substrate/Glints2/dict_0005_0024" 7994
"/Engine/EngineMaterials/Substrate/Glints2/dict_0005_0025" 7995
"/Engine/EngineMaterials/Substrate/Glints2/dict_0005_0033" 7996
"/Engine/EngineMaterials/Substrate/Glints2/dict_0005_0034" 7997
"/Engine/EngineMaterials/Substrate/Glints2/dict_0005_0035" 7998
"/Engine/EngineMaterials/Substrate/Glints2/dict_0005_0036" 7999
"../../../Engine/Content/EngineMaterials/Substrate/Glints2/dict_0005_0022.uasset" 8000
"../../../Engine/Content/EngineMaterials/Substrate/Glints2/dict_0005_0018.uasset" 8001
"/Engine/EngineMaterials/Substrate/Glints2/dict_0005_0026" 8002
"/Engine/EngineMaterials/Substrate/Glints2/dict_0005_0027" 8003
"/Engine/EngineMaterials/Substrate/Glints2/dict_0005_0028" 8004
"/Engine/EngineMaterials/Substrate/Glints2/dict_0005_0029" 8005
"../../../Engine/Content/EngineMaterials/Substrate/Glints2/dict_0005_0021.uasset" 8006
"../../../Engine/Content/EngineMaterials/Substrate/Glints2/dict_0005_0019.uasset" 8007
"/Engine/EngineMaterials/Substrate/Glints2/dict_0005_0030" 8008
"/Engine/EngineMaterials/Substrate/Glints2/dict_0005_0037" 8009
"/Engine/EngineMaterials/Substrate/Glints2/dict_0005_0031" 8010
"/Engine/EngineMaterials/Substrate/Glints2/dict_0005_0032" 8011
"../../../Engine/Content/EngineMaterials/Substrate/Glints2/dict_0005_0023.uasset" 8012
"/Engine/EngineMaterials/Substrate/Glints2/dict_0005_0018" 8013
"/Engine/EngineMaterials/Substrate/Glints2/dict_0005_0019" 8014
"../../../Engine/Content/EngineMaterials/Substrate/Glints2/dict_0005_0016.uasset" 8015
"/Engine/EngineMaterials/Substrate/Glints2/dict_0005_0021" 8016
"../../../Engine/Content/EngineMaterials/Substrate/Glints2/dict_0005_0017.uasset" 8017
"../../../Engine/Content/EngineMaterials/Substrate/Glints2/dict_0005_0020.uasset" 8018
"/Engine/EngineMaterials/Substrate/Glints2/dict_0005_0022" 8019
"/Engine/EngineMaterials/Substrate/Glints2/dict_0005_0023" 8020
"../../../Engine/Content/EngineMaterials/Substrate/Glints2/dict_0005_0014.uasset" 8021
"../../../Engine/Content/EngineMaterials/Substrate/Glints2/dict_0005_0015.uasset" 8022
"/Engine/EngineMaterials/Substrate/Glints2/dict_0005_0014" 8023
"/Engine/EngineMaterials/Substrate/Glints2/dict_0005_0015" 8024
"/Engine/EngineMaterials/Substrate/Glints2/dict_0005_0016" 8025
"/Engine/EngineMaterials/Substrate/Glints2/dict_0005_0017" 8026
"/Engine/EngineMaterials/Substrate/Glints2/dict_0005_0020" 8027
"../../../Engine/Content/EngineMaterials/Substrate/Glints2/dict_0005_0012.uasset" 8028
"../../../Engine/Content/EngineMaterials/Substrate/Glints2/dict_0005_0013.uasset" 8029
"../../../Engine/Content/EngineMaterials/Substrate/Glints2/dict_0005_0010.uasset" 8030
"../../../Engine/Content/EngineMaterials/Substrate/Glints2/dict_0005_0011.uasset" 8031
"../../../Engine/Content/EngineMaterials/Substrate/Glints2/dict_0005_0005.uasset" 8032
"../../../Engine/Content/EngineMaterials/Substrate/Glints2/dict_0005_0004.uasset" 8033
"../../../Engine/Content/EngineMaterials/Substrate/Glints2/dict_0005_0008.uasset" 8034
"../../../Engine/Content/EngineMaterials/Substrate/Glints2/dict_0005_0007.uasset" 8035
"../../../Engine/Content/EngineMaterials/Substrate/Glints2/dict_0005_0003.uasset" 8036
"../../../Engine/Content/EngineMaterials/Substrate/Glints2/dict_0005_0002.uasset" 8037
"/Engine/EngineMaterials/Substrate/Glints2/dict_0005_0010" 8038
"/Engine/EngineMaterials/Substrate/Glints2/dict_0005_0011" 8039
"/Engine/EngineMaterials/Substrate/Glints2/dict_0005_0012" 8040
"../../../Engine/Content/EngineMaterials/Substrate/Glints2/dict_0004_0254.uasset" 8041
"../../../Engine/Content/EngineMaterials/Substrate/Glints2/dict_0005_0006.uasset" 8042
"/Engine/EngineMaterials/Substrate/Glints2/dict_0005_0013" 8043
"../../../Engine/Content/EngineMaterials/Substrate/Glints2/dict_0005_0009.uasset" 8044
"/Engine/EngineMaterials/Substrate/Glints2/dict_0005_0002" 8045
"../../../Engine/Content/EngineMaterials/Substrate/Glints2/dict_0004_0253.uasset" 8046
"/Engine/EngineMaterials/Substrate/Glints2/dict_0005_0003" 8047
"../../../Engine/Content/EngineMaterials/Substrate/Glints2/dict_0004_0252.uasset" 8048
"/Engine/EngineMaterials/Substrate/Glints2/dict_0005_0004" 8049
"../../../Engine/Content/EngineMaterials/Substrate/Glints2/dict_0005_0000.uasset" 8050
"/Engine/EngineMaterials/Substrate/Glints2/dict_0005_0005" 8051
"../../../Engine/Content/EngineMaterials/Substrate/Glints2/dict_0004_0255.uasset" 8052
"/Engine/EngineMaterials/Substrate/Glints2/dict_0005_0007" 8053
"/Engine/EngineMaterials/Substrate/Glints2/dict_0005_0008" 8054
"/Engine/EngineMaterials/Substrate/Glints2/dict_0004_0252" 8055
"/Engine/EngineMaterials/Substrate/Glints2/dict_0004_0253" 8056
"/Engine/EngineMaterials/Substrate/Glints2/dict_0004_0254" 8057
"/Engine/EngineMaterials/Substrate/Glints2/dict_0004_0255" 8058
"/Engine/EngineMaterials/Substrate/Glints2/dict_0005_0000" 8059
"../../../Engine/Content/EngineMaterials/Substrate/Glints2/dict_0004_0251.uasset" 8060
"/Engine/EngineMaterials/Substrate/Glints2/dict_0005_0006" 8061
"/Engine/EngineMaterials/Substrate/Glints2/dict_0005_0009" 8062
"/Engine/EngineMaterials/Substrate/Glints2/dict_0004_0251" 8063
"../../../Engine/Content/EngineMaterials/Substrate/Glints2/dict_0004_0250.uasset" 8064
"/Engine/EngineMaterials/Substrate/Glints2/dict_0004_0250" 8065
"../../../Engine/Content/EngineMaterials/Substrate/Glints2/dict_0004_0249.uasset" 8066
"../../../Engine/Content/EngineMaterials/Substrate/Glints2/dict_0005_0001.uasset" 8067
"../../../Engine/Content/EngineMaterials/Substrate/Glints2/dict_0004_0245.uasset" 8068
"../../../Engine/Content/EngineMaterials/Substrate/Glints2/dict_0004_0246.uasset" 8069
"../../../Engine/Content/EngineMaterials/Substrate/Glints2/dict_0004_0243.uasset" 8070
"../../../Engine/Content/EngineMaterials/Substrate/Glints2/dict_0004_0247.uasset" 8071
"../../../Engine/Content/EngineMaterials/Substrate/Glints2/dict_0004_0244.uasset" 8072
"../../../Engine/Content/EngineMaterials/Substrate/Glints2/dict_0004_0242.uasset" 8073
"../../../Engine/Content/EngineMaterials/Substrate/Glints2/dict_0004_0241.uasset" 8074
"../../../Engine/Content/EngineMaterials/Substrate/Glints2/dict_0004_0239.uasset" 8075
"../../../Engine/Content/EngineMaterials/Substrate/Glints2/dict_0004_0240.uasset" 8076
"../../../Engine/Content/EngineMaterials/Substrate/Glints2/dict_0004_0238.uasset" 8077
"../../../Engine/Content/EngineMaterials/Substrate/Glints2/dict_0004_0248.uasset" 8078
"../../../Engine/Content/EngineMaterials/Substrate/Glints2/dict_0004_0236.uasset" 8079
"/Engine/EngineMaterials/Substrate/Glints2/dict_0004_0248" 8080
"/Engine/EngineMaterials/Substrate/Glints2/dict_0004_0249" 8081
"/Engine/EngineMaterials/Substrate/Glints2/dict_0004_0238" 8082
"/Engine/EngineMaterials/Substrate/Glints2/dict_0004_0239" 8083
"/Engine/EngineMaterials/Substrate/Glints2/dict_0004_0240" 8084
"/Engine/EngineMaterials/Substrate/Glints2/dict_0004_0241" 8085
"../../../Engine/Content/EngineMaterials/Substrate/Glints2/dict_0004_0237.uasset" 8086
"../../../Engine/Content/EngineMaterials/Substrate/Glints2/dict_0004_0235.uasset" 8087
"/Engine/EngineMaterials/Substrate/Glints2/dict_0004_0243" 8088
"../../../Engine/Content/EngineMaterials/Substrate/Glints2/dict_0004_0233.uasset" 8089
"/Engine/EngineMaterials/Substrate/Glints2/dict_0005_0001" 8090
"../../../Engine/Content/EngineMaterials/Substrate/Glints2/dict_0004_0234.uasset" 8091
"../../../Engine/Content/EngineMaterials/Substrate/Glints2/dict_0004_0232.uasset" 8092
"/Engine/EngineMaterials/Substrate/Glints2/dict_0004_0244" 8093
"/Engine/EngineMaterials/Substrate/Glints2/dict_0004_0242" 8094
"/Engine/EngineMaterials/Substrate/Glints2/dict_0004_0245" 8095
"/Engine/EngineMaterials/Substrate/Glints2/dict_0004_0246" 8096
"/Engine/EngineMaterials/Substrate/Glints2/dict_0004_0247" 8097
"../../../Engine/Content/EngineMaterials/Substrate/Glints2/dict_0004_0230.uasset" 8098
"/Engine/EngineMaterials/Substrate/Glints2/dict_0004_0236" 8099
"../../../Engine/Content/EngineMaterials/Substrate/Glints2/dict_0004_0231.uasset" 8100
"../../../Engine/Content/EngineMaterials/Substrate/Glints2/dict_0004_0229.uasset" 8101
"/Engine/EngineMaterials/Substrate/Glints2/dict_0004_0230" 8102
"/Engine/EngineMaterials/Substrate/Glints2/dict_0004_0231" 8103
"/Engine/EngineMaterials/Substrate/Glints2/dict_0004_0232" 8104
"/Engine/EngineMaterials/Substrate/Glints2/dict_0004_0233" 8105
"/Engine/EngineMaterials/Substrate/Glints2/dict_0004_0234" 8106
"/Engine/EngineMaterials/Substrate/Glints2/dict_0004_0235" 8107
"/Engine/EngineMaterials/Substrate/Glints2/dict_0004_0237" 8108
"/Engine/EngineMaterials/Substrate/Glints2/dict_0004_0229" 8109
"../../../Engine/Content/EngineMaterials/Substrate/Glints2/dict_0004_0224.uasset" 8110
"../../../Engine/Content/EngineMaterials/Substrate/Glints2/dict_0004_0221.uasset" 8111
"../../../Engine/Content/EngineMaterials/Substrate/Glints2/dict_0004_0222.uasset" 8112
"../../../Engine/Content/EngineMaterials/Substrate/Glints2/dict_0004_0219.uasset" 8113
"../../../Engine/Content/EngineMaterials/Substrate/Glints2/dict_0004_0225.uasset" 8114
"../../../Engine/Content/EngineMaterials/Substrate/Glints2/dict_0004_0220.uasset" 8115
"../../../Engine/Content/EngineMaterials/Substrate/Glints2/dict_0004_0223.uasset" 8116
"../../../Engine/Content/EngineMaterials/Substrate/Glints2/dict_0004_0228.uasset" 8117
"../../../Engine/Content/EngineMaterials/Substrate/Glints2/dict_0004_0227.uasset" 8118
"../../../Engine/Content/EngineMaterials/Substrate/Glints2/dict_0004_0218.uasset" 8119
"../../../Engine/Content/EngineMaterials/Substrate/Glints2/dict_0004_0226.uasset" 8120
"../../../Engine/Content/EngineMaterials/Substrate/Glints2/dict_0004_0217.uasset" 8121
"/Engine/EngineMaterials/Substrate/Glints2/dict_0004_0228" 8122
"/Engine/EngineMaterials/Substrate/Glints2/dict_0004_0219" 8123
"../../../Engine/Content/EngineMaterials/Substrate/Glints2/dict_0004_0215.uasset" 8124
"/Engine/EngineMaterials/Substrate/Glints2/dict_0004_0220" 8125
"../../../Engine/Content/EngineMaterials/Substrate/Glints2/dict_0004_0216.uasset" 8126
"../../../Engine/Content/EngineMaterials/Substrate/Glints2/dict_0004_0210.uasset" 8127
"../../../Engine/Content/EngineMaterials/Substrate/Glints2/dict_0004_0213.uasset" 8128
"/Engine/EngineMaterials/Substrate/Glints2/dict_0004_0221" 8129
"/Engine/EngineMaterials/Substrate/Glints2/dict_0004_0222" 8130
"/Engine/EngineMaterials/Substrate/Glints2/dict_0004_0223" 8131
"/Engine/EngineMaterials/Substrate/Glints2/dict_0004_0224" 8132
"/Engine/EngineMaterials/Substrate/Glints2/dict_0004_0225" 8133
"/Engine/EngineMaterials/Substrate/Glints2/dict_0004_0226" 8134
"/Engine/EngineMaterials/Substrate/Glints2/dict_0004_0218" 8135
"/Engine/EngineMaterials/Substrate/Glints2/dict_0004_0227" 8136
"/Engine/EngineMaterials/Substrate/Glints2/dict_0004_0210" 8137
"/Engine/EngineMaterials/Substrate/Glints2/dict_0004_0213" 8138
"../../../Engine/Content/EngineMaterials/Substrate/Glints2/dict_0004_0212.uasset" 8139
"/Engine/EngineMaterials/Substrate/Glints2/dict_0004_0215" 8140
"/Engine/EngineMaterials/Substrate/Glints2/dict_0004_0216" 8141
"../../../Engine/Content/EngineMaterials/Substrate/Glints2/dict_0004_0209.uasset" 8142
"/Engine/EngineMaterials/Substrate/Glints2/dict_0004_0217" 8143
"/Engine/EngineMaterials/Substrate/Glints2/dict_0004_0209" 8144
"../../../Engine/Content/EngineMaterials/Substrate/Glints2/dict_0004_0207.uasset" 8145
"/Engine/EngineMaterials/Substrate/Glints2/dict_0004_0212" 8146
"../../../Engine/Content/EngineMaterials/Substrate/Glints2/dict_0004_0206.uasset" 8147
"/Engine/EngineMaterials/Substrate/Glints2/dict_0004_0206" 8148
"/Engine/EngineMaterials/Substrate/Glints2/dict_0004_0207" 8149
"../../../Engine/Content/EngineMaterials/Substrate/Glints2/dict_0004_0211.uasset" 8150
"../../../Engine/Content/EngineMaterials/Substrate/Glints2/dict_0004_0208.uasset" 8151
"/Engine/EngineMaterials/Substrate/Glints2/dict_0004_0208" 8152
"../../../Engine/Content/EngineMaterials/Substrate/Glints2/dict_0004_0214.uasset" 8153
"/Engine/EngineMaterials/Substrate/Glints2/dict_0004_0211" 8154
"../../../Engine/Content/EngineMaterials/Substrate/Glints2/dict_0004_0205.uasset" 8155
"../../../Engine/Content/EngineMaterials/Substrate/Glints2/dict_0004_0203.uasset" 8156
"/Engine/EngineMaterials/Substrate/Glints2/dict_0004_0205" 8157
"/Engine/EngineMaterials/Substrate/Glints2/dict_0004_0214" 8158
"../../../Engine/Content/EngineMaterials/Substrate/Glints2/dict_0004_0204.uasset" 8159
"/Engine/EngineMaterials/Substrate/Glints2/dict_0004_0203" 8160
"/Engine/EngineMaterials/Substrate/Glints2/dict_0004_0204" 8161
"../../../Engine/Content/EngineMaterials/Substrate/Glints2/dict_0004_0201.uasset" 8162
"../../../Engine/Content/EngineMaterials/Substrate/Glints2/dict_0004_0200.uasset" 8163
"../../../Engine/Content/EngineMaterials/Substrate/Glints2/dict_0004_0199.uasset" 8164
"../../../Engine/Content/EngineMaterials/Substrate/Glints2/dict_0004_0194.uasset" 8165
"../../../Engine/Content/EngineMaterials/Substrate/Glints2/dict_0004_0193.uasset" 8166
"../../../Engine/Content/EngineMaterials/Substrate/Glints2/dict_0004_0202.uasset" 8167
"../../../Engine/Content/EngineMaterials/Substrate/Glints2/dict_0004_0197.uasset" 8168
"../../../Engine/Content/EngineMaterials/Substrate/Glints2/dict_0004_0198.uasset" 8169
"/Engine/EngineMaterials/Substrate/Glints2/dict_0004_0197" 8170
"../../../Engine/Content/EngineMaterials/Substrate/Glints2/dict_0004_0196.uasset" 8171
"../../../Engine/Content/EngineMaterials/Substrate/Glints2/dict_0004_0195.uasset" 8172
"../../../Engine/Content/EngineMaterials/Substrate/Glints2/dict_0004_0192.uasset" 8173
"/Engine/EngineMaterials/Substrate/Glints2/dict_0004_0198" 8174
"../../../Engine/Content/EngineMaterials/Substrate/Glints2/dict_0004_0190.uasset" 8175
"/Engine/EngineMaterials/Substrate/Glints2/dict_0004_0199" 8176
"../../../Engine/Content/EngineMaterials/Substrate/Glints2/dict_0004_0191.uasset" 8177
"/Engine/EngineMaterials/Substrate/Glints2/dict_0004_0193" 8178
"../../../Engine/Content/EngineMaterials/Substrate/Glints2/dict_0004_0188.uasset" 8179
"../../../Engine/Content/EngineMaterials/Substrate/Glints2/dict_0004_0186.uasset" 8180
"../../../Engine/Content/EngineMaterials/Substrate/Glints2/dict_0004_0187.uasset" 8181
"../../../Engine/Content/EngineMaterials/Substrate/Glints2/dict_0004_0189.uasset" 8182
"/Engine/EngineMaterials/Substrate/Glints2/dict_0004_0200" 8183
"/Engine/EngineMaterials/Substrate/Glints2/dict_0004_0201" 8184
"/Engine/EngineMaterials/Substrate/Glints2/dict_0004_0194" 8185
"/Engine/EngineMaterials/Substrate/Glints2/dict_0004_0202" 8186
"/Engine/EngineMaterials/Substrate/Glints2/dict_0004_0186" 8187
"/Engine/EngineMaterials/Substrate/Glints2/dict_0004_0187" 8188
"../../../Engine/Content/EngineMaterials/Substrate/Glints2/dict_0004_0182.uasset" 8189
"/Engine/EngineMaterials/Substrate/Glints2/dict_0004_0188" 8190
"../../../Engine/Content/EngineMaterials/Substrate/Glints2/dict_0004_0180.uasset" 8191
"../../../Engine/Content/EngineMaterials/Substrate/Glints2/dict_0004_0184.uasset" 8192
"/Engine/EngineMaterials/Substrate/Glints2/dict_0004_0189" 8193
"../../../Engine/Content/EngineMaterials/Substrate/Glints2/dict_0004_0181.uasset" 8194
"/Engine/EngineMaterials/Substrate/Glints2/dict_0004_0190" 8195
"/Engine/EngineMaterials/Substrate/Glints2/dict_0004_0191" 8196
"/Engine/EngineMaterials/Substrate/Glints2/dict_0004_0192" 8197
"/Engine/EngineMaterials/Substrate/Glints2/dict_0004_0195" 8198
"/Engine/EngineMaterials/Substrate/Glints2/dict_0004_0196" 8199
"/Engine/EngineMaterials/Substrate/Glints2/dict_0004_0181" 8200
"/Engine/EngineMaterials/Substrate/Glints2/dict_0004_0180" 8201
"/Engine/EngineMaterials/Substrate/Glints2/dict_0004_0182" 8202
"/Engine/EngineMaterials/Substrate/Glints2/dict_0004_0184" 8203
"../../../Engine/Content/EngineMaterials/Substrate/Glints2/dict_0004_0179.uasset" 8204
"../../../Engine/Content/EngineMaterials/Substrate/Glints2/dict_0004_0177.uasset" 8205
"../../../Engine/Content/EngineMaterials/Substrate/Glints2/dict_0004_0185.uasset" 8206
"../../../Engine/Content/EngineMaterials/Substrate/Glints2/dict_0004_0176.uasset" 8207
"../../../Engine/Content/EngineMaterials/Substrate/Glints2/dict_0004_0175.uasset" 8208
"../../../Engine/Content/EngineMaterials/Substrate/Glints2/dict_0004_0172.uasset" 8209
"../../../Engine/Content/EngineMaterials/Substrate/Glints2/dict_0004_0173.uasset" 8210
"../../../Engine/Content/EngineMaterials/Substrate/Glints2/dict_0004_0183.uasset" 8211
"../../../Engine/Content/EngineMaterials/Substrate/Glints2/dict_0004_0174.uasset" 8212
"../../../Engine/Content/EngineMaterials/Substrate/Glints2/dict_0004_0178.uasset" 8213
"../../../Engine/Content/EngineMaterials/Substrate/Glints2/dict_0004_0171.uasset" 8214
"../../../Engine/Content/EngineMaterials/Substrate/Glints2/dict_0004_0168.uasset" 8215
"../../../Engine/Content/EngineMaterials/Substrate/Glints2/dict_0004_0170.uasset" 8216
"/Engine/EngineMaterials/Substrate/Glints2/dict_0004_0172" 8217
"/Engine/EngineMaterials/Substrate/Glints2/dict_0004_0177" 8218
"../../../Engine/Content/EngineMaterials/Substrate/Glints2/dict_0004_0167.uasset" 8219
"../../../Engine/Content/EngineMaterials/Substrate/Glints2/dict_0004_0166.uasset" 8220
"/Engine/EngineMaterials/Substrate/Glints2/dict_0004_0178" 8221
"/Engine/EngineMaterials/Substrate/Glints2/dict_0004_0175" 8222
"../../../Engine/Content/EngineMaterials/Substrate/Glints2/dict_0004_0165.uasset" 8223
"/Engine/EngineMaterials/Substrate/Glints2/dict_0004_0179" 8224
"../../../Engine/Content/EngineMaterials/Substrate/Glints2/dict_0004_0164.uasset" 8225
"/Engine/EngineMaterials/Substrate/Glints2/dict_0004_0176" 8226
"/Engine/EngineMaterials/Substrate/Glints2/dict_0004_0168" 8227
"/Engine/EngineMaterials/Substrate/Glints2/dict_0004_0173" 8228
"/Engine/EngineMaterials/Substrate/Glints2/dict_0004_0183" 8229
"/Engine/EngineMaterials/Substrate/Glints2/dict_0004_0170" 8230
"/Engine/EngineMaterials/Substrate/Glints2/dict_0004_0185" 8231
"/Engine/EngineMaterials/Substrate/Glints2/dict_0004_0174" 8232
"/Engine/EngineMaterials/Substrate/Glints2/dict_0004_0171" 8233
"../../../Engine/Content/EngineMaterials/Substrate/Glints2/dict_0004_0162.uasset" 8234
"/Engine/EngineMaterials/Substrate/Glints2/dict_0004_0164" 8235
"../../../Engine/Content/EngineMaterials/Substrate/Glints2/dict_0004_0159.uasset" 8236
"../../../Engine/Content/EngineMaterials/Substrate/Glints2/dict_0004_0160.uasset" 8237
"../../../Engine/Content/EngineMaterials/Substrate/Glints2/dict_0004_0169.uasset" 8238
"/Engine/EngineMaterials/Substrate/Glints2/dict_0004_0165" 8239
"/Engine/EngineMaterials/Substrate/Glints2/dict_0004_0166" 8240
"/Engine/EngineMaterials/Substrate/Glints2/dict_0004_0167" 8241
"/Engine/EngineMaterials/Substrate/Glints2/dict_0004_0159" 8242
"/Engine/EngineMaterials/Substrate/Glints2/dict_0004_0160" 8243
"../../../Engine/Content/EngineMaterials/Substrate/Glints2/dict_0004_0157.uasset" 8244
"../../../Engine/Content/EngineMaterials/Substrate/Glints2/dict_0004_0158.uasset" 8245
"/Engine/EngineMaterials/Substrate/Glints2/dict_0004_0169" 8246
"/Engine/EngineMaterials/Substrate/Glints2/dict_0004_0162" 8247
"/Engine/EngineMaterials/Substrate/Glints2/dict_0004_0157" 8248
"../../../Engine/Content/EngineMaterials/Substrate/Glints2/dict_0004_0155.uasset" 8249
"/Engine/EngineMaterials/Substrate/Glints2/dict_0004_0158" 8250
"../../../Engine/Content/EngineMaterials/Substrate/Glints2/dict_0004_0156.uasset" 8251
"/Engine/EngineMaterials/Substrate/Glints2/dict_0004_0155" 8252
"/Engine/EngineMaterials/Substrate/Glints2/dict_0004_0156" 8253
"../../../Engine/Content/EngineMaterials/Substrate/Glints2/dict_0004_0152.uasset" 8254
"../../../Engine/Content/EngineMaterials/Substrate/Glints2/dict_0004_0153.uasset" 8255
"../../../Engine/Content/EngineMaterials/Substrate/Glints2/dict_0004_0154.uasset" 8256
"../../../Engine/Content/EngineMaterials/Substrate/Glints2/dict_0004_0161.uasset" 8257
"../../../Engine/Content/EngineMaterials/Substrate/Glints2/dict_0004_0163.uasset" 8258
"../../../Engine/Content/EngineMaterials/Substrate/Glints2/dict_0004_0150.uasset" 8259
"../../../Engine/Content/EngineMaterials/Substrate/Glints2/dict_0004_0149.uasset" 8260
"../../../Engine/Content/EngineMaterials/Substrate/Glints2/dict_0004_0151.uasset" 8261
"../../../Engine/Content/EngineMaterials/Substrate/Glints2/dict_0004_0148.uasset" 8262
"../../../Engine/Content/EngineMaterials/Substrate/Glints2/dict_0004_0147.uasset" 8263
"/Engine/EngineMaterials/Substrate/Glints2/dict_0004_0154" 8264
"../../../Engine/Content/EngineMaterials/Substrate/Glints2/dict_0004_0144.uasset" 8265
"../../../Engine/Content/EngineMaterials/Substrate/Glints2/dict_0004_0145.uasset" 8266
"../../../Engine/Content/EngineMaterials/Substrate/Glints2/dict_0004_0146.uasset" 8267
"../../../Engine/Content/EngineMaterials/Substrate/Glints2/dict_0004_0140.uasset" 8268
"../../../Engine/Content/EngineMaterials/Substrate/Glints2/dict_0004_0142.uasset" 8269
"../../../Engine/Content/EngineMaterials/Substrate/Glints2/dict_0004_0141.uasset" 8270
"../../../Engine/Content/EngineMaterials/Substrate/Glints2/dict_0004_0138.uasset" 8271
"../../../Engine/Content/EngineMaterials/Substrate/Glints2/dict_0004_0143.uasset" 8272
"/Engine/EngineMaterials/Substrate/Glints2/dict_0004_0163" 8273
"/Engine/EngineMaterials/Substrate/Glints2/dict_0004_0150" 8274
"/Engine/EngineMaterials/Substrate/Glints2/dict_0004_0151" 8275
"/Engine/EngineMaterials/Substrate/Glints2/dict_0004_0152" 8276
"../../../Engine/Content/EngineMaterials/Substrate/Glints2/dict_0004_0136.uasset" 8277
"/Engine/EngineMaterials/Substrate/Glints2/dict_0004_0153" 8278
"/Engine/EngineMaterials/Substrate/Glints2/dict_0004_0147" 8279
"/Engine/EngineMaterials/Substrate/Glints2/dict_0004_0148" 8280
"../../../Engine/Content/EngineMaterials/Substrate/Glints2/dict_0004_0134.uasset" 8281
"/Engine/EngineMaterials/Substrate/Glints2/dict_0004_0161" 8282
"../../../Engine/Content/EngineMaterials/Substrate/Glints2/dict_0004_0135.uasset" 8283
"/Engine/EngineMaterials/Substrate/Glints2/dict_0004_0149" 8284
"/Engine/EngineMaterials/Substrate/Glints2/dict_0004_0138" 8285
"../../../Engine/Content/EngineMaterials/Substrate/Glints2/dict_0004_0133.uasset" 8286
"/Engine/EngineMaterials/Substrate/Glints2/dict_0004_0134" 8287
"../../../Engine/Content/EngineMaterials/Substrate/Glints2/dict_0004_0131.uasset" 8288
"/Engine/EngineMaterials/Substrate/Glints2/dict_0004_0140" 8289
"/Engine/EngineMaterials/Substrate/Glints2/dict_0004_0141" 8290
"/Engine/EngineMaterials/Substrate/Glints2/dict_0004_0142" 8291
"../../../Engine/Content/EngineMaterials/Substrate/Glints2/dict_0004_0130.uasset" 8292
"/Engine/EngineMaterials/Substrate/Glints2/dict_0004_0135" 8293
"../../../Engine/Content/EngineMaterials/Substrate/Glints2/dict_0004_0129.uasset" 8294
"/Engine/EngineMaterials/Substrate/Glints2/dict_0004_0136" 8295
"/Engine/EngineMaterials/Substrate/Glints2/dict_0004_0143" 8296
"/Engine/EngineMaterials/Substrate/Glints2/dict_0004_0144" 8297
"/Engine/EngineMaterials/Substrate/Glints2/dict_0004_0145" 8298
"/Engine/EngineMaterials/Substrate/Glints2/dict_0004_0146" 8299
"/Engine/EngineMaterials/Substrate/Glints2/dict_0004_0133" 8300
"/Engine/EngineMaterials/Substrate/Glints2/dict_0004_0129" 8301
"/Engine/EngineMaterials/Substrate/Glints2/dict_0004_0130" 8302
"/Engine/EngineMaterials/Substrate/Glints2/dict_0004_0131" 8303
"../../../Engine/Content/EngineMaterials/Substrate/Glints2/dict_0004_0128.uasset" 8304
"../../../Engine/Content/EngineMaterials/Substrate/Glints2/dict_0004_0125.uasset" 8305
"../../../Engine/Content/EngineMaterials/Substrate/Glints2/dict_0004_0137.uasset" 8306
"../../../Engine/Content/EngineMaterials/Substrate/Glints2/dict_0004_0132.uasset" 8307
"../../../Engine/Content/EngineMaterials/Substrate/Glints2/dict_0004_0139.uasset" 8308
"../../../Engine/Content/EngineMaterials/Substrate/Glints2/dict_0004_0124.uasset" 8309
"../../../Engine/Content/EngineMaterials/Substrate/Glints2/dict_0004_0126.uasset" 8310
"../../../Engine/Content/EngineMaterials/Substrate/Glints2/dict_0004_0127.uasset" 8311
"../../../Engine/Content/EngineMaterials/Substrate/Glints2/dict_0004_0123.uasset" 8312
"../../../Engine/Content/EngineMaterials/Substrate/Glints2/dict_0004_0122.uasset" 8313
"../../../Engine/Content/EngineMaterials/Substrate/Glints2/dict_0004_0121.uasset" 8314
"../../../Engine/Content/EngineMaterials/Substrate/Glints2/dict_0004_0116.uasset" 8315
"../../../Engine/Content/EngineMaterials/Substrate/Glints2/dict_0004_0119.uasset" 8316
"../../../Engine/Content/EngineMaterials/Substrate/Glints2/dict_0004_0120.uasset" 8317
"/Engine/EngineMaterials/Substrate/Glints2/dict_0004_0137" 8318
"/Engine/EngineMaterials/Substrate/Glints2/dict_0004_0116" 8319
"../../../Engine/Content/EngineMaterials/Substrate/Glints2/dict_0004_0114.uasset" 8320
"/Engine/EngineMaterials/Substrate/Glints2/dict_0004_0125" 8321
"../../../Engine/Content/EngineMaterials/Substrate/Glints2/dict_0004_0115.uasset" 8322
"/Engine/EngineMaterials/Substrate/Glints2/dict_0004_0126" 8323
"../../../Engine/Content/EngineMaterials/Substrate/Glints2/dict_0004_0117.uasset" 8324
"/Engine/EngineMaterials/Substrate/Glints2/dict_0004_0127" 8325
"../../../Engine/Content/EngineMaterials/Substrate/Glints2/dict_0004_0113.uasset" 8326
"/Engine/EngineMaterials/Substrate/Glints2/dict_0004_0128" 8327
"../../../Engine/Content/EngineMaterials/Substrate/Glints2/dict_0004_0112.uasset" 8328
"/Engine/EngineMaterials/Substrate/Glints2/dict_0004_0139" 8329
"/Engine/EngineMaterials/Substrate/Glints2/dict_0004_0119" 8330
"/Engine/EngineMaterials/Substrate/Glints2/dict_0004_0120" 8331
"/Engine/EngineMaterials/Substrate/Glints2/dict_0004_0121" 8332
"/Engine/EngineMaterials/Substrate/Glints2/dict_0004_0122" 8333
"/Engine/EngineMaterials/Substrate/Glints2/dict_0004_0123" 8334
"/Engine/EngineMaterials/Substrate/Glints2/dict_0004_0124" 8335
"/Engine/EngineMaterials/Substrate/Glints2/dict_0004_0132" 8336
"/Engine/EngineMaterials/Substrate/Glints2/dict_0004_0115" 8337
"/Engine/EngineMaterials/Substrate/Glints2/dict_0004_0117" 8338
"../../../Engine/Content/EngineMaterials/Substrate/Glints2/dict_0004_0110.uasset" 8339
"../../../Engine/Content/EngineMaterials/Substrate/Glints2/dict_0004_0109.uasset" 8340
"../../../Engine/Content/EngineMaterials/Substrate/Glints2/dict_0004_0111.uasset" 8341
"/Engine/EngineMaterials/Substrate/Glints2/dict_0004_0112" 8342
"../../../Engine/Content/EngineMaterials/Substrate/Glints2/dict_0004_0118.uasset" 8343
"/Engine/EngineMaterials/Substrate/Glints2/dict_0004_0113" 8344
"/Engine/EngineMaterials/Substrate/Glints2/dict_0004_0114" 8345
"/Engine/EngineMaterials/Substrate/Glints2/dict_0004_0109" 8346
"../../../Engine/Content/EngineMaterials/Substrate/Glints2/dict_0004_0107.uasset" 8347
"../../../Engine/Content/EngineMaterials/Substrate/Glints2/dict_0004_0108.uasset" 8348
"/Engine/EngineMaterials/Substrate/Glints2/dict_0004_0118" 8349
"/Engine/EngineMaterials/Substrate/Glints2/dict_0004_0110" 8350
"/Engine/EngineMaterials/Substrate/Glints2/dict_0004_0111" 8351
"../../../Engine/Content/EngineMaterials/Substrate/Glints2/dict_0004_0104.uasset" 8352
"../../../Engine/Content/EngineMaterials/Substrate/Glints2/dict_0004_0105.uasset" 8353
"../../../Engine/Content/EngineMaterials/Substrate/Glints2/dict_0004_0106.uasset" 8354
"/Engine/EngineMaterials/Substrate/Glints2/dict_0004_0104" 8355
"../../../Engine/Content/EngineMaterials/Substrate/Glints2/dict_0004_0103.uasset" 8356
"/Engine/EngineMaterials/Substrate/Glints2/dict_0004_0107" 8357
"/Engine/EngineMaterials/Substrate/Glints2/dict_0004_0108" 8358
"/Engine/EngineMaterials/Substrate/Glints2/dict_0004_0105" 8359
"/Engine/EngineMaterials/Substrate/Glints2/dict_0004_0106" 8360
"/Engine/EngineMaterials/Substrate/Glints2/dict_0004_0103" 8361
"../../../Engine/Content/EngineMaterials/Substrate/Glints2/dict_0004_0101.uasset" 8362
"../../../Engine/Content/EngineMaterials/Substrate/Glints2/dict_0004_0100.uasset" 8363
"../../../Engine/Content/EngineMaterials/Substrate/Glints2/dict_0004_0098.uasset" 8364
"../../../Engine/Content/EngineMaterials/Substrate/Glints2/dict_0004_0102.uasset" 8365
"../../../Engine/Content/EngineMaterials/Substrate/Glints2/dict_0004_0097.uasset" 8366
"../../../Engine/Content/EngineMaterials/Substrate/Glints2/dict_0004_0095.uasset" 8367
"../../../Engine/Content/EngineMaterials/Substrate/Glints2/dict_0004_0096.uasset" 8368
"../../../Engine/Content/EngineMaterials/Substrate/Glints2/dict_0004_0094.uasset" 8369
"../../../Engine/Content/EngineMaterials/Substrate/Glints2/dict_0004_0099.uasset" 8370
"../../../Engine/Content/EngineMaterials/Substrate/Glints2/dict_0004_0092.uasset" 8371
"../../../Engine/Content/EngineMaterials/Substrate/Glints2/dict_0004_0089.uasset" 8372
"../../../Engine/Content/EngineMaterials/Substrate/Glints2/dict_0004_0091.uasset" 8373
"../../../Engine/Content/EngineMaterials/Substrate/Glints2/dict_0004_0090.uasset" 8374
"../../../Engine/Content/EngineMaterials/Substrate/Glints2/dict_0004_0093.uasset" 8375
"/Engine/EngineMaterials/Substrate/Glints2/dict_0004_0100" 8376
"/Engine/EngineMaterials/Substrate/Glints2/dict_0004_0089" 8377
"/Engine/EngineMaterials/Substrate/Glints2/dict_0004_0090" 8378
"/Engine/EngineMaterials/Substrate/Glints2/dict_0004_0091" 8379
"../../../Engine/Content/EngineMaterials/Substrate/Glints2/dict_0004_0088.uasset" 8380
"/Engine/EngineMaterials/Substrate/Glints2/dict_0004_0092" 8381
"/Engine/EngineMaterials/Substrate/Glints2/dict_0004_0101" 8382
"/Engine/EngineMaterials/Substrate/Glints2/dict_0004_0102" 8383
"../../../Engine/Content/EngineMaterials/Substrate/Glints2/dict_0004_0086.uasset" 8384
"/Engine/EngineMaterials/Substrate/Glints2/dict_0004_0093" 8385
"/Engine/EngineMaterials/Substrate/Glints2/dict_0004_0094" 8386
"/Engine/EngineMaterials/Substrate/Glints2/dict_0004_0095" 8387
"/Engine/EngineMaterials/Substrate/Glints2/dict_0004_0096" 8388
"/Engine/EngineMaterials/Substrate/Glints2/dict_0004_0097" 8389
"/Engine/EngineMaterials/Substrate/Glints2/dict_0004_0098" 8390
"/Engine/EngineMaterials/Substrate/Glints2/dict_0004_0099" 8391
"/Engine/EngineMaterials/Substrate/Glints2/dict_0004_0086" 8392
"../../../Engine/Content/EngineMaterials/Substrate/Glints2/dict_0004_0087.uasset" 8393
"/Engine/EngineMaterials/Substrate/Glints2/dict_0004_0088" 8394
"/Engine/EngineMaterials/Substrate/Glints2/dict_0004_0087" 8395
"../../../Engine/Content/EngineMaterials/Substrate/Glints2/dict_0004_0079.uasset" 8396
"../../../Engine/Content/EngineMaterials/Substrate/Glints2/dict_0004_0085.uasset" 8397
"/Engine/EngineMaterials/Substrate/Glints2/dict_0004_0079" 8398
"../../../Engine/Content/EngineMaterials/Substrate/Glints2/dict_0004_0084.uasset" 8399
"../../../Engine/Content/EngineMaterials/Substrate/Glints2/dict_0004_0081.uasset" 8400
"../../../Engine/Content/EngineMaterials/Substrate/Glints2/dict_0004_0083.uasset" 8401
"/Engine/EngineMaterials/Substrate/Glints2/dict_0004_0081" 8402
"../../../Engine/Content/EngineMaterials/Substrate/Glints2/dict_0004_0080.uasset" 8403
"/Engine/EngineMaterials/Substrate/Glints2/dict_0004_0083" 8404
"/Engine/EngineMaterials/Substrate/Glints2/dict_0004_0080" 8405
"/Engine/EngineMaterials/Substrate/Glints2/dict_0004_0084" 8406
"../../../Engine/Content/EngineMaterials/Substrate/Glints2/dict_0004_0078.uasset" 8407
"/Engine/EngineMaterials/Substrate/Glints2/dict_0004_0085" 8408
"/Engine/EngineMaterials/Substrate/Glints2/dict_0004_0078" 8409
"../../../Engine/Content/EngineMaterials/Substrate/Glints2/dict_0004_0077.uasset" 8410
"../../../Engine/Content/EngineMaterials/Substrate/Glints2/dict_0004_0073.uasset" 8411
"../../../Engine/Content/EngineMaterials/Substrate/Glints2/dict_0004_0082.uasset" 8412
"../../../Engine/Content/EngineMaterials/Substrate/Glints2/dict_0004_0074.uasset" 8413
"../../../Engine/Content/EngineMaterials/Substrate/Glints2/dict_0004_0072.uasset" 8414
"../../../Engine/Content/EngineMaterials/Substrate/Glints2/dict_0004_0076.uasset" 8415
"../../../Engine/Content/EngineMaterials/Substrate/Glints2/dict_0004_0069.uasset" 8416
"../../../Engine/Content/EngineMaterials/Substrate/Glints2/dict_0004_0071.uasset" 8417
"../../../Engine/Content/EngineMaterials/Substrate/Glints2/dict_0004_0068.uasset" 8418
"../../../Engine/Content/EngineMaterials/Substrate/Glints2/dict_0004_0075.uasset" 8419
"../../../Engine/Content/EngineMaterials/Substrate/Glints2/dict_0004_0070.uasset" 8420
"/Engine/EngineMaterials/Substrate/Glints2/dict_0004_0074" 8421
"/Engine/EngineMaterials/Substrate/Glints2/dict_0004_0071" 8422
"../../../Engine/Content/EngineMaterials/Substrate/Glints2/dict_0004_0067.uasset" 8423
"../../../Engine/Content/EngineMaterials/Substrate/Glints2/dict_0004_0065.uasset" 8424
"/Engine/EngineMaterials/Substrate/Glints2/dict_0004_0072" 8425
"/Engine/EngineMaterials/Substrate/Glints2/dict_0004_0075" 8426
"/Engine/EngineMaterials/Substrate/Glints2/dict_0004_0082" 8427
"../../../Engine/Content/EngineMaterials/Substrate/Glints2/dict_0004_0064.uasset" 8428
"/Engine/EngineMaterials/Substrate/Glints2/dict_0004_0076" 8429
"/Engine/EngineMaterials/Substrate/Glints2/dict_0004_0077" 8430
"/Engine/EngineMaterials/Substrate/Glints2/dict_0004_0073" 8431
"../../../Engine/Content/EngineMaterials/Substrate/Glints2/dict_0004_0062.uasset" 8432
"/Engine/EngineMaterials/Substrate/Glints2/dict_0004_0068" 8433
"/Engine/EngineMaterials/Substrate/Glints2/dict_0004_0069" 8434
"/Engine/EngineMaterials/Substrate/Glints2/dict_0004_0070" 8435
"../../../Engine/Content/EngineMaterials/Substrate/Glints2/dict_0004_0061.uasset" 8436
"/Engine/EngineMaterials/Substrate/Glints2/dict_0004_0061" 8437
"../../../Engine/Content/EngineMaterials/Substrate/Glints2/dict_0004_0060.uasset" 8438
"../../../Engine/Content/EngineMaterials/Substrate/Glints2/dict_0004_0066.uasset" 8439
"../../../Engine/Content/EngineMaterials/Substrate/Glints2/dict_0004_0063.uasset" 8440
"/Engine/EngineMaterials/Substrate/Glints2/dict_0004_0062" 8441
"/Engine/EngineMaterials/Substrate/Glints2/dict_0004_0064" 8442
"/Engine/EngineMaterials/Substrate/Glints2/dict_0004_0065" 8443
"/Engine/EngineMaterials/Substrate/Glints2/dict_0004_0067" 8444
"/Engine/EngineMaterials/Substrate/Glints2/dict_0004_0060" 8445
"/Engine/EngineMaterials/Substrate/Glints2/dict_0004_0063" 8446
"../../../Engine/Content/EngineMaterials/Substrate/Glints2/dict_0004_0059.uasset" 8447
"/Engine/EngineMaterials/Substrate/Glints2/dict_0004_0066" 8448
"/Engine/EngineMaterials/Substrate/Glints2/dict_0004_0059" 8449
"../../../Engine/Content/EngineMaterials/Substrate/Glints2/dict_0004_0055.uasset" 8450
"../../../Engine/Content/EngineMaterials/Substrate/Glints2/dict_0004_0056.uasset" 8451
"../../../Engine/Content/EngineMaterials/Substrate/Glints2/dict_0004_0057.uasset" 8452
"../../../Engine/Content/EngineMaterials/Substrate/Glints2/dict_0004_0058.uasset" 8453
"../../../Engine/Content/EngineMaterials/Substrate/Glints2/dict_0004_0054.uasset" 8454
"../../../Engine/Content/EngineMaterials/Substrate/Glints2/dict_0004_0052.uasset" 8455
"../../../Engine/Content/EngineMaterials/Substrate/Glints2/dict_0004_0050.uasset" 8456
"../../../Engine/Content/EngineMaterials/Substrate/Glints2/dict_0004_0049.uasset" 8457
"../../../Engine/Content/EngineMaterials/Substrate/Glints2/dict_0004_0046.uasset" 8458
"../../../Engine/Content/EngineMaterials/Substrate/Glints2/dict_0004_0047.uasset" 8459
"../../../Engine/Content/EngineMaterials/Substrate/Glints2/dict_0004_0048.uasset" 8460
"/Engine/EngineMaterials/Substrate/Glints2/dict_0004_0055" 8461
"/Engine/EngineMaterials/Substrate/Glints2/dict_0004_0054" 8462
"../../../Engine/Content/EngineMaterials/Substrate/Glints2/dict_0004_0044.uasset" 8463
"/Engine/EngineMaterials/Substrate/Glints2/dict_0004_0057" 8464
"/Engine/EngineMaterials/Substrate/Glints2/dict_0004_0056" 8465
"../../../Engine/Content/EngineMaterials/Substrate/Glints2/dict_0004_0045.uasset" 8466
"/Engine/EngineMaterials/Substrate/Glints2/dict_0004_0058" 8467
"/Engine/EngineMaterials/Substrate/Glints2/dict_0004_0047" 8468
"../../../Engine/Content/EngineMaterials/Substrate/Glints2/dict_0004_0043.uasset" 8469
"/Engine/EngineMaterials/Substrate/Glints2/dict_0004_0048" 8470
"../../../Engine/Content/EngineMaterials/Substrate/Glints2/dict_0004_0042.uasset" 8471
"../../../Engine/Content/EngineMaterials/Substrate/Glints2/dict_0004_0051.uasset" 8472
"/Engine/EngineMaterials/Substrate/Glints2/dict_0004_0052" 8473
"/Engine/EngineMaterials/Substrate/Glints2/dict_0004_0049" 8474
"/Engine/EngineMaterials/Substrate/Glints2/dict_0004_0050" 8475
"/Engine/EngineMaterials/Substrate/Glints2/dict_0004_0046" 8476
"/Engine/EngineMaterials/Substrate/Glints2/dict_0004_0051" 8477
"/Engine/EngineMaterials/Substrate/Glints2/dict_0004_0042" 8478
"/Engine/EngineMaterials/Substrate/Glints2/dict_0004_0043" 8479
"/Engine/EngineMaterials/Substrate/Glints2/dict_0004_0044" 8480
"/Engine/EngineMaterials/Substrate/Glints2/dict_0004_0045" 8481
"../../../Engine/Content/EngineMaterials/Substrate/Glints2/dict_0004_0041.uasset" 8482
"../../../Engine/Content/EngineMaterials/Substrate/Glints2/dict_0004_0038.uasset" 8483
"../../../Engine/Content/EngineMaterials/Substrate/Glints2/dict_0004_0040.uasset" 8484
"../../../Engine/Content/EngineMaterials/Substrate/Glints2/dict_0004_0039.uasset" 8485
"../../../Engine/Content/EngineMaterials/Substrate/Glints2/dict_0004_0035.uasset" 8486
"../../../Engine/Content/EngineMaterials/Substrate/Glints2/dict_0004_0037.uasset" 8487
"../../../Engine/Content/EngineMaterials/Substrate/Glints2/dict_0004_0053.uasset" 8488
"../../../Engine/Content/EngineMaterials/Substrate/Glints2/dict_0004_0036.uasset" 8489
"../../../Engine/Content/EngineMaterials/Substrate/Glints2/dict_0004_0031.uasset" 8490
"../../../Engine/Content/EngineMaterials/Substrate/Glints2/dict_0004_0030.uasset" 8491
"../../../Engine/Content/EngineMaterials/Substrate/Glints2/dict_0004_0028.uasset" 8492
"../../../Engine/Content/EngineMaterials/Substrate/Glints2/dict_0004_0029.uasset" 8493
"../../../Engine/Content/EngineMaterials/Substrate/Glints2/dict_0004_0032.uasset" 8494
"../../../Engine/Content/EngineMaterials/Substrate/Glints2/dict_0004_0033.uasset" 8495
"../../../Engine/Content/EngineMaterials/Substrate/Glints2/dict_0004_0034.uasset" 8496
"/Engine/EngineMaterials/Substrate/Glints2/dict_0004_0036" 8497
"/Engine/EngineMaterials/Substrate/Glints2/dict_0004_0028" 8498
"/Engine/EngineMaterials/Substrate/Glints2/dict_0004_0037" 8499
"../../../Engine/Content/EngineMaterials/Substrate/Glints2/dict_0004_0027.uasset" 8500
"/Engine/EngineMaterials/Substrate/Glints2/dict_0004_0031" 8501
"/Engine/EngineMaterials/Substrate/Glints2/dict_0004_0038" 8502
"/Engine/EngineMaterials/Substrate/Glints2/dict_0004_0039" 8503
"../../../Engine/Content/EngineMaterials/Substrate/Glints2/dict_0004_0026.uasset" 8504
"/Engine/EngineMaterials/Substrate/Glints2/dict_0004_0040" 8505
"../../../Engine/Content/EngineMaterials/Substrate/Glints2/dict_0004_0021.uasset" 8506
"../../../Engine/Content/EngineMaterials/Substrate/Glints2/dict_0004_0022.uasset" 8507
"../../../Engine/Content/EngineMaterials/Substrate/Glints2/dict_0004_0024.uasset" 8508
"../../../Engine/Content/EngineMaterials/Substrate/Glints2/dict_0004_0023.uasset" 8509
"../../../Engine/Content/EngineMaterials/Substrate/Glints2/dict_0004_0020.uasset" 8510
"/Engine/EngineMaterials/Substrate/Glints2/dict_0004_0032" 8511
"/Engine/EngineMaterials/Substrate/Glints2/dict_0004_0029" 8512
"../../../Engine/Content/EngineMaterials/Substrate/Glints2/dict_0004_0025.uasset" 8513
"../../../Engine/Content/EngineMaterials/Substrate/Glints2/dict_0004_0018.uasset" 8514
"/Engine/EngineMaterials/Substrate/Glints2/dict_0004_0041" 8515
"/Engine/EngineMaterials/Substrate/Glints2/dict_0004_0033" 8516
"/Engine/EngineMaterials/Substrate/Glints2/dict_0004_0053" 8517
"/Engine/EngineMaterials/Substrate/Glints2/dict_0004_0034" 8518
"/Engine/EngineMaterials/Substrate/Glints2/dict_0004_0030" 8519
"/Engine/EngineMaterials/Substrate/Glints2/dict_0004_0035" 8520
"/Engine/EngineMaterials/Substrate/Glints2/dict_0004_0018" 8521
"/Engine/EngineMaterials/Substrate/Glints2/dict_0004_0020" 8522
"/Engine/EngineMaterials/Substrate/Glints2/dict_0004_0027" 8523
"/Engine/EngineMaterials/Substrate/Glints2/dict_0004_0021" 8524
"/Engine/EngineMaterials/Substrate/Glints2/dict_0004_0022" 8525
"/Engine/EngineMaterials/Substrate/Glints2/dict_0004_0023" 8526
"/Engine/EngineMaterials/Substrate/Glints2/dict_0004_0024" 8527
"/Engine/EngineMaterials/Substrate/Glints2/dict_0004_0025" 8528
"/Engine/EngineMaterials/Substrate/Glints2/dict_0004_0026" 8529
"../../../Engine/Content/EngineMaterials/Substrate/Glints2/dict_0004_0013.uasset" 8530
"/Engine/EngineMaterials/Substrate/Glints2/dict_0004_0013" 8531
"../../../Engine/Content/EngineMaterials/Substrate/Glints2/dict_0004_0012.uasset" 8532
"../../../Engine/Content/EngineMaterials/Substrate/Glints2/dict_0004_0017.uasset" 8533
"../../../Engine/Content/EngineMaterials/Substrate/Glints2/dict_0004_0016.uasset" 8534
"../../../Engine/Content/EngineMaterials/Substrate/Glints2/dict_0004_0019.uasset" 8535
"../../../Engine/Content/EngineMaterials/Substrate/Glints2/dict_0004_0015.uasset" 8536
"../../../Engine/Content/EngineMaterials/Substrate/Glints2/dict_0004_0011.uasset" 8537
"../../../Engine/Content/EngineMaterials/Substrate/Glints2/dict_0004_0009.uasset" 8538
"../../../Engine/Content/EngineMaterials/Substrate/Glints2/dict_0004_0010.uasset" 8539
"../../../Engine/Content/EngineMaterials/Substrate/Glints2/dict_0004_0005.uasset" 8540
"../../../Engine/Content/EngineMaterials/Substrate/Glints2/dict_0004_0007.uasset" 8541
"../../../Engine/Content/EngineMaterials/Substrate/Glints2/dict_0004_0008.uasset" 8542
"../../../Engine/Content/EngineMaterials/Substrate/Glints2/dict_0004_0004.uasset" 8543
"../../../Engine/Content/EngineMaterials/Substrate/Glints2/dict_0004_0003.uasset" 8544
"../../../Engine/Content/EngineMaterials/Substrate/Glints2/dict_0004_0001.uasset" 8545
"/Engine/EngineMaterials/Substrate/Glints2/dict_0004_0011" 8546
"../../../Engine/Content/EngineMaterials/Substrate/Glints2/dict_0004_0000.uasset" 8547
"/Engine/EngineMaterials/Substrate/Glints2/dict_0004_0016" 8548
"../../../Engine/Content/EngineMaterials/Substrate/Glints2/dict_0004_0002.uasset" 8549
"/Engine/EngineMaterials/Substrate/Glints2/dict_0004_0017" 8550
"/Engine/EngineMaterials/Substrate/Glints2/dict_0004_0019" 8551
"/Engine/EngineMaterials/Substrate/Glints2/dict_0004_0003" 8552
"/Engine/EngineMaterials/Substrate/Glints2/dict_0004_0004" 8553
"/Engine/EngineMaterials/Substrate/Glints2/dict_0004_0005" 8554
"/Engine/EngineMaterials/Substrate/Glints2/dict_0004_0012" 8555
"/Engine/EngineMaterials/Substrate/Glints2/dict_0004_0007" 8556
"/Engine/EngineMaterials/Substrate/Glints2/dict_0004_0008" 8557
"/Engine/EngineMaterials/Substrate/Glints2/dict_0004_0009" 8558
"/Engine/EngineMaterials/Substrate/Glints2/dict_0004_0010" 8559
"/Engine/EngineMaterials/Substrate/Glints2/dict_0004_0015" 8560
"/Engine/EngineMaterials/Substrate/Glints2/dict_0004_0000" 8561
"../../../Engine/Content/EngineMaterials/Substrate/Glints2/dict_0003_0254.uasset" 8562
"/Engine/EngineMaterials/Substrate/Glints2/dict_0004_0001" 8563
"../../../Engine/Content/EngineMaterials/Substrate/Glints2/dict_0003_0253.uasset" 8564
"../../../Engine/Content/EngineMaterials/Substrate/Glints2/dict_0003_0255.uasset" 8565
"/Engine/EngineMaterials/Substrate/Glints2/dict_0004_0002" 8566
"../../../Engine/Content/EngineMaterials/Substrate/Glints2/dict_0003_0252.uasset" 8567
"/Engine/EngineMaterials/Substrate/Glints2/dict_0003_0252" 8568
"../../../Engine/Content/EngineMaterials/Substrate/Glints2/dict_0004_0006.uasset" 8569
"../../../Engine/Content/EngineMaterials/Substrate/Glints2/dict_0004_0014.uasset" 8570
"/Engine/EngineMaterials/Substrate/Glints2/dict_0003_0253" 8571
"/Engine/EngineMaterials/Substrate/Glints2/dict_0003_0254" 8572
"../../../Engine/Content/EngineMaterials/Substrate/Glints2/dict_0003_0251.uasset" 8573
"/Engine/EngineMaterials/Substrate/Glints2/dict_0003_0255" 8574
"/Engine/EngineMaterials/Substrate/Glints2/dict_0004_0006" 8575
"../../../Engine/Content/EngineMaterials/Substrate/Glints2/dict_0003_0250.uasset" 8576
"../../../Engine/Content/EngineMaterials/Substrate/Glints2/dict_0003_0249.uasset" 8577
"/Engine/EngineMaterials/Substrate/Glints2/dict_0004_0014" 8578
"/Engine/EngineMaterials/Substrate/Glints2/dict_0003_0251" 8579
"/Engine/EngineMaterials/Substrate/Glints2/dict_0003_0249" 8580
"/Engine/EngineMaterials/Substrate/Glints2/dict_0003_0250" 8581
"../../../Engine/Content/EngineMaterials/Substrate/Glints2/dict_0003_0248.uasset" 8582
"../../../Engine/Content/EngineMaterials/Substrate/Glints2/dict_0003_0245.uasset" 8583
"../../../Engine/Content/EngineMaterials/Substrate/Glints2/dict_0003_0247.uasset" 8584
"../../../Engine/Content/EngineMaterials/Substrate/Glints2/dict_0003_0244.uasset" 8585
"../../../Engine/Content/EngineMaterials/Substrate/Glints2/dict_0003_0243.uasset" 8586
"../../../Engine/Content/EngineMaterials/Substrate/Glints2/dict_0003_0241.uasset" 8587
"../../../Engine/Content/EngineMaterials/Substrate/Glints2/dict_0003_0239.uasset" 8588
"../../../Engine/Content/EngineMaterials/Substrate/Glints2/dict_0003_0240.uasset" 8589
"../../../Engine/Content/EngineMaterials/Substrate/Glints2/dict_0003_0242.uasset" 8590
"../../../Engine/Content/EngineMaterials/Substrate/Glints2/dict_0003_0246.uasset" 8591
"/Engine/EngineMaterials/Substrate/Glints2/dict_0003_0243" 8592
"/Engine/EngineMaterials/Substrate/Glints2/dict_0003_0244" 8593
"../../../Engine/Content/EngineMaterials/Substrate/Glints2/dict_0003_0235.uasset" 8594
"../../../Engine/Content/EngineMaterials/Substrate/Glints2/dict_0003_0234.uasset" 8595
"/Engine/EngineMaterials/Substrate/Glints2/dict_0003_0245" 8596
"../../../Engine/Content/EngineMaterials/Substrate/Glints2/dict_0003_0236.uasset" 8597
"../../../Engine/Content/EngineMaterials/Substrate/Glints2/dict_0003_0233.uasset" 8598
"../../../Engine/Content/EngineMaterials/Substrate/Glints2/dict_0003_0238.uasset" 8599
"/Engine/EngineMaterials/Substrate/Glints2/dict_0003_0246" 8600
"/Engine/EngineMaterials/Substrate/Glints2/dict_0003_0247" 8601
"../../../Engine/Content/EngineMaterials/Substrate/Glints2/dict_0003_0237.uasset" 8602
"/Engine/EngineMaterials/Substrate/Glints2/dict_0003_0242" 8603
"/Engine/EngineMaterials/Substrate/Glints2/dict_0003_0248" 8604
"/Engine/EngineMaterials/Substrate/Glints2/dict_0003_0239" 8605
"/Engine/EngineMaterials/Substrate/Glints2/dict_0003_0240" 8606
"../../../Engine/Content/EngineMaterials/Substrate/Glints2/dict_0003_0231.uasset" 8607
"/Engine/EngineMaterials/Substrate/Glints2/dict_0003_0241" 8608
"/Engine/EngineMaterials/Substrate/Glints2/dict_0003_0231" 8609
"/Engine/EngineMaterials/Substrate/Glints2/dict_0003_0233" 8610
"/Engine/EngineMaterials/Substrate/Glints2/dict_0003_0234" 8611
"/Engine/EngineMaterials/Substrate/Glints2/dict_0003_0235" 8612
"/Engine/EngineMaterials/Substrate/Glints2/dict_0003_0236" 8613
"/Engine/EngineMaterials/Substrate/Glints2/dict_0003_0237" 8614
"/Engine/EngineMaterials/Substrate/Glints2/dict_0003_0238" 8615
"../../../Engine/Content/EngineMaterials/Substrate/Glints2/dict_0003_0232.uasset" 8616
"../../../Engine/Content/EngineMaterials/Substrate/Glints2/dict_0003_0229.uasset" 8617
"../../../Engine/Content/EngineMaterials/Substrate/Glints2/dict_0003_0224.uasset" 8618
"../../../Engine/Content/EngineMaterials/Substrate/Glints2/dict_0003_0225.uasset" 8619
"../../../Engine/Content/EngineMaterials/Substrate/Glints2/dict_0003_0226.uasset" 8620
"../../../Engine/Content/EngineMaterials/Substrate/Glints2/dict_0003_0227.uasset" 8621
"../../../Engine/Content/EngineMaterials/Substrate/Glints2/dict_0003_0223.uasset" 8622
"../../../Engine/Content/EngineMaterials/Substrate/Glints2/dict_0003_0228.uasset" 8623
"../../../Engine/Content/EngineMaterials/Substrate/Glints2/dict_0003_0222.uasset" 8624
"../../../Engine/Content/EngineMaterials/Substrate/Glints2/dict_0003_0230.uasset" 8625
"../../../Engine/Content/EngineMaterials/Substrate/Glints2/dict_0003_0217.uasset" 8626
"../../../Engine/Content/EngineMaterials/Substrate/Glints2/dict_0003_0218.uasset" 8627
"../../../Engine/Content/EngineMaterials/Substrate/Glints2/dict_0003_0219.uasset" 8628
"../../../Engine/Content/EngineMaterials/Substrate/Glints2/dict_0003_0215.uasset" 8629
"../../../Engine/Content/EngineMaterials/Substrate/Glints2/dict_0003_0221.uasset" 8630
"../../../Engine/Content/EngineMaterials/Substrate/Glints2/dict_0003_0216.uasset" 8631
"/Engine/EngineMaterials/Substrate/Glints2/dict_0003_0229" 8632
"../../../Engine/Content/EngineMaterials/Substrate/Glints2/dict_0003_0220.uasset" 8633
"/Engine/EngineMaterials/Substrate/Glints2/dict_0003_0230" 8634
"/Engine/EngineMaterials/Substrate/Glints2/dict_0003_0222" 8635
"/Engine/EngineMaterials/Substrate/Glints2/dict_0003_0232" 8636
"/Engine/EngineMaterials/Substrate/Glints2/dict_0003_0223" 8637
"../../../Engine/Content/EngineMaterials/Substrate/Glints2/dict_0003_0213.uasset" 8638
"/Engine/EngineMaterials/Substrate/Glints2/dict_0003_0224" 8639
"/Engine/EngineMaterials/Substrate/Glints2/dict_0003_0225" 8640
"/Engine/EngineMaterials/Substrate/Glints2/dict_0003_0226" 8641
"/Engine/EngineMaterials/Substrate/Glints2/dict_0003_0227" 8642
"/Engine/EngineMaterials/Substrate/Glints2/dict_0003_0228" 8643
"/Engine/EngineMaterials/Substrate/Glints2/dict_0003_0219" 8644
"/Engine/EngineMaterials/Substrate/Glints2/dict_0003_0217" 8645
"/Engine/EngineMaterials/Substrate/Glints2/dict_0003_0218" 8646
"/Engine/EngineMaterials/Substrate/Glints2/dict_0003_0215" 8647
"/Engine/EngineMaterials/Substrate/Glints2/dict_0003_0216" 8648
"/Engine/EngineMaterials/Substrate/Glints2/dict_0003_0221" 8649
"/Engine/EngineMaterials/Substrate/Glints2/dict_0003_0213" 8650
"/Engine/EngineMaterials/Substrate/Glints2/dict_0003_0220" 8651
"../../../Engine/Content/EngineMaterials/Substrate/Glints2/dict_0003_0207.uasset" 8652
"../../../Engine/Content/EngineMaterials/Substrate/Glints2/dict_0003_0210.uasset" 8653
"/Engine/EngineMaterials/Substrate/Glints2/dict_0003_0207" 8654
"../../../Engine/Content/EngineMaterials/Substrate/Glints2/dict_0003_0208.uasset" 8655
"../../../Engine/Content/EngineMaterials/Substrate/Glints2/dict_0003_0206.uasset" 8656
"../../../Engine/Content/EngineMaterials/Substrate/Glints2/dict_0003_0209.uasset" 8657
"../../../Engine/Content/EngineMaterials/Substrate/Glints2/dict_0003_0211.uasset" 8658
"/Engine/EngineMaterials/Substrate/Glints2/dict_0003_0208" 8659
"/Engine/EngineMaterials/Substrate/Glints2/dict_0003_0209" 8660
"/Engine/EngineMaterials/Substrate/Glints2/dict_0003_0210" 8661
"/Engine/EngineMaterials/Substrate/Glints2/dict_0003_0211" 8662
"/Engine/EngineMaterials/Substrate/Glints2/dict_0003_0206" 8663
"../../../Engine/Content/EngineMaterials/Substrate/Glints2/dict_0003_0204.uasset" 8664
"../../../Engine/Content/EngineMaterials/Substrate/Glints2/dict_0003_0205.uasset" 8665
"../../../Engine/Content/EngineMaterials/Substrate/Glints2/dict_0003_0198.uasset" 8666
"../../../Engine/Content/EngineMaterials/Substrate/Glints2/dict_0003_0201.uasset" 8667
"../../../Engine/Content/EngineMaterials/Substrate/Glints2/dict_0003_0200.uasset" 8668
"../../../Engine/Content/EngineMaterials/Substrate/Glints2/dict_0003_0202.uasset" 8669
"../../../Engine/Content/EngineMaterials/Substrate/Glints2/dict_0003_0214.uasset" 8670
"../../../Engine/Content/EngineMaterials/Substrate/Glints2/dict_0003_0203.uasset" 8671
"../../../Engine/Content/EngineMaterials/Substrate/Glints2/dict_0003_0212.uasset" 8672
"../../../Engine/Content/EngineMaterials/Substrate/Glints2/dict_0003_0199.uasset" 8673
"../../../Engine/Content/EngineMaterials/Substrate/Glints2/dict_0003_0197.uasset" 8674
"../../../Engine/Content/EngineMaterials/Substrate/Glints2/dict_0003_0196.uasset" 8675
"/Engine/EngineMaterials/Substrate/Glints2/dict_0003_0200" 8676
"/Engine/EngineMaterials/Substrate/Glints2/dict_0003_0201" 8677
"/Engine/EngineMaterials/Substrate/Glints2/dict_0003_0202" 8678
"/Engine/EngineMaterials/Substrate/Glints2/dict_0003_0203" 8679
"/Engine/EngineMaterials/Substrate/Glints2/dict_0003_0204" 8680
"../../../Engine/Content/EngineMaterials/Substrate/Glints2/dict_0003_0193.uasset" 8681
"/Engine/EngineMaterials/Substrate/Glints2/dict_0003_0205" 8682
"../../../Engine/Content/EngineMaterials/Substrate/Glints2/dict_0003_0190.uasset" 8683
"/Engine/EngineMaterials/Substrate/Glints2/dict_0003_0212" 8684
"/Engine/EngineMaterials/Substrate/Glints2/dict_0003_0196" 8685
"../../../Engine/Content/EngineMaterials/Substrate/Glints2/dict_0003_0188.uasset" 8686
"../../../Engine/Content/EngineMaterials/Substrate/Glints2/dict_0003_0191.uasset" 8687
"../../../Engine/Content/EngineMaterials/Substrate/Glints2/dict_0003_0195.uasset" 8688
"../../../Engine/Content/EngineMaterials/Substrate/Glints2/dict_0003_0192.uasset" 8689
"../../../Engine/Content/EngineMaterials/Substrate/Glints2/dict_0003_0194.uasset" 8690
"/Engine/EngineMaterials/Substrate/Glints2/dict_0003_0214" 8691
"/Engine/EngineMaterials/Substrate/Glints2/dict_0003_0197" 8692
"/Engine/EngineMaterials/Substrate/Glints2/dict_0003_0198" 8693
"/Engine/EngineMaterials/Substrate/Glints2/dict_0003_0199" 8694
"/Engine/EngineMaterials/Substrate/Glints2/dict_0003_0188" 8695
"/Engine/EngineMaterials/Substrate/Glints2/dict_0003_0190" 8696
"/Engine/EngineMaterials/Substrate/Glints2/dict_0003_0191" 8697
"/Engine/EngineMaterials/Substrate/Glints2/dict_0003_0192" 8698
"/Engine/EngineMaterials/Substrate/Glints2/dict_0003_0193" 8699
"/Engine/EngineMaterials/Substrate/Glints2/dict_0003_0194" 8700
"/Engine/EngineMaterials/Substrate/Glints2/dict_0003_0195" 8701
"../../../Engine/Content/EngineMaterials/Substrate/Glints2/dict_0003_0183.uasset" 8702
"../../../Engine/Content/EngineMaterials/Substrate/Glints2/dict_0003_0184.uasset" 8703
"../../../Engine/Content/EngineMaterials/Substrate/Glints2/dict_0003_0180.uasset" 8704
"../../../Engine/Content/EngineMaterials/Substrate/Glints2/dict_0003_0189.uasset" 8705
"../../../Engine/Content/EngineMaterials/Substrate/Glints2/dict_0003_0186.uasset" 8706
"../../../Engine/Content/EngineMaterials/Substrate/Glints2/dict_0003_0181.uasset" 8707
"../../../Engine/Content/EngineMaterials/Substrate/Glints2/dict_0003_0187.uasset" 8708
"../../../Engine/Content/EngineMaterials/Substrate/Glints2/dict_0003_0185.uasset" 8709
"../../../Engine/Content/EngineMaterials/Substrate/Glints2/dict_0003_0179.uasset" 8710
"../../../Engine/Content/EngineMaterials/Substrate/Glints2/dict_0003_0172.uasset" 8711
"../../../Engine/Content/EngineMaterials/Substrate/Glints2/dict_0003_0173.uasset" 8712
"../../../Engine/Content/EngineMaterials/Substrate/Glints2/dict_0003_0178.uasset" 8713
"../../../Engine/Content/EngineMaterials/Substrate/Glints2/dict_0003_0175.uasset" 8714
"../../../Engine/Content/EngineMaterials/Substrate/Glints2/dict_0003_0182.uasset" 8715
"../../../Engine/Content/EngineMaterials/Substrate/Glints2/dict_0003_0171.uasset" 8716
"/Engine/EngineMaterials/Substrate/Glints2/dict_0003_0184" 8717
"../../../Engine/Content/EngineMaterials/Substrate/Glints2/dict_0003_0177.uasset" 8718
"/Engine/EngineMaterials/Substrate/Glints2/dict_0003_0185" 8719
"/Engine/EngineMaterials/Substrate/Glints2/dict_0003_0181" 8720
"/Engine/EngineMaterials/Substrate/Glints2/dict_0003_0186" 8721
"/Engine/EngineMaterials/Substrate/Glints2/dict_0003_0187" 8722
"../../../Engine/Content/EngineMaterials/Substrate/Glints2/dict_0003_0174.uasset" 8723
"/Engine/EngineMaterials/Substrate/Glints2/dict_0003_0189" 8724
"/Engine/EngineMaterials/Substrate/Glints2/dict_0003_0179" 8725
"/Engine/EngineMaterials/Substrate/Glints2/dict_0003_0180" 8726
"/Engine/EngineMaterials/Substrate/Glints2/dict_0003_0183" 8727
"/Engine/EngineMaterials/Substrate/Glints2/dict_0003_0177" 8728
"/Engine/EngineMaterials/Substrate/Glints2/dict_0003_0178" 8729
"/Engine/EngineMaterials/Substrate/Glints2/dict_0003_0182" 8730
"/Engine/EngineMaterials/Substrate/Glints2/dict_0003_0171" 8731
"/Engine/EngineMaterials/Substrate/Glints2/dict_0003_0172" 8732
"/Engine/EngineMaterials/Substrate/Glints2/dict_0003_0173" 8733
"/Engine/EngineMaterials/Substrate/Glints2/dict_0003_0174" 8734
"../../../Engine/Content/EngineMaterials/Substrate/Glints2/dict_0003_0176.uasset" 8735
"/Engine/EngineMaterials/Substrate/Glints2/dict_0003_0175" 8736
"/Engine/EngineMaterials/Substrate/Glints2/dict_0003_0176" 8737
"../../../Engine/Content/EngineMaterials/Substrate/Glints2/dict_0003_0168.uasset" 8738
"/Engine/EngineMaterials/Substrate/Glints2/dict_0003_0168" 8739
"../../../Engine/Content/EngineMaterials/Substrate/Glints2/dict_0003_0166.uasset" 8740
"../../../Engine/Content/EngineMaterials/Substrate/Glints2/dict_0003_0163.uasset" 8741
"../../../Engine/Content/EngineMaterials/Substrate/Glints2/dict_0003_0169.uasset" 8742
"/Engine/EngineMaterials/Substrate/Glints2/dict_0003_0166" 8743
"/Engine/EngineMaterials/Substrate/Glints2/dict_0003_0169" 8744
"/Engine/EngineMaterials/Substrate/Glints2/dict_0003_0163" 8745
"../../../Engine/Content/EngineMaterials/Substrate/Glints2/dict_0003_0167.uasset" 8746
"/Engine/EngineMaterials/Substrate/Glints2/dict_0003_0167" 8747
"../../../Engine/Content/EngineMaterials/Substrate/Glints2/dict_0003_0164.uasset" 8748
"../../../Engine/Content/EngineMaterials/Substrate/Glints2/dict_0003_0162.uasset" 8749
"../../../Engine/Content/EngineMaterials/Substrate/Glints2/dict_0003_0160.uasset" 8750
"../../../Engine/Content/EngineMaterials/Substrate/Glints2/dict_0003_0158.uasset" 8751
"../../../Engine/Content/EngineMaterials/Substrate/Glints2/dict_0003_0170.uasset" 8752
"../../../Engine/Content/EngineMaterials/Substrate/Glints2/dict_0003_0156.uasset" 8753
"../../../Engine/Content/EngineMaterials/Substrate/Glints2/dict_0003_0159.uasset" 8754
"../../../Engine/Content/EngineMaterials/Substrate/Glints2/dict_0003_0157.uasset" 8755
"../../../Engine/Content/EngineMaterials/Substrate/Glints2/dict_0003_0155.uasset" 8756
"/Engine/EngineMaterials/Substrate/Glints2/dict_0003_0164" 8757
"/Engine/EngineMaterials/Substrate/Glints2/dict_0003_0157" 8758
"../../../Engine/Content/EngineMaterials/Substrate/Glints2/dict_0003_0154.uasset" 8759
"../../../Engine/Content/EngineMaterials/Substrate/Glints2/dict_0003_0165.uasset" 8760
"/Engine/EngineMaterials/Substrate/Glints2/dict_0003_0158" 8761
"../../../Engine/Content/EngineMaterials/Substrate/Glints2/dict_0003_0161.uasset" 8762
"/Engine/EngineMaterials/Substrate/Glints2/dict_0003_0159" 8763
"/Engine/EngineMaterials/Substrate/Glints2/dict_0003_0160" 8764
"../../../Engine/Content/EngineMaterials/Substrate/Glints2/dict_0003_0152.uasset" 8765
"../../../Engine/Content/EngineMaterials/Substrate/Glints2/dict_0003_0148.uasset" 8766
"../../../Engine/Content/EngineMaterials/Substrate/Glints2/dict_0003_0150.uasset" 8767
"../../../Engine/Content/EngineMaterials/Substrate/Glints2/dict_0003_0153.uasset" 8768
"/Engine/EngineMaterials/Substrate/Glints2/dict_0003_0162" 8769
"/Engine/EngineMaterials/Substrate/Glints2/dict_0003_0170" 8770
"../../../Engine/Content/EngineMaterials/Substrate/Glints2/dict_0003_0149.uasset" 8771
"/Engine/EngineMaterials/Substrate/Glints2/dict_0003_0155" 8772
"/Engine/EngineMaterials/Substrate/Glints2/dict_0003_0156" 8773
"/Engine/EngineMaterials/Substrate/Glints2/dict_0003_0148" 8774
"/Engine/EngineMaterials/Substrate/Glints2/dict_0003_0149" 8775
"/Engine/EngineMaterials/Substrate/Glints2/dict_0003_0150" 8776
"/Engine/EngineMaterials/Substrate/Glints2/dict_0003_0152" 8777
"/Engine/EngineMaterials/Substrate/Glints2/dict_0003_0153" 8778
"/Engine/EngineMaterials/Substrate/Glints2/dict_0003_0161" 8779
"/Engine/EngineMaterials/Substrate/Glints2/dict_0003_0165" 8780
"/Engine/EngineMaterials/Substrate/Glints2/dict_0003_0154" 8781
"../../../Engine/Content/EngineMaterials/Substrate/Glints2/dict_0003_0146.uasset" 8782
"../../../Engine/Content/EngineMaterials/Substrate/Glints2/dict_0003_0151.uasset" 8783
"../../../Engine/Content/EngineMaterials/Substrate/Glints2/dict_0003_0147.uasset" 8784
"../../../Engine/Content/EngineMaterials/Substrate/Glints2/dict_0003_0145.uasset" 8785
"../../../Engine/Content/EngineMaterials/Substrate/Glints2/dict_0003_0139.uasset" 8786
"../../../Engine/Content/EngineMaterials/Substrate/Glints2/dict_0003_0143.uasset" 8787
"../../../Engine/Content/EngineMaterials/Substrate/Glints2/dict_0003_0141.uasset" 8788
"../../../Engine/Content/EngineMaterials/Substrate/Glints2/dict_0003_0140.uasset" 8789
"../../../Engine/Content/EngineMaterials/Substrate/Glints2/dict_0003_0142.uasset" 8790
"../../../Engine/Content/EngineMaterials/Substrate/Glints2/dict_0003_0144.uasset" 8791
"../../../Engine/Content/EngineMaterials/Substrate/Glints2/dict_0003_0138.uasset" 8792
"../../../Engine/Content/EngineMaterials/Substrate/Glints2/dict_0003_0135.uasset" 8793
"../../../Engine/Content/EngineMaterials/Substrate/Glints2/dict_0003_0136.uasset" 8794
"../../../Engine/Content/EngineMaterials/Substrate/Glints2/dict_0003_0134.uasset" 8795
"../../../Engine/Content/EngineMaterials/Substrate/Glints2/dict_0003_0131.uasset" 8796
"../../../Engine/Content/EngineMaterials/Substrate/Glints2/dict_0003_0130.uasset" 8797
"../../../Engine/Content/EngineMaterials/Substrate/Glints2/dict_0003_0133.uasset" 8798
"../../../Engine/Content/EngineMaterials/Substrate/Glints2/dict_0003_0132.uasset" 8799
"/Engine/EngineMaterials/Substrate/Glints2/dict_0003_0151" 8800
"/Engine/EngineMaterials/Substrate/Glints2/dict_0003_0139" 8801
"/Engine/EngineMaterials/Substrate/Glints2/dict_0003_0140" 8802
"/Engine/EngineMaterials/Substrate/Glints2/dict_0003_0135" 8803
"/Engine/EngineMaterials/Substrate/Glints2/dict_0003_0134" 8804
"/Engine/EngineMaterials/Substrate/Glints2/dict_0003_0138" 8805
"/Engine/EngineMaterials/Substrate/Glints2/dict_0003_0141" 8806
"/Engine/EngineMaterials/Substrate/Glints2/dict_0003_0130" 8807
"/Engine/EngineMaterials/Substrate/Glints2/dict_0003_0136" 8808
"/Engine/EngineMaterials/Substrate/Glints2/dict_0003_0131" 8809
"/Engine/EngineMaterials/Substrate/Glints2/dict_0003_0142" 8810
"/Engine/EngineMaterials/Substrate/Glints2/dict_0003_0143" 8811
"/Engine/EngineMaterials/Substrate/Glints2/dict_0003_0132" 8812
"../../../Engine/Content/EngineMaterials/Substrate/Glints2/dict_0003_0137.uasset" 8813
"/Engine/EngineMaterials/Substrate/Glints2/dict_0003_0144" 8814
"/Engine/EngineMaterials/Substrate/Glints2/dict_0003_0145" 8815
"/Engine/EngineMaterials/Substrate/Glints2/dict_0003_0133" 8816
"/Engine/EngineMaterials/Substrate/Glints2/dict_0003_0146" 8817
"/Engine/EngineMaterials/Substrate/Glints2/dict_0003_0147" 8818
"../../../Engine/Content/EngineMaterials/Substrate/Glints2/dict_0003_0123.uasset" 8819
"../../../Engine/Content/EngineMaterials/Substrate/Glints2/dict_0003_0125.uasset" 8820
"../../../Engine/Content/EngineMaterials/Substrate/Glints2/dict_0003_0124.uasset" 8821
"/Engine/EngineMaterials/Substrate/Glints2/dict_0003_0125" 8822
"../../../Engine/Content/EngineMaterials/Substrate/Glints2/dict_0003_0129.uasset" 8823
"../../../Engine/Content/EngineMaterials/Substrate/Glints2/dict_0003_0121.uasset" 8824
"../../../Engine/Content/EngineMaterials/Substrate/Glints2/dict_0003_0126.uasset" 8825
"/Engine/EngineMaterials/Substrate/Glints2/dict_0003_0123" 8826
"../../../Engine/Content/EngineMaterials/Substrate/Glints2/dict_0003_0122.uasset" 8827
"../../../Engine/Content/EngineMaterials/Substrate/Glints2/dict_0003_0128.uasset" 8828
"/Engine/EngineMaterials/Substrate/Glints2/dict_0003_0124" 8829
"/Engine/EngineMaterials/Substrate/Glints2/dict_0003_0137" 8830
"/Engine/EngineMaterials/Substrate/Glints2/dict_0003_0126" 8831
"/Engine/EngineMaterials/Substrate/Glints2/dict_0003_0121" 8832
"/Engine/EngineMaterials/Substrate/Glints2/dict_0003_0128" 8833
"/Engine/EngineMaterials/Substrate/Glints2/dict_0003_0129" 8834
"/Engine/EngineMaterials/Substrate/Glints2/dict_0003_0122" 8835
"../../../Engine/Content/EngineMaterials/Substrate/Glints2/dict_0003_0118.uasset" 8836
"../../../Engine/Content/EngineMaterials/Substrate/Glints2/dict_0003_0120.uasset" 8837
"../../../Engine/Content/EngineMaterials/Substrate/Glints2/dict_0003_0119.uasset" 8838
"../../../Engine/Content/EngineMaterials/Substrate/Glints2/dict_0003_0117.uasset" 8839
"../../../Engine/Content/EngineMaterials/Substrate/Glints2/dict_0003_0127.uasset" 8840
"../../../Engine/Content/EngineMaterials/Substrate/Glints2/dict_0003_0116.uasset" 8841
"../../../Engine/Content/EngineMaterials/Substrate/Glints2/dict_0003_0112.uasset" 8842
"../../../Engine/Content/EngineMaterials/Substrate/Glints2/dict_0003_0113.uasset" 8843
"../../../Engine/Content/EngineMaterials/Substrate/Glints2/dict_0003_0115.uasset" 8844
"../../../Engine/Content/EngineMaterials/Substrate/Glints2/dict_0003_0114.uasset" 8845
"../../../Engine/Content/EngineMaterials/Substrate/Glints2/dict_0003_0102.uasset" 8846
"../../../Engine/Content/EngineMaterials/Substrate/Glints2/dict_0003_0106.uasset" 8847
"../../../Engine/Content/EngineMaterials/Substrate/Glints2/dict_0003_0111.uasset" 8848
"../../../Engine/Content/EngineMaterials/Substrate/Glints2/dict_0003_0104.uasset" 8849
"/Engine/EngineMaterials/Substrate/Glints2/dict_0003_0117" 8850
"../../../Engine/Content/EngineMaterials/Substrate/Glints2/dict_0003_0105.uasset" 8851
"../../../Engine/Content/EngineMaterials/Substrate/Glints2/dict_0003_0108.uasset" 8852
"../../../Engine/Content/EngineMaterials/Substrate/Glints2/dict_0003_0109.uasset" 8853
"/Engine/EngineMaterials/Substrate/Glints2/dict_0003_0118" 8854
"/Engine/EngineMaterials/Substrate/Glints2/dict_0003_0119" 8855
"/Engine/EngineMaterials/Substrate/Glints2/dict_0003_0120" 8856
"/Engine/EngineMaterials/Substrate/Glints2/dict_0003_0127" 8857
"/Engine/EngineMaterials/Substrate/Glints2/dict_0003_0102" 8858
"/Engine/EngineMaterials/Substrate/Glints2/dict_0003_0104" 8859
"/Engine/EngineMaterials/Substrate/Glints2/dict_0003_0106" 8860
"/Engine/EngineMaterials/Substrate/Glints2/dict_0003_0111" 8861
"/Engine/EngineMaterials/Substrate/Glints2/dict_0003_0112" 8862
"/Engine/EngineMaterials/Substrate/Glints2/dict_0003_0113" 8863
"../../../Engine/Content/EngineMaterials/Substrate/Glints2/dict_0003_0103.uasset" 8864
"/Engine/EngineMaterials/Substrate/Glints2/dict_0003_0114" 8865
"/Engine/EngineMaterials/Substrate/Glints2/dict_0003_0115" 8866
"/Engine/EngineMaterials/Substrate/Glints2/dict_0003_0116" 8867
"/Engine/EngineMaterials/Substrate/Glints2/dict_0003_0103" 8868
"/Engine/EngineMaterials/Substrate/Glints2/dict_0003_0105" 8869
"/Engine/EngineMaterials/Substrate/Glints2/dict_0003_0108" 8870
"/Engine/EngineMaterials/Substrate/Glints2/dict_0003_0109" 8871
"../../../Engine/Content/EngineMaterials/Substrate/Glints2/dict_0003_0097.uasset" 8872
"../../../Engine/Content/EngineMaterials/Substrate/Glints2/dict_0003_0096.uasset" 8873
"/Engine/EngineMaterials/Substrate/Glints2/dict_0003_0096" 8874
"../../../Engine/Content/EngineMaterials/Substrate/Glints2/dict_0003_0100.uasset" 8875
"../../../Engine/Content/EngineMaterials/Substrate/Glints2/dict_0003_0101.uasset" 8876
"/Engine/EngineMaterials/Substrate/Glints2/dict_0003_0097" 8877
"../../../Engine/Content/EngineMaterials/Substrate/Glints2/dict_0003_0098.uasset" 8878
"../../../Engine/Content/EngineMaterials/Substrate/Glints2/dict_0003_0095.uasset" 8879
"../../../Engine/Content/EngineMaterials/Substrate/Glints2/dict_0003_0107.uasset" 8880
"/Engine/EngineMaterials/Substrate/Glints2/dict_0003_0095" 8881
"../../../Engine/Content/EngineMaterials/Substrate/Glints2/dict_0003_0099.uasset" 8882
"/Engine/EngineMaterials/Substrate/Glints2/dict_0003_0100" 8883
"/Engine/EngineMaterials/Substrate/Glints2/dict_0003_0101" 8884
"/Engine/EngineMaterials/Substrate/Glints2/dict_0003_0098" 8885
"../../../Engine/Content/EngineMaterials/Substrate/Glints2/dict_0003_0110.uasset" 8886
"/Engine/EngineMaterials/Substrate/Glints2/dict_0003_0099" 8887
"/Engine/EngineMaterials/Substrate/Glints2/dict_0003_0107" 8888
"/Engine/EngineMaterials/Substrate/Glints2/dict_0003_0110" 8889
"../../../Engine/Content/EngineMaterials/Substrate/Glints2/dict_0003_0091.uasset" 8890
"../../../Engine/Content/EngineMaterials/Substrate/Glints2/dict_0003_0090.uasset" 8891
"../../../Engine/Content/EngineMaterials/Substrate/Glints2/dict_0003_0093.uasset" 8892
"../../../Engine/Content/EngineMaterials/Substrate/Glints2/dict_0003_0089.uasset" 8893
"../../../Engine/Content/EngineMaterials/Substrate/Glints2/dict_0003_0087.uasset" 8894
"../../../Engine/Content/EngineMaterials/Substrate/Glints2/dict_0003_0094.uasset" 8895
"../../../Engine/Content/EngineMaterials/Substrate/Glints2/dict_0003_0086.uasset" 8896
"../../../Engine/Content/EngineMaterials/Substrate/Glints2/dict_0003_0085.uasset" 8897
"../../../Engine/Content/EngineMaterials/Substrate/Glints2/dict_0003_0081.uasset" 8898
"../../../Engine/Content/EngineMaterials/Substrate/Glints2/dict_0003_0088.uasset" 8899
"/Engine/EngineMaterials/Substrate/Glints2/dict_0003_0090" 8900
"../../../Engine/Content/EngineMaterials/Substrate/Glints2/dict_0003_0083.uasset" 8901
"../../../Engine/Content/EngineMaterials/Substrate/Glints2/dict_0003_0082.uasset" 8902
"../../../Engine/Content/EngineMaterials/Substrate/Glints2/dict_0003_0080.uasset" 8903
"/Engine/EngineMaterials/Substrate/Glints2/dict_0003_0091" 8904
"../../../Engine/Content/EngineMaterials/Substrate/Glints2/dict_0003_0078.uasset" 8905
"../../../Engine/Content/EngineMaterials/Substrate/Glints2/dict_0003_0084.uasset" 8906
"../../../Engine/Content/EngineMaterials/Substrate/Glints2/dict_0003_0092.uasset" 8907
"/Engine/EngineMaterials/Substrate/Glints2/dict_0003_0093" 8908
"/Engine/EngineMaterials/Substrate/Glints2/dict_0003_0094" 8909
"/Engine/EngineMaterials/Substrate/Glints2/dict_0003_0081" 8910
"/Engine/EngineMaterials/Substrate/Glints2/dict_0003_0085" 8911
"/Engine/EngineMaterials/Substrate/Glints2/dict_0003_0086" 8912
"/Engine/EngineMaterials/Substrate/Glints2/dict_0003_0087" 8913
"/Engine/EngineMaterials/Substrate/Glints2/dict_0003_0088" 8914
"/Engine/EngineMaterials/Substrate/Glints2/dict_0003_0089" 8915
"/Engine/EngineMaterials/Substrate/Glints2/dict_0003_0078" 8916
"/Engine/EngineMaterials/Substrate/Glints2/dict_0003_0080" 8917
"/Engine/EngineMaterials/Substrate/Glints2/dict_0003_0092" 8918
"/Engine/EngineMaterials/Substrate/Glints2/dict_0003_0082" 8919
"../../../Engine/Content/EngineMaterials/Substrate/Glints2/dict_0003_0077.uasset" 8920
"/Engine/EngineMaterials/Substrate/Glints2/dict_0003_0083" 8921
"/Engine/EngineMaterials/Substrate/Glints2/dict_0003_0084" 8922
"../../../Engine/Content/EngineMaterials/Substrate/Glints2/dict_0003_0071.uasset" 8923
"../../../Engine/Content/EngineMaterials/Substrate/Glints2/dict_0003_0076.uasset" 8924
"../../../Engine/Content/EngineMaterials/Substrate/Glints2/dict_0003_0072.uasset" 8925
"../../../Engine/Content/EngineMaterials/Substrate/Glints2/dict_0003_0075.uasset" 8926
"/Engine/EngineMaterials/Substrate/Glints2/dict_0003_0076" 8927
"../../../Engine/Content/EngineMaterials/Substrate/Glints2/dict_0003_0070.uasset" 8928
"/Engine/EngineMaterials/Substrate/Glints2/dict_0003_0077" 8929
"/Engine/EngineMaterials/Substrate/Glints2/dict_0003_0072" 8930
"/Engine/EngineMaterials/Substrate/Glints2/dict_0003_0071" 8931
"../../../Engine/Content/EngineMaterials/Substrate/Glints2/dict_0003_0073.uasset" 8932
"../../../Engine/Content/EngineMaterials/Substrate/Glints2/dict_0003_0069.uasset" 8933
"/Engine/EngineMaterials/Substrate/Glints2/dict_0003_0075" 8934
"../../../Engine/Content/EngineMaterials/Substrate/Glints2/dict_0003_0074.uasset" 8935
"/Engine/EngineMaterials/Substrate/Glints2/dict_0003_0070" 8936
"/Engine/EngineMaterials/Substrate/Glints2/dict_0003_0073" 8937
"/Engine/EngineMaterials/Substrate/Glints2/dict_0003_0074" 8938
"/Engine/EngineMaterials/Substrate/Glints2/dict_0003_0069" 8939
"../../../Engine/Content/EngineMaterials/Substrate/Glints2/dict_0003_0079.uasset" 8940
"../../../Engine/Content/EngineMaterials/Substrate/Glints2/dict_0003_0065.uasset" 8941
"../../../Engine/Content/EngineMaterials/Substrate/Glints2/dict_0003_0068.uasset" 8942
"../../../Engine/Content/EngineMaterials/Substrate/Glints2/dict_0003_0066.uasset" 8943
"../../../Engine/Content/EngineMaterials/Substrate/Glints2/dict_0003_0064.uasset" 8944
"../../../Engine/Content/EngineMaterials/Substrate/Glints2/dict_0003_0067.uasset" 8945
"../../../Engine/Content/EngineMaterials/Substrate/Glints2/dict_0003_0062.uasset" 8946
"../../../Engine/Content/EngineMaterials/Substrate/Glints2/dict_0003_0063.uasset" 8947
"../../../Engine/Content/EngineMaterials/Substrate/Glints2/dict_0003_0060.uasset" 8948
"../../../Engine/Content/EngineMaterials/Substrate/Glints2/dict_0003_0061.uasset" 8949
"/Engine/EngineMaterials/Substrate/Glints2/dict_0003_0066" 8950
"/Engine/EngineMaterials/Substrate/Glints2/dict_0003_0063" 8951
"/Engine/EngineMaterials/Substrate/Glints2/dict_0003_0079" 8952
"../../../Engine/Content/EngineMaterials/Substrate/Glints2/dict_0003_0055.uasset" 8953
"../../../Engine/Content/EngineMaterials/Substrate/Glints2/dict_0003_0059.uasset" 8954
"../../../Engine/Content/EngineMaterials/Substrate/Glints2/dict_0003_0058.uasset" 8955
"../../../Engine/Content/EngineMaterials/Substrate/Glints2/dict_0003_0056.uasset" 8956
"../../../Engine/Content/EngineMaterials/Substrate/Glints2/dict_0003_0053.uasset" 8957
"/Engine/EngineMaterials/Substrate/Glints2/dict_0003_0067" 8958
"../../../Engine/Content/EngineMaterials/Substrate/Glints2/dict_0003_0054.uasset" 8959
"../../../Engine/Content/EngineMaterials/Substrate/Glints2/dict_0003_0057.uasset" 8960
"/Engine/EngineMaterials/Substrate/Glints2/dict_0003_0068" 8961
"../../../Engine/Content/EngineMaterials/Substrate/Glints2/dict_0003_0052.uasset" 8962
"/Engine/EngineMaterials/Substrate/Glints2/dict_0003_0064" 8963
"/Engine/EngineMaterials/Substrate/Glints2/dict_0003_0065" 8964
"/Engine/EngineMaterials/Substrate/Glints2/dict_0003_0060" 8965
"/Engine/EngineMaterials/Substrate/Glints2/dict_0003_0061" 8966
"/Engine/EngineMaterials/Substrate/Glints2/dict_0003_0062" 8967
"/Engine/EngineMaterials/Substrate/Glints2/dict_0003_0053" 8968
"/Engine/EngineMaterials/Substrate/Glints2/dict_0003_0054" 8969
"/Engine/EngineMaterials/Substrate/Glints2/dict_0003_0055" 8970
"/Engine/EngineMaterials/Substrate/Glints2/dict_0003_0056" 8971
"/Engine/EngineMaterials/Substrate/Glints2/dict_0003_0057" 8972
"/Engine/EngineMaterials/Substrate/Glints2/dict_0003_0052" 8973
"/Engine/EngineMaterials/Substrate/Glints2/dict_0003_0058" 8974
"/Engine/EngineMaterials/Substrate/Glints2/dict_0003_0059" 8975
"../../../Engine/Content/EngineMaterials/Substrate/Glints2/dict_0003_0042.uasset" 8976
"../../../Engine/Content/EngineMaterials/Substrate/Glints2/dict_0003_0046.uasset" 8977
"../../../Engine/Content/EngineMaterials/Substrate/Glints2/dict_0003_0044.uasset" 8978
"../../../Engine/Content/EngineMaterials/Substrate/Glints2/dict_0003_0051.uasset" 8979
"../../../Engine/Content/EngineMaterials/Substrate/Glints2/dict_0003_0050.uasset" 8980
"../../../Engine/Content/EngineMaterials/Substrate/Glints2/dict_0003_0047.uasset" 8981
"../../../Engine/Content/EngineMaterials/Substrate/Glints2/dict_0003_0045.uasset" 8982
"../../../Engine/Content/EngineMaterials/Substrate/Glints2/dict_0003_0043.uasset" 8983
"../../../Engine/Content/EngineMaterials/Substrate/Glints2/dict_0003_0049.uasset" 8984
"../../../Engine/Content/EngineMaterials/Substrate/Glints2/dict_0003_0040.uasset" 8985
"../../../Engine/Content/EngineMaterials/Substrate/Glints2/dict_0003_0037.uasset" 8986
"../../../Engine/Content/EngineMaterials/Substrate/Glints2/dict_0003_0041.uasset" 8987
"/Engine/EngineMaterials/Substrate/Glints2/dict_0003_0042" 8988
"../../../Engine/Content/EngineMaterials/Substrate/Glints2/dict_0003_0034.uasset" 8989
"/Engine/EngineMaterials/Substrate/Glints2/dict_0003_0043" 8990
"../../../Engine/Content/EngineMaterials/Substrate/Glints2/dict_0003_0036.uasset" 8991
"../../../Engine/Content/EngineMaterials/Substrate/Glints2/dict_0003_0039.uasset" 8992
"/Engine/EngineMaterials/Substrate/Glints2/dict_0003_0047" 8993
"../../../Engine/Content/EngineMaterials/Substrate/Glints2/dict_0003_0033.uasset" 8994
"/Engine/EngineMaterials/Substrate/Glints2/dict_0003_0049" 8995
"/Engine/EngineMaterials/Substrate/Glints2/dict_0003_0044" 8996
"/Engine/EngineMaterials/Substrate/Glints2/dict_0003_0050" 8997
"../../../Engine/Content/EngineMaterials/Substrate/Glints2/dict_0003_0048.uasset" 8998
"/Engine/EngineMaterials/Substrate/Glints2/dict_0003_0051" 8999
"/Engine/EngineMaterials/Substrate/Glints2/dict_0003_0045" 9000
"/Engine/EngineMaterials/Substrate/Glints2/dict_0003_0040" 9001
"/Engine/EngineMaterials/Substrate/Glints2/dict_0003_0046" 9002
"/Engine/EngineMaterials/Substrate/Glints2/dict_0003_0041" 9003
"/Engine/EngineMaterials/Substrate/Glints2/dict_0003_0037" 9004
"/Engine/EngineMaterials/Substrate/Glints2/dict_0003_0048" 9005
"/Engine/EngineMaterials/Substrate/Glints2/dict_0003_0039" 9006
"/Engine/EngineMaterials/Substrate/Glints2/dict_0003_0033" 9007
"/Engine/EngineMaterials/Substrate/Glints2/dict_0003_0034" 9008
"../../../Engine/Content/EngineMaterials/Substrate/Glints2/dict_0003_0029.uasset" 9009
"../../../Engine/Content/EngineMaterials/Substrate/Glints2/dict_0003_0031.uasset" 9010
"/Engine/EngineMaterials/Substrate/Glints2/dict_0003_0036" 9011
"/Engine/EngineMaterials/Substrate/Glints2/dict_0003_0029" 9012
"../../../Engine/Content/EngineMaterials/Substrate/Glints2/dict_0003_0028.uasset" 9013
"/Engine/EngineMaterials/Substrate/Glints2/dict_0003_0031" 9014
"../../../Engine/Content/EngineMaterials/Substrate/Glints2/dict_0003_0032.uasset" 9015
"../../../Engine/Content/EngineMaterials/Substrate/Glints2/dict_0003_0030.uasset" 9016
"/Engine/EngineMaterials/Substrate/Glints2/dict_0003_0028" 9017
"../../../Engine/Content/EngineMaterials/Substrate/Glints2/dict_0003_0038.uasset" 9018
"../../../Engine/Content/EngineMaterials/Substrate/Glints2/dict_0003_0027.uasset" 9019
"/Engine/EngineMaterials/Substrate/Glints2/dict_0003_0032" 9020
"/Engine/EngineMaterials/Substrate/Glints2/dict_0003_0030" 9021
"/Engine/EngineMaterials/Substrate/Glints2/dict_0003_0038" 9022
"/Engine/EngineMaterials/Substrate/Glints2/dict_0003_0027" 9023
"../../../Engine/Content/EngineMaterials/Substrate/Glints2/dict_0003_0026.uasset" 9024
"../../../Engine/Content/EngineMaterials/Substrate/Glints2/dict_0003_0025.uasset" 9025
"../../../Engine/Content/EngineMaterials/Substrate/Glints2/dict_0003_0023.uasset" 9026
"../../../Engine/Content/EngineMaterials/Substrate/Glints2/dict_0003_0024.uasset" 9027
"../../../Engine/Content/EngineMaterials/Substrate/Glints2/dict_0003_0021.uasset" 9028
"../../../Engine/Content/EngineMaterials/Substrate/Glints2/dict_0003_0020.uasset" 9029
"../../../Engine/Content/EngineMaterials/Substrate/Glints2/dict_0003_0022.uasset" 9030
"../../../Engine/Content/EngineMaterials/Substrate/Glints2/dict_0003_0018.uasset" 9031
"../../../Engine/Content/EngineMaterials/Substrate/Glints2/dict_0003_0035.uasset" 9032
"../../../Engine/Content/EngineMaterials/Substrate/Glints2/dict_0003_0017.uasset" 9033
"../../../Engine/Content/EngineMaterials/Substrate/Glints2/dict_0003_0019.uasset" 9034
"../../../Engine/Content/EngineMaterials/Substrate/Glints2/dict_0003_0016.uasset" 9035
"/Engine/EngineMaterials/Substrate/Glints2/dict_0003_0020" 9036
"/Engine/EngineMaterials/Substrate/Glints2/dict_0003_0021" 9037
"../../../Engine/Content/EngineMaterials/Substrate/Glints2/dict_0003_0015.uasset" 9038
"../../../Engine/Content/EngineMaterials/Substrate/Glints2/dict_0003_0012.uasset" 9039
"/Engine/EngineMaterials/Substrate/Glints2/dict_0003_0022" 9040
"../../../Engine/Content/EngineMaterials/Substrate/Glints2/dict_0003_0011.uasset" 9041
"/Engine/EngineMaterials/Substrate/Glints2/dict_0003_0023" 9042
"../../../Engine/Content/EngineMaterials/Substrate/Glints2/dict_0003_0014.uasset" 9043
"/Engine/EngineMaterials/Substrate/Glints2/dict_0003_0024" 9044
"../../../Engine/Content/EngineMaterials/Substrate/Glints2/dict_0003_0013.uasset" 9045
"/Engine/EngineMaterials/Substrate/Glints2/dict_0003_0016" 9046
"/Engine/EngineMaterials/Substrate/Glints2/dict_0003_0017" 9047
"/Engine/EngineMaterials/Substrate/Glints2/dict_0003_0018" 9048
"/Engine/EngineMaterials/Substrate/Glints2/dict_0003_0025" 9049
"../../../Engine/Content/EngineMaterials/Substrate/Glints2/dict_0003_0010.uasset" 9050
"/Engine/EngineMaterials/Substrate/Glints2/dict_0003_0026" 9051
"../../../Engine/Content/EngineMaterials/Substrate/Glints2/dict_0003_0008.uasset" 9052
"/Engine/EngineMaterials/Substrate/Glints2/dict_0003_0035" 9053
"/Engine/EngineMaterials/Substrate/Glints2/dict_0003_0019" 9054
"/Engine/EngineMaterials/Substrate/Glints2/dict_0003_0008" 9055
"/Engine/EngineMaterials/Substrate/Glints2/dict_0003_0010" 9056
"/Engine/EngineMaterials/Substrate/Glints2/dict_0003_0011" 9057
"/Engine/EngineMaterials/Substrate/Glints2/dict_0003_0012" 9058
"/Engine/EngineMaterials/Substrate/Glints2/dict_0003_0013" 9059
"/Engine/EngineMaterials/Substrate/Glints2/dict_0003_0014" 9060
"/Engine/EngineMaterials/Substrate/Glints2/dict_0003_0015" 9061
"../../../Engine/Content/EngineMaterials/Substrate/Glints2/dict_0003_0009.uasset" 9062
"../../../Engine/Content/EngineMaterials/Substrate/Glints2/dict_0003_0003.uasset" 9063
"../../../Engine/Content/EngineMaterials/Substrate/Glints2/dict_0003_0007.uasset" 9064
"../../../Engine/Content/EngineMaterials/Substrate/Glints2/dict_0003_0004.uasset" 9065
"/Engine/EngineMaterials/Substrate/Glints2/dict_0003_0009" 9066
"../../../Engine/Content/EngineMaterials/Substrate/Glints2/dict_0003_0006.uasset" 9067
"/Engine/EngineMaterials/Substrate/Glints2/dict_0003_0003" 9068
"/Engine/EngineMaterials/Substrate/Glints2/dict_0003_0007" 9069
"../../../Engine/Content/EngineMaterials/Substrate/Glints2/dict_0003_0001.uasset" 9070
"../../../Engine/Content/EngineMaterials/Substrate/Glints2/dict_0003_0005.uasset" 9071
"/Engine/EngineMaterials/Substrate/Glints2/dict_0003_0001" 9072
"/Engine/EngineMaterials/Substrate/Glints2/dict_0003_0004" 9073
"../../../Engine/Content/EngineMaterials/Substrate/Glints2/dict_0003_0002.uasset" 9074
"/Engine/EngineMaterials/Substrate/Glints2/dict_0003_0006" 9075
"/Engine/EngineMaterials/Substrate/Glints2/dict_0003_0002" 9076
"/Engine/EngineMaterials/Substrate/Glints2/dict_0003_0005" 9077
"../../../Engine/Content/EngineMaterials/Substrate/Glints2/dict_0002_0255.uasset" 9078
"/Engine/EngineMaterials/Substrate/Glints2/dict_0002_0255" 9079
"../../../Engine/Content/EngineMaterials/Substrate/Glints2/dict_0002_0249.uasset" 9080
"../../../Engine/Content/EngineMaterials/Substrate/Glints2/dict_0002_0253.uasset" 9081
"../../../Engine/Content/EngineMaterials/Substrate/Glints2/dict_0002_0248.uasset" 9082
"../../../Engine/Content/EngineMaterials/Substrate/Glints2/dict_0002_0250.uasset" 9083
"../../../Engine/Content/EngineMaterials/Substrate/Glints2/dict_0002_0247.uasset" 9084
"../../../Engine/Content/EngineMaterials/Substrate/Glints2/dict_0003_0000.uasset" 9085
"../../../Engine/Content/EngineMaterials/Substrate/Glints2/dict_0002_0251.uasset" 9086
"../../../Engine/Content/EngineMaterials/Substrate/Glints2/dict_0002_0254.uasset" 9087
"../../../Engine/Content/EngineMaterials/Substrate/Glints2/dict_0002_0246.uasset" 9088
"/Engine/EngineMaterials/Substrate/Glints2/dict_0003_0000" 9089
"/Engine/EngineMaterials/Substrate/Glints2/dict_0002_0253" 9090
"../../../Engine/Content/EngineMaterials/Substrate/Glints2/dict_0002_0243.uasset" 9091
"/Engine/EngineMaterials/Substrate/Glints2/dict_0002_0246" 9092
"/Engine/EngineMaterials/Substrate/Glints2/dict_0002_0247" 9093
"../../../Engine/Content/EngineMaterials/Substrate/Glints2/dict_0002_0241.uasset" 9094
"../../../Engine/Content/EngineMaterials/Substrate/Glints2/dict_0002_0245.uasset" 9095
"/Engine/EngineMaterials/Substrate/Glints2/dict_0002_0248" 9096
"../../../Engine/Content/EngineMaterials/Substrate/Glints2/dict_0002_0244.uasset" 9097
"/Engine/EngineMaterials/Substrate/Glints2/dict_0002_0249" 9098
"../../../Engine/Content/EngineMaterials/Substrate/Glints2/dict_0002_0242.uasset" 9099
"/Engine/EngineMaterials/Substrate/Glints2/dict_0002_0254" 9100
"/Engine/EngineMaterials/Substrate/Glints2/dict_0002_0250" 9101
"/Engine/EngineMaterials/Substrate/Glints2/dict_0002_0251" 9102
"../../../Engine/Content/EngineMaterials/Substrate/Glints2/dict_0002_0237.uasset" 9103
"../../../Engine/Content/EngineMaterials/Substrate/Glints2/dict_0002_0252.uasset" 9104
"../../../Engine/Content/EngineMaterials/Substrate/Glints2/dict_0002_0240.uasset" 9105
"/Engine/EngineMaterials/Substrate/Glints2/dict_0002_0241" 9106
"/Engine/EngineMaterials/Substrate/Glints2/dict_0002_0242" 9107
"/Engine/EngineMaterials/Substrate/Glints2/dict_0002_0243" 9108
"/Engine/EngineMaterials/Substrate/Glints2/dict_0002_0244" 9109
"/Engine/EngineMaterials/Substrate/Glints2/dict_0002_0237" 9110
"/Engine/EngineMaterials/Substrate/Glints2/dict_0002_0245" 9111
"/Engine/EngineMaterials/Substrate/Glints2/dict_0002_0252" 9112
"/Engine/EngineMaterials/Substrate/Glints2/dict_0002_0240" 9113
"../../../Engine/Content/EngineMaterials/Substrate/Glints2/dict_0002_0235.uasset" 9114
"../../../Engine/Content/EngineMaterials/Substrate/Glints2/dict_0002_0234.uasset" 9115
"../../../Engine/Content/EngineMaterials/Substrate/Glints2/dict_0002_0236.uasset" 9116
"../../../Engine/Content/EngineMaterials/Substrate/Glints2/dict_0002_0238.uasset" 9117
"../../../Engine/Content/EngineMaterials/Substrate/Glints2/dict_0002_0239.uasset" 9118
"../../../Engine/Content/EngineMaterials/Substrate/Glints2/dict_0002_0233.uasset" 9119
"../../../Engine/Content/EngineMaterials/Substrate/Glints2/dict_0002_0232.uasset" 9120
"../../../Engine/Content/EngineMaterials/Substrate/Glints2/dict_0002_0230.uasset" 9121
"../../../Engine/Content/EngineMaterials/Substrate/Glints2/dict_0002_0231.uasset" 9122
"../../../Engine/Content/EngineMaterials/Substrate/Glints2/dict_0002_0229.uasset" 9123
"../../../Engine/Content/EngineMaterials/Substrate/Glints2/dict_0002_0227.uasset" 9124
"../../../Engine/Content/EngineMaterials/Substrate/Glints2/dict_0002_0224.uasset" 9125
"../../../Engine/Content/EngineMaterials/Substrate/Glints2/dict_0002_0228.uasset" 9126
"../../../Engine/Content/EngineMaterials/Substrate/Glints2/dict_0002_0223.uasset" 9127
"/Engine/EngineMaterials/Substrate/Glints2/dict_0002_0233" 9128
"/Engine/EngineMaterials/Substrate/Glints2/dict_0002_0230" 9129
"../../../Engine/Content/EngineMaterials/Substrate/Glints2/dict_0002_0226.uasset" 9130
"/Engine/EngineMaterials/Substrate/Glints2/dict_0002_0224" 9131
"/Engine/EngineMaterials/Substrate/Glints2/dict_0002_0234" 9132
"/Engine/EngineMaterials/Substrate/Glints2/dict_0002_0227" 9133
"/Engine/EngineMaterials/Substrate/Glints2/dict_0002_0231" 9134
"/Engine/EngineMaterials/Substrate/Glints2/dict_0002_0235" 9135
"/Engine/EngineMaterials/Substrate/Glints2/dict_0002_0236" 9136
"/Engine/EngineMaterials/Substrate/Glints2/dict_0002_0228" 9137
"/Engine/EngineMaterials/Substrate/Glints2/dict_0002_0238" 9138
"/Engine/EngineMaterials/Substrate/Glints2/dict_0002_0239" 9139
"/Engine/EngineMaterials/Substrate/Glints2/dict_0002_0229" 9140
"../../../Engine/Content/EngineMaterials/Substrate/Glints2/dict_0002_0221.uasset" 9141
"../../../Engine/Content/EngineMaterials/Substrate/Glints2/dict_0002_0220.uasset" 9142
"/Engine/EngineMaterials/Substrate/Glints2/dict_0002_0232" 9143
"../../../Engine/Content/EngineMaterials/Substrate/Glints2/dict_0002_0225.uasset" 9144
"../../../Engine/Content/EngineMaterials/Substrate/Glints2/dict_0002_0216.uasset" 9145
"/Engine/EngineMaterials/Substrate/Glints2/dict_0002_0223" 9146
"../../../Engine/Content/EngineMaterials/Substrate/Glints2/dict_0002_0215.uasset" 9147
"/Engine/EngineMaterials/Substrate/Glints2/dict_0002_0225" 9148
"/Engine/EngineMaterials/Substrate/Glints2/dict_0002_0215" 9149
"/Engine/EngineMaterials/Substrate/Glints2/dict_0002_0216" 9150
"../../../Engine/Content/EngineMaterials/Substrate/Glints2/dict_0002_0217.uasset" 9151
"/Engine/EngineMaterials/Substrate/Glints2/dict_0002_0226" 9152
"/Engine/EngineMaterials/Substrate/Glints2/dict_0002_0220" 9153
"../../../Engine/Content/EngineMaterials/Substrate/Glints2/dict_0002_0214.uasset" 9154
"/Engine/EngineMaterials/Substrate/Glints2/dict_0002_0221" 9155
"../../../Engine/Content/EngineMaterials/Substrate/Glints2/dict_0002_0222.uasset" 9156
"/Engine/EngineMaterials/Substrate/Glints2/dict_0002_0214" 9157
"/Engine/EngineMaterials/Substrate/Glints2/dict_0002_0217" 9158
"../../../Engine/Content/EngineMaterials/Substrate/Glints2/dict_0002_0219.uasset" 9159
"../../../Engine/Content/EngineMaterials/Substrate/Glints2/dict_0002_0218.uasset" 9160
"/Engine/EngineMaterials/Substrate/Glints2/dict_0002_0222" 9161
"../../../Engine/Content/EngineMaterials/Substrate/Glints2/dict_0002_0213.uasset" 9162
"../../../Engine/Content/EngineMaterials/Substrate/Glints2/dict_0002_0212.uasset" 9163
"../../../Engine/Content/EngineMaterials/Substrate/Glints2/dict_0002_0209.uasset" 9164
"/Engine/EngineMaterials/Substrate/Glints2/dict_0002_0212" 9165
"../../../Engine/Content/EngineMaterials/Substrate/Glints2/dict_0002_0210.uasset" 9166
"/Engine/EngineMaterials/Substrate/Glints2/dict_0002_0213" 9167
"../../../Engine/Content/EngineMaterials/Substrate/Glints2/dict_0002_0211.uasset" 9168
"/Engine/EngineMaterials/Substrate/Glints2/dict_0002_0218" 9169
"../../../Engine/Content/EngineMaterials/Substrate/Glints2/dict_0002_0208.uasset" 9170
"../../../Engine/Content/EngineMaterials/Substrate/Glints2/dict_0002_0207.uasset" 9171
"/Engine/EngineMaterials/Substrate/Glints2/dict_0002_0219" 9172
"/Engine/EngineMaterials/Substrate/Glints2/dict_0002_0207" 9173
"/Engine/EngineMaterials/Substrate/Glints2/dict_0002_0208" 9174
"/Engine/EngineMaterials/Substrate/Glints2/dict_0002_0209" 9175
"/Engine/EngineMaterials/Substrate/Glints2/dict_0002_0210" 9176
"/Engine/EngineMaterials/Substrate/Glints2/dict_0002_0211" 9177
"../../../Engine/Content/EngineMaterials/Substrate/Glints2/dict_0002_0206.uasset" 9178
"/Engine/EngineMaterials/Substrate/Glints2/dict_0002_0206" 9179
"../../../Engine/Content/EngineMaterials/Substrate/Glints2/dict_0002_0201.uasset" 9180
"/Engine/EngineMaterials/Substrate/Glints2/dict_0002_0201" 9181
"../../../Engine/Content/EngineMaterials/Substrate/Glints2/dict_0002_0202.uasset" 9182
"../../../Engine/Content/EngineMaterials/Substrate/Glints2/dict_0002_0203.uasset" 9183
"../../../Engine/Content/EngineMaterials/Substrate/Glints2/dict_0002_0205.uasset" 9184
"../../../Engine/Content/EngineMaterials/Substrate/Glints2/dict_0002_0200.uasset" 9185
"../../../Engine/Content/EngineMaterials/Substrate/Glints2/dict_0002_0197.uasset" 9186
"../../../Engine/Content/EngineMaterials/Substrate/Glints2/dict_0002_0198.uasset" 9187
"../../../Engine/Content/EngineMaterials/Substrate/Glints2/dict_0002_0204.uasset" 9188
"../../../Engine/Content/EngineMaterials/Substrate/Glints2/dict_0002_0196.uasset" 9189
"../../../Engine/Content/EngineMaterials/Substrate/Glints2/dict_0002_0195.uasset" 9190
"../../../Engine/Content/EngineMaterials/Substrate/Glints2/dict_0002_0194.uasset" 9191
"../../../Engine/Content/EngineMaterials/Substrate/Glints2/dict_0002_0193.uasset" 9192
"../../../Engine/Content/EngineMaterials/Substrate/Glints2/dict_0002_0192.uasset" 9193
"../../../Engine/Content/EngineMaterials/Substrate/Glints2/dict_0002_0191.uasset" 9194
"/Engine/EngineMaterials/Substrate/Glints2/dict_0002_0193" 9195
"/Engine/EngineMaterials/Substrate/Glints2/dict_0002_0194" 9196
"/Engine/EngineMaterials/Substrate/Glints2/dict_0002_0195" 9197
"/Engine/EngineMaterials/Substrate/Glints2/dict_0002_0196" 9198
"../../../Engine/Content/EngineMaterials/Substrate/Glints2/dict_0002_0189.uasset" 9199
"/Engine/EngineMaterials/Substrate/Glints2/dict_0002_0197" 9200
"../../../Engine/Content/EngineMaterials/Substrate/Glints2/dict_0002_0199.uasset" 9201
"../../../Engine/Content/EngineMaterials/Substrate/Glints2/dict_0002_0190.uasset" 9202
"/Engine/EngineMaterials/Substrate/Glints2/dict_0002_0198" 9203
"/Engine/EngineMaterials/Substrate/Glints2/dict_0002_0200" 9204
"/Engine/EngineMaterials/Substrate/Glints2/dict_0002_0202" 9205
"/Engine/EngineMaterials/Substrate/Glints2/dict_0002_0203" 9206
"/Engine/EngineMaterials/Substrate/Glints2/dict_0002_0204" 9207
"../../../Engine/Content/EngineMaterials/Substrate/Glints2/dict_0002_0186.uasset" 9208
"/Engine/EngineMaterials/Substrate/Glints2/dict_0002_0191" 9209
"../../../Engine/Content/EngineMaterials/Substrate/Glints2/dict_0002_0187.uasset" 9210
"/Engine/EngineMaterials/Substrate/Glints2/dict_0002_0192" 9211
"/Engine/EngineMaterials/Substrate/Glints2/dict_0002_0205" 9212
"../../../Engine/Content/EngineMaterials/Substrate/Glints2/dict_0002_0185.uasset" 9213
"/Engine/EngineMaterials/Substrate/Glints2/dict_0002_0187" 9214
"../../../Engine/Content/EngineMaterials/Substrate/Glints2/dict_0002_0184.uasset" 9215
"/Engine/EngineMaterials/Substrate/Glints2/dict_0002_0199" 9216
"/Engine/EngineMaterials/Substrate/Glints2/dict_0002_0189" 9217
"/Engine/EngineMaterials/Substrate/Glints2/dict_0002_0190" 9218
"/Engine/EngineMaterials/Substrate/Glints2/dict_0002_0185" 9219
"../../../Engine/Content/EngineMaterials/Substrate/Glints2/dict_0002_0188.uasset" 9220
"../../../Engine/Content/EngineMaterials/Substrate/Glints2/dict_0002_0182.uasset" 9221
"/Engine/EngineMaterials/Substrate/Glints2/dict_0002_0186" 9222
"/Engine/EngineMaterials/Substrate/Glints2/dict_0002_0188" 9223
"/Engine/EngineMaterials/Substrate/Glints2/dict_0002_0184" 9224
"/Engine/EngineMaterials/Substrate/Glints2/dict_0002_0182" 9225
"../../../Engine/Content/EngineMaterials/Substrate/Glints2/dict_0002_0179.uasset" 9226
"../../../Engine/Content/EngineMaterials/Substrate/Glints2/dict_0002_0181.uasset" 9227
"../../../Engine/Content/EngineMaterials/Substrate/Glints2/dict_0002_0183.uasset" 9228
"../../../Engine/Content/EngineMaterials/Substrate/Glints2/dict_0002_0180.uasset" 9229
"../../../Engine/Content/EngineMaterials/Substrate/Glints2/dict_0002_0177.uasset" 9230
"../../../Engine/Content/EngineMaterials/Substrate/Glints2/dict_0002_0176.uasset" 9231
"../../../Engine/Content/EngineMaterials/Substrate/Glints2/dict_0002_0175.uasset" 9232
"../../../Engine/Content/EngineMaterials/Substrate/Glints2/dict_0002_0178.uasset" 9233
"../../../Engine/Content/EngineMaterials/Substrate/Glints2/dict_0002_0173.uasset" 9234
"../../../Engine/Content/EngineMaterials/Substrate/Glints2/dict_0002_0174.uasset" 9235
"../../../Engine/Content/EngineMaterials/Substrate/Glints2/dict_0002_0172.uasset" 9236
"../../../Engine/Content/EngineMaterials/Substrate/Glints2/dict_0002_0168.uasset" 9237
"../../../Engine/Content/EngineMaterials/Substrate/Glints2/dict_0002_0171.uasset" 9238
"../../../Engine/Content/EngineMaterials/Substrate/Glints2/dict_0002_0167.uasset" 9239
"../../../Engine/Content/EngineMaterials/Substrate/Glints2/dict_0002_0166.uasset" 9240
"/Engine/EngineMaterials/Substrate/Glints2/dict_0002_0175" 9241
"../../../Engine/Content/EngineMaterials/Substrate/Glints2/dict_0002_0170.uasset" 9242
"../../../Engine/Content/EngineMaterials/Substrate/Glints2/dict_0002_0169.uasset" 9243
"/Engine/EngineMaterials/Substrate/Glints2/dict_0002_0176" 9244
"/Engine/EngineMaterials/Substrate/Glints2/dict_0002_0177" 9245
"/Engine/EngineMaterials/Substrate/Glints2/dict_0002_0178" 9246
"/Engine/EngineMaterials/Substrate/Glints2/dict_0002_0179" 9247
"/Engine/EngineMaterials/Substrate/Glints2/dict_0002_0180" 9248
"/Engine/EngineMaterials/Substrate/Glints2/dict_0002_0166" 9249
"/Engine/EngineMaterials/Substrate/Glints2/dict_0002_0181" 9250
"../../../Engine/Content/EngineMaterials/Substrate/Glints2/dict_0002_0165.uasset" 9251
"/Engine/EngineMaterials/Substrate/Glints2/dict_0002_0173" 9252
"/Engine/EngineMaterials/Substrate/Glints2/dict_0002_0167" 9253
"/Engine/EngineMaterials/Substrate/Glints2/dict_0002_0168" 9254
"/Engine/EngineMaterials/Substrate/Glints2/dict_0002_0183" 9255
"/Engine/EngineMaterials/Substrate/Glints2/dict_0002_0171" 9256
"../../../Engine/Content/EngineMaterials/Substrate/Glints2/dict_0002_0164.uasset" 9257
"../../../Engine/Content/EngineMaterials/Substrate/Glints2/dict_0002_0161.uasset" 9258
"../../../Engine/Content/EngineMaterials/Substrate/Glints2/dict_0002_0162.uasset" 9259
"/Engine/EngineMaterials/Substrate/Glints2/dict_0002_0172" 9260
"/Engine/EngineMaterials/Substrate/Glints2/dict_0002_0174" 9261
"../../../Engine/Content/EngineMaterials/Substrate/Glints2/dict_0002_0163.uasset" 9262
"../../../Engine/Content/EngineMaterials/Substrate/Glints2/dict_0002_0159.uasset" 9263
"../../../Engine/Content/EngineMaterials/Substrate/Glints2/dict_0002_0158.uasset" 9264
"/Engine/EngineMaterials/Substrate/Glints2/dict_0002_0161" 9265
"../../../Engine/Content/EngineMaterials/Substrate/Glints2/dict_0002_0156.uasset" 9266
"/Engine/EngineMaterials/Substrate/Glints2/dict_0002_0162" 9267
"/Engine/EngineMaterials/Substrate/Glints2/dict_0002_0163" 9268
"/Engine/EngineMaterials/Substrate/Glints2/dict_0002_0164" 9269
"/Engine/EngineMaterials/Substrate/Glints2/dict_0002_0165" 9270
"../../../Engine/Content/EngineMaterials/Substrate/Glints2/dict_0002_0160.uasset" 9271
"/Engine/EngineMaterials/Substrate/Glints2/dict_0002_0169" 9272
"/Engine/EngineMaterials/Substrate/Glints2/dict_0002_0170" 9273
"/Engine/EngineMaterials/Substrate/Glints2/dict_0002_0159" 9274
"../../../Engine/Content/EngineMaterials/Substrate/Glints2/dict_0002_0157.uasset" 9275
"/Engine/EngineMaterials/Substrate/Glints2/dict_0002_0160" 9276
"/Engine/EngineMaterials/Substrate/Glints2/dict_0002_0156" 9277
"/Engine/EngineMaterials/Substrate/Glints2/dict_0002_0157" 9278
"/Engine/EngineMaterials/Substrate/Glints2/dict_0002_0158" 9279
"../../../Engine/Content/EngineMaterials/Substrate/Glints2/dict_0002_0155.uasset" 9280
"../../../Engine/Content/EngineMaterials/Substrate/Glints2/dict_0002_0152.uasset" 9281
"../../../Engine/Content/EngineMaterials/Substrate/Glints2/dict_0002_0150.uasset" 9282
"../../../Engine/Content/EngineMaterials/Substrate/Glints2/dict_0002_0154.uasset" 9283
"../../../Engine/Content/EngineMaterials/Substrate/Glints2/dict_0002_0149.uasset" 9284
"../../../Engine/Content/EngineMaterials/Substrate/Glints2/dict_0002_0151.uasset" 9285
"../../../Engine/Content/EngineMaterials/Substrate/Glints2/dict_0002_0148.uasset" 9286
"../../../Engine/Content/EngineMaterials/Substrate/Glints2/dict_0002_0147.uasset" 9287
"../../../Engine/Content/EngineMaterials/Substrate/Glints2/dict_0002_0146.uasset" 9288
"../../../Engine/Content/EngineMaterials/Substrate/Glints2/dict_0002_0145.uasset" 9289
"../../../Engine/Content/EngineMaterials/Substrate/Glints2/dict_0002_0142.uasset" 9290
"../../../Engine/Content/EngineMaterials/Substrate/Glints2/dict_0002_0143.uasset" 9291
"../../../Engine/Content/EngineMaterials/Substrate/Glints2/dict_0002_0153.uasset" 9292
"../../../Engine/Content/EngineMaterials/Substrate/Glints2/dict_0002_0144.uasset" 9293
"../../../Engine/Content/EngineMaterials/Substrate/Glints2/dict_0002_0141.uasset" 9294
"../../../Engine/Content/EngineMaterials/Substrate/Glints2/dict_0002_0139.uasset" 9295
"/Engine/EngineMaterials/Substrate/Glints2/dict_0002_0154" 9296
"/Engine/EngineMaterials/Substrate/Glints2/dict_0002_0151" 9297
"/Engine/EngineMaterials/Substrate/Glints2/dict_0002_0155" 9298
"/Engine/EngineMaterials/Substrate/Glints2/dict_0002_0139" 9299
"/Engine/EngineMaterials/Substrate/Glints2/dict_0002_0141" 9300
"/Engine/EngineMaterials/Substrate/Glints2/dict_0002_0142" 9301
"/Engine/EngineMaterials/Substrate/Glints2/dict_0002_0143" 9302
"/Engine/EngineMaterials/Substrate/Glints2/dict_0002_0144" 9303
"../../../Engine/Content/EngineMaterials/Substrate/Glints2/dict_0002_0138.uasset" 9304
"/Engine/EngineMaterials/Substrate/Glints2/dict_0002_0145" 9305
"/Engine/EngineMaterials/Substrate/Glints2/dict_0002_0146" 9306
"../../../Engine/Content/EngineMaterials/Substrate/Glints2/dict_0002_0140.uasset" 9307
"/Engine/EngineMaterials/Substrate/Glints2/dict_0002_0152" 9308
"/Engine/EngineMaterials/Substrate/Glints2/dict_0002_0153" 9309
"/Engine/EngineMaterials/Substrate/Glints2/dict_0002_0147" 9310
"/Engine/EngineMaterials/Substrate/Glints2/dict_0002_0148" 9311
"/Engine/EngineMaterials/Substrate/Glints2/dict_0002_0149" 9312
"/Engine/EngineMaterials/Substrate/Glints2/dict_0002_0150" 9313
"../../../Engine/Content/EngineMaterials/Substrate/Glints2/dict_0002_0132.uasset" 9314
"/Engine/EngineMaterials/Substrate/Glints2/dict_0002_0138" 9315
"../../../Engine/Content/EngineMaterials/Substrate/Glints2/dict_0002_0133.uasset" 9316
"../../../Engine/Content/EngineMaterials/Substrate/Glints2/dict_0002_0135.uasset" 9317
"../../../Engine/Content/EngineMaterials/Substrate/Glints2/dict_0002_0131.uasset" 9318
"/Engine/EngineMaterials/Substrate/Glints2/dict_0002_0132" 9319
"../../../Engine/Content/EngineMaterials/Substrate/Glints2/dict_0002_0136.uasset" 9320
"/Engine/EngineMaterials/Substrate/Glints2/dict_0002_0140" 9321
"/Engine/EngineMaterials/Substrate/Glints2/dict_0002_0131" 9322
"/Engine/EngineMaterials/Substrate/Glints2/dict_0002_0136" 9323
"../../../Engine/Content/EngineMaterials/Substrate/Glints2/dict_0002_0134.uasset" 9324
"/Engine/EngineMaterials/Substrate/Glints2/dict_0002_0133" 9325
"/Engine/EngineMaterials/Substrate/Glints2/dict_0002_0135" 9326
"/Engine/EngineMaterials/Substrate/Glints2/dict_0002_0134" 9327
"../../../Engine/Content/EngineMaterials/Substrate/Glints2/dict_0002_0130.uasset" 9328
"../../../Engine/Content/EngineMaterials/Substrate/Glints2/dict_0002_0128.uasset" 9329
"../../../Engine/Content/EngineMaterials/Substrate/Glints2/dict_0002_0129.uasset" 9330
"../../../Engine/Content/EngineMaterials/Substrate/Glints2/dict_0002_0127.uasset" 9331
"../../../Engine/Content/EngineMaterials/Substrate/Glints2/dict_0002_0124.uasset" 9332
"../../../Engine/Content/EngineMaterials/Substrate/Glints2/dict_0002_0126.uasset" 9333
"../../../Engine/Content/EngineMaterials/Substrate/Glints2/dict_0002_0125.uasset" 9334
"../../../Engine/Content/EngineMaterials/Substrate/Glints2/dict_0002_0123.uasset" 9335
"../../../Engine/Content/EngineMaterials/Substrate/Glints2/dict_0002_0121.uasset" 9336
"../../../Engine/Content/EngineMaterials/Substrate/Glints2/dict_0002_0122.uasset" 9337
"../../../Engine/Content/EngineMaterials/Substrate/Glints2/dict_0002_0137.uasset" 9338
"../../../Engine/Content/EngineMaterials/Substrate/Glints2/dict_0002_0120.uasset" 9339
"/Engine/EngineMaterials/Substrate/Glints2/dict_0002_0124" 9340
"../../../Engine/Content/EngineMaterials/Substrate/Glints2/dict_0002_0119.uasset" 9341
"../../../Engine/Content/EngineMaterials/Substrate/Glints2/dict_0002_0116.uasset" 9342
"../../../Engine/Content/EngineMaterials/Substrate/Glints2/dict_0002_0114.uasset" 9343
"../../../Engine/Content/EngineMaterials/Substrate/Glints2/dict_0002_0118.uasset" 9344
"/Engine/EngineMaterials/Substrate/Glints2/dict_0002_0128" 9345
"../../../Engine/Content/EngineMaterials/Substrate/Glints2/dict_0002_0117.uasset" 9346
"/Engine/EngineMaterials/Substrate/Glints2/dict_0002_0129" 9347
"/Engine/EngineMaterials/Substrate/Glints2/dict_0002_0130" 9348
"../../../Engine/Content/EngineMaterials/Substrate/Glints2/dict_0002_0115.uasset" 9349
"/Engine/EngineMaterials/Substrate/Glints2/dict_0002_0125" 9350
"/Engine/EngineMaterials/Substrate/Glints2/dict_0002_0126" 9351
"/Engine/EngineMaterials/Substrate/Glints2/dict_0002_0127" 9352
"/Engine/EngineMaterials/Substrate/Glints2/dict_0002_0121" 9353
"/Engine/EngineMaterials/Substrate/Glints2/dict_0002_0122" 9354
"../../../Engine/Content/EngineMaterials/Substrate/Glints2/dict_0002_0113.uasset" 9355
"/Engine/EngineMaterials/Substrate/Glints2/dict_0002_0123" 9356
"/Engine/EngineMaterials/Substrate/Glints2/dict_0002_0137" 9357
"/Engine/EngineMaterials/Substrate/Glints2/dict_0002_0113" 9358
"../../../Engine/Content/EngineMaterials/Substrate/Glints2/dict_0002_0112.uasset" 9359
"/Engine/EngineMaterials/Substrate/Glints2/dict_0002_0114" 9360
"/Engine/EngineMaterials/Substrate/Glints2/dict_0002_0115" 9361
"/Engine/EngineMaterials/Substrate/Glints2/dict_0002_0116" 9362
"/Engine/EngineMaterials/Substrate/Glints2/dict_0002_0117" 9363
"/Engine/EngineMaterials/Substrate/Glints2/dict_0002_0118" 9364
"/Engine/EngineMaterials/Substrate/Glints2/dict_0002_0119" 9365
"../../../Engine/Content/EngineMaterials/Substrate/Glints2/dict_0002_0109.uasset" 9366
"/Engine/EngineMaterials/Substrate/Glints2/dict_0002_0120" 9367
"/Engine/EngineMaterials/Substrate/Glints2/dict_0002_0109" 9368
"../../../Engine/Content/EngineMaterials/Substrate/Glints2/dict_0002_0106.uasset" 9369
"../../../Engine/Content/EngineMaterials/Substrate/Glints2/dict_0002_0108.uasset" 9370
"/Engine/EngineMaterials/Substrate/Glints2/dict_0002_0112" 9371
"../../../Engine/Content/EngineMaterials/Substrate/Glints2/dict_0002_0111.uasset" 9372
"../../../Engine/Content/EngineMaterials/Substrate/Glints2/dict_0002_0104.uasset" 9373
"/Engine/EngineMaterials/Substrate/Glints2/dict_0002_0108" 9374
"/Engine/EngineMaterials/Substrate/Glints2/dict_0002_0111" 9375
"../../../Engine/Content/EngineMaterials/Substrate/Glints2/dict_0002_0105.uasset" 9376
"/Engine/EngineMaterials/Substrate/Glints2/dict_0002_0104" 9377
"/Engine/EngineMaterials/Substrate/Glints2/dict_0002_0105" 9378
"/Engine/EngineMaterials/Substrate/Glints2/dict_0002_0106" 9379
"../../../Engine/Content/EngineMaterials/Substrate/Glints2/dict_0002_0102.uasset" 9380
"../../../Engine/Content/EngineMaterials/Substrate/Glints2/dict_0002_0103.uasset" 9381
"../../../Engine/Content/EngineMaterials/Substrate/Glints2/dict_0002_0100.uasset" 9382
"../../../Engine/Content/EngineMaterials/Substrate/Glints2/dict_0002_0099.uasset" 9383
"../../../Engine/Content/EngineMaterials/Substrate/Glints2/dict_0002_0098.uasset" 9384
"../../../Engine/Content/EngineMaterials/Substrate/Glints2/dict_0002_0101.uasset" 9385
"../../../Engine/Content/EngineMaterials/Substrate/Glints2/dict_0002_0110.uasset" 9386
"../../../Engine/Content/EngineMaterials/Substrate/Glints2/dict_0002_0096.uasset" 9387
"../../../Engine/Content/EngineMaterials/Substrate/Glints2/dict_0002_0107.uasset" 9388
"../../../Engine/Content/EngineMaterials/Substrate/Glints2/dict_0002_0097.uasset" 9389
"../../../Engine/Content/EngineMaterials/Substrate/Glints2/dict_0002_0095.uasset" 9390
"../../../Engine/Content/EngineMaterials/Substrate/Glints2/dict_0002_0094.uasset" 9391
"/Engine/EngineMaterials/Substrate/Glints2/dict_0002_0101" 9392
"/Engine/EngineMaterials/Substrate/Glints2/dict_0002_0102" 9393
"/Engine/EngineMaterials/Substrate/Glints2/dict_0002_0110" 9394
"/Engine/EngineMaterials/Substrate/Glints2/dict_0002_0107" 9395
"/Engine/EngineMaterials/Substrate/Glints2/dict_0002_0094" 9396
"../../../Engine/Content/EngineMaterials/Substrate/Glints2/dict_0002_0093.uasset" 9397
"../../../Engine/Content/EngineMaterials/Substrate/Glints2/dict_0002_0090.uasset" 9398
"/Engine/EngineMaterials/Substrate/Glints2/dict_0002_0095" 9399
"/Engine/EngineMaterials/Substrate/Glints2/dict_0002_0096" 9400
"/Engine/EngineMaterials/Substrate/Glints2/dict_0002_0103" 9401
"../../../Engine/Content/EngineMaterials/Substrate/Glints2/dict_0002_0092.uasset" 9402
"/Engine/EngineMaterials/Substrate/Glints2/dict_0002_0100" 9403
"../../../Engine/Content/EngineMaterials/Substrate/Glints2/dict_0002_0091.uasset" 9404
"/Engine/EngineMaterials/Substrate/Glints2/dict_0002_0097" 9405
"/Engine/EngineMaterials/Substrate/Glints2/dict_0002_0098" 9406
"../../../Engine/Content/EngineMaterials/Substrate/Glints2/dict_0002_0085.uasset" 9407
"../../../Engine/Content/EngineMaterials/Substrate/Glints2/dict_0002_0088.uasset" 9408
"/Engine/EngineMaterials/Substrate/Glints2/dict_0002_0099" 9409
"/Engine/EngineMaterials/Substrate/Glints2/dict_0002_0090" 9410
"../../../Engine/Content/EngineMaterials/Substrate/Glints2/dict_0002_0084.uasset" 9411
"../../../Engine/Content/EngineMaterials/Substrate/Glints2/dict_0002_0086.uasset" 9412
"/Engine/EngineMaterials/Substrate/Glints2/dict_0002_0091" 9413
"/Engine/EngineMaterials/Substrate/Glints2/dict_0002_0092" 9414
"/Engine/EngineMaterials/Substrate/Glints2/dict_0002_0093" 9415
"../../../Engine/Content/EngineMaterials/Substrate/Glints2/dict_0002_0089.uasset" 9416
"/Engine/EngineMaterials/Substrate/Glints2/dict_0002_0085" 9417
"/Engine/EngineMaterials/Substrate/Glints2/dict_0002_0088" 9418
"/Engine/EngineMaterials/Substrate/Glints2/dict_0002_0084" 9419
"/Engine/EngineMaterials/Substrate/Glints2/dict_0002_0086" 9420
"/Engine/EngineMaterials/Substrate/Glints2/dict_0002_0089" 9421
"../../../Engine/Content/EngineMaterials/Substrate/Glints2/dict_0002_0082.uasset" 9422
"../../../Engine/Content/EngineMaterials/Substrate/Glints2/dict_0002_0081.uasset" 9423
"../../../Engine/Content/EngineMaterials/Substrate/Glints2/dict_0002_0087.uasset" 9424
"../../../Engine/Content/EngineMaterials/Substrate/Glints2/dict_0002_0083.uasset" 9425
"../../../Engine/Content/EngineMaterials/Substrate/Glints2/dict_0002_0079.uasset" 9426
"../../../Engine/Content/EngineMaterials/Substrate/Glints2/dict_0002_0080.uasset" 9427
"../../../Engine/Content/EngineMaterials/Substrate/Glints2/dict_0002_0077.uasset" 9428
"../../../Engine/Content/EngineMaterials/Substrate/Glints2/dict_0002_0076.uasset" 9429
"../../../Engine/Content/EngineMaterials/Substrate/Glints2/dict_0002_0078.uasset" 9430
"../../../Engine/Content/EngineMaterials/Substrate/Glints2/dict_0002_0075.uasset" 9431
"../../../Engine/Content/EngineMaterials/Substrate/Glints2/dict_0002_0074.uasset" 9432
"../../../Engine/Content/EngineMaterials/Substrate/Glints2/dict_0002_0073.uasset" 9433
"../../../Engine/Content/EngineMaterials/Substrate/Glints2/dict_0002_0070.uasset" 9434
"../../../Engine/Content/EngineMaterials/Substrate/Glints2/dict_0002_0071.uasset" 9435
"/Engine/EngineMaterials/Substrate/Glints2/dict_0002_0076" 9436
"../../../Engine/Content/EngineMaterials/Substrate/Glints2/dict_0002_0072.uasset" 9437
"../../../Engine/Content/EngineMaterials/Substrate/Glints2/dict_0002_0069.uasset" 9438
"../../../Engine/Content/EngineMaterials/Substrate/Glints2/dict_0002_0067.uasset" 9439
"/Engine/EngineMaterials/Substrate/Glints2/dict_0002_0079" 9440
"../../../Engine/Content/EngineMaterials/Substrate/Glints2/dict_0002_0068.uasset" 9441
"/Engine/EngineMaterials/Substrate/Glints2/dict_0002_0081" 9442
"/Engine/EngineMaterials/Substrate/Glints2/dict_0002_0074" 9443
"/Engine/EngineMaterials/Substrate/Glints2/dict_0002_0075" 9444
"/Engine/EngineMaterials/Substrate/Glints2/dict_0002_0077" 9445
"/Engine/EngineMaterials/Substrate/Glints2/dict_0002_0080" 9446
"/Engine/EngineMaterials/Substrate/Glints2/dict_0002_0082" 9447
"/Engine/EngineMaterials/Substrate/Glints2/dict_0002_0083" 9448
"/Engine/EngineMaterials/Substrate/Glints2/dict_0002_0087" 9449
"../../../Engine/Content/EngineMaterials/Substrate/Glints2/dict_0002_0066.uasset" 9450
"/Engine/EngineMaterials/Substrate/Glints2/dict_0002_0070" 9451
"/Engine/EngineMaterials/Substrate/Glints2/dict_0002_0071" 9452
"/Engine/EngineMaterials/Substrate/Glints2/dict_0002_0078" 9453
"/Engine/EngineMaterials/Substrate/Glints2/dict_0002_0073" 9454
"../../../Engine/Content/EngineMaterials/Substrate/Glints2/dict_0002_0062.uasset" 9455
"../../../Engine/Content/EngineMaterials/Substrate/Glints2/dict_0002_0064.uasset" 9456
"../../../Engine/Content/EngineMaterials/Substrate/Glints2/dict_0002_0063.uasset" 9457
"/Engine/EngineMaterials/Substrate/Glints2/dict_0002_0062" 9458
"../../../Engine/Content/EngineMaterials/Substrate/Glints2/dict_0002_0065.uasset" 9459
"/Engine/EngineMaterials/Substrate/Glints2/dict_0002_0063" 9460
"../../../Engine/Content/EngineMaterials/Substrate/Glints2/dict_0002_0061.uasset" 9461
"/Engine/EngineMaterials/Substrate/Glints2/dict_0002_0064" 9462
"../../../Engine/Content/EngineMaterials/Substrate/Glints2/dict_0002_0059.uasset" 9463
"/Engine/EngineMaterials/Substrate/Glints2/dict_0002_0066" 9464
"/Engine/EngineMaterials/Substrate/Glints2/dict_0002_0067" 9465
"/Engine/EngineMaterials/Substrate/Glints2/dict_0002_0068" 9466
"/Engine/EngineMaterials/Substrate/Glints2/dict_0002_0069" 9467
"/Engine/EngineMaterials/Substrate/Glints2/dict_0002_0072" 9468
"/Engine/EngineMaterials/Substrate/Glints2/dict_0002_0059" 9469
"../../../Engine/Content/EngineMaterials/Substrate/Glints2/dict_0002_0057.uasset" 9470
"/Engine/EngineMaterials/Substrate/Glints2/dict_0002_0065" 9471
"../../../Engine/Content/EngineMaterials/Substrate/Glints2/dict_0002_0058.uasset" 9472
"/Engine/EngineMaterials/Substrate/Glints2/dict_0002_0061" 9473
"/Engine/EngineMaterials/Substrate/Glints2/dict_0002_0057" 9474
"/Engine/EngineMaterials/Substrate/Glints2/dict_0002_0058" 9475
"../../../Engine/Content/EngineMaterials/Substrate/Glints2/dict_0002_0060.uasset" 9476
"../../../Engine/Content/EngineMaterials/Substrate/Glints2/dict_0002_0055.uasset" 9477
"../../../Engine/Content/EngineMaterials/Substrate/Glints2/dict_0002_0052.uasset" 9478
"../../../Engine/Content/EngineMaterials/Substrate/Glints2/dict_0002_0053.uasset" 9479
"../../../Engine/Content/EngineMaterials/Substrate/Glints2/dict_0002_0054.uasset" 9480
"../../../Engine/Content/EngineMaterials/Substrate/Glints2/dict_0002_0051.uasset" 9481
"../../../Engine/Content/EngineMaterials/Substrate/Glints2/dict_0002_0050.uasset" 9482
"../../../Engine/Content/EngineMaterials/Substrate/Glints2/dict_0002_0056.uasset" 9483
"../../../Engine/Content/EngineMaterials/Substrate/Glints2/dict_0002_0048.uasset" 9484
"../../../Engine/Content/EngineMaterials/Substrate/Glints2/dict_0002_0049.uasset" 9485
"../../../Engine/Content/EngineMaterials/Substrate/Glints2/dict_0002_0044.uasset" 9486
"../../../Engine/Content/EngineMaterials/Substrate/Glints2/dict_0002_0041.uasset" 9487
"../../../Engine/Content/EngineMaterials/Substrate/Glints2/dict_0002_0042.uasset" 9488
"../../../Engine/Content/EngineMaterials/Substrate/Glints2/dict_0002_0043.uasset" 9489
"../../../Engine/Content/EngineMaterials/Substrate/Glints2/dict_0002_0045.uasset" 9490
"../../../Engine/Content/EngineMaterials/Substrate/Glints2/dict_0002_0046.uasset" 9491
"../../../Engine/Content/EngineMaterials/Substrate/Glints2/dict_0002_0047.uasset" 9492
"/Engine/EngineMaterials/Substrate/Glints2/dict_0002_0056" 9493
"/Engine/EngineMaterials/Substrate/Glints2/dict_0002_0041" 9494
"/Engine/EngineMaterials/Substrate/Glints2/dict_0002_0042" 9495
"/Engine/EngineMaterials/Substrate/Glints2/dict_0002_0043" 9496
"/Engine/EngineMaterials/Substrate/Glints2/dict_0002_0044" 9497
"/Engine/EngineMaterials/Substrate/Glints2/dict_0002_0045" 9498
"/Engine/EngineMaterials/Substrate/Glints2/dict_0002_0046" 9499
"/Engine/EngineMaterials/Substrate/Glints2/dict_0002_0047" 9500
"../../../Engine/Content/EngineMaterials/Substrate/Glints2/dict_0002_0039.uasset" 9501
"/Engine/EngineMaterials/Substrate/Glints2/dict_0002_0053" 9502
"../../../Engine/Content/EngineMaterials/Substrate/Glints2/dict_0002_0038.uasset" 9503
"../../../Engine/Content/EngineMaterials/Substrate/Glints2/dict_0002_0040.uasset" 9504
"/Engine/EngineMaterials/Substrate/Glints2/dict_0002_0060" 9505
"/Engine/EngineMaterials/Substrate/Glints2/dict_0002_0054" 9506
"/Engine/EngineMaterials/Substrate/Glints2/dict_0002_0048" 9507
"/Engine/EngineMaterials/Substrate/Glints2/dict_0002_0055" 9508
"../../../Engine/Content/EngineMaterials/Substrate/Glints2/dict_0002_0034.uasset" 9509
"../../../Engine/Content/EngineMaterials/Substrate/Glints2/dict_0002_0035.uasset" 9510
"../../../Engine/Content/EngineMaterials/Substrate/Glints2/dict_0002_0036.uasset" 9511
"/Engine/EngineMaterials/Substrate/Glints2/dict_0002_0049" 9512
"../../../Engine/Content/EngineMaterials/Substrate/Glints2/dict_0002_0032.uasset" 9513
"../../../Engine/Content/EngineMaterials/Substrate/Glints2/dict_0002_0037.uasset" 9514
"/Engine/EngineMaterials/Substrate/Glints2/dict_0002_0050" 9515
"/Engine/EngineMaterials/Substrate/Glints2/dict_0002_0051" 9516
"/Engine/EngineMaterials/Substrate/Glints2/dict_0002_0052" 9517
"../../../Engine/Content/EngineMaterials/Substrate/Glints2/dict_0002_0031.uasset" 9518
"/Engine/EngineMaterials/Substrate/Glints2/dict_0002_0031" 9519
"../../../Engine/Content/EngineMaterials/Substrate/Glints2/dict_0002_0033.uasset" 9520
"/Engine/EngineMaterials/Substrate/Glints2/dict_0002_0032" 9521
"/Engine/EngineMaterials/Substrate/Glints2/dict_0002_0039" 9522
"/Engine/EngineMaterials/Substrate/Glints2/dict_0002_0040" 9523
"/Engine/EngineMaterials/Substrate/Glints2/dict_0002_0034" 9524
"/Engine/EngineMaterials/Substrate/Glints2/dict_0002_0035" 9525
"/Engine/EngineMaterials/Substrate/Glints2/dict_0002_0036" 9526
"/Engine/EngineMaterials/Substrate/Glints2/dict_0002_0037" 9527
"/Engine/EngineMaterials/Substrate/Glints2/dict_0002_0038" 9528
"/Engine/EngineMaterials/Substrate/Glints2/dict_0002_0033" 9529
"../../../Engine/Content/EngineMaterials/Substrate/Glints2/dict_0002_0030.uasset" 9530
"../../../Engine/Content/EngineMaterials/Substrate/Glints2/dict_0002_0029.uasset" 9531
"../../../Engine/Content/EngineMaterials/Substrate/Glints2/dict_0002_0026.uasset" 9532
"../../../Engine/Content/EngineMaterials/Substrate/Glints2/dict_0002_0027.uasset" 9533
"../../../Engine/Content/EngineMaterials/Substrate/Glints2/dict_0002_0024.uasset" 9534
"../../../Engine/Content/EngineMaterials/Substrate/Glints2/dict_0002_0025.uasset" 9535
"../../../Engine/Content/EngineMaterials/Substrate/Glints2/dict_0002_0022.uasset" 9536
"../../../Engine/Content/EngineMaterials/Substrate/Glints2/dict_0002_0019.uasset" 9537
"../../../Engine/Content/EngineMaterials/Substrate/Glints2/dict_0002_0021.uasset" 9538
"../../../Engine/Content/EngineMaterials/Substrate/Glints2/dict_0002_0018.uasset" 9539
"../../../Engine/Content/EngineMaterials/Substrate/Glints2/dict_0002_0017.uasset" 9540
"../../../Engine/Content/EngineMaterials/Substrate/Glints2/dict_0002_0020.uasset" 9541
"../../../Engine/Content/EngineMaterials/Substrate/Glints2/dict_0002_0015.uasset" 9542
"../../../Engine/Content/EngineMaterials/Substrate/Glints2/dict_0002_0023.uasset" 9543
"/Engine/EngineMaterials/Substrate/Glints2/dict_0002_0026" 9544
"/Engine/EngineMaterials/Substrate/Glints2/dict_0002_0027" 9545
"../../../Engine/Content/EngineMaterials/Substrate/Glints2/dict_0002_0028.uasset" 9546
"/Engine/EngineMaterials/Substrate/Glints2/dict_0002_0029" 9547
"/Engine/EngineMaterials/Substrate/Glints2/dict_0002_0015" 9548
"/Engine/EngineMaterials/Substrate/Glints2/dict_0002_0017" 9549
"/Engine/EngineMaterials/Substrate/Glints2/dict_0002_0018" 9550
"/Engine/EngineMaterials/Substrate/Glints2/dict_0002_0019" 9551
"/Engine/EngineMaterials/Substrate/Glints2/dict_0002_0020" 9552
"/Engine/EngineMaterials/Substrate/Glints2/dict_0002_0030" 9553
"/Engine/EngineMaterials/Substrate/Glints2/dict_0002_0021" 9554
"/Engine/EngineMaterials/Substrate/Glints2/dict_0002_0022" 9555
"/Engine/EngineMaterials/Substrate/Glints2/dict_0002_0024" 9556
"/Engine/EngineMaterials/Substrate/Glints2/dict_0002_0025" 9557
"../../../Engine/Content/EngineMaterials/Substrate/Glints2/dict_0002_0012.uasset" 9558
"/Engine/EngineMaterials/Substrate/Glints2/dict_0002_0028" 9559
"../../../Engine/Content/EngineMaterials/Substrate/Glints2/dict_0002_0011.uasset" 9560
"/Engine/EngineMaterials/Substrate/Glints2/dict_0002_0023" 9561
"/Engine/EngineMaterials/Substrate/Glints2/dict_0002_0011" 9562
"../../../Engine/Content/EngineMaterials/Substrate/Glints2/dict_0002_0013.uasset" 9563
"../../../Engine/Content/EngineMaterials/Substrate/Glints2/dict_0002_0010.uasset" 9564
"../../../Engine/Content/EngineMaterials/Substrate/Glints2/dict_0002_0008.uasset" 9565
"/Engine/EngineMaterials/Substrate/Glints2/dict_0002_0012" 9566
"../../../Engine/Content/EngineMaterials/Substrate/Glints2/dict_0002_0016.uasset" 9567
"../../../Engine/Content/EngineMaterials/Substrate/Glints2/dict_0002_0014.uasset" 9568
"/Engine/EngineMaterials/Substrate/Glints2/dict_0002_0010" 9569
"/Engine/EngineMaterials/Substrate/Glints2/dict_0002_0013" 9570
"/Engine/EngineMaterials/Substrate/Glints2/dict_0002_0014" 9571
"/Engine/EngineMaterials/Substrate/Glints2/dict_0002_0016" 9572
"/Engine/EngineMaterials/Substrate/Glints2/dict_0002_0008" 9573
"../../../Engine/Content/EngineMaterials/Substrate/Glints2/dict_0002_0006.uasset" 9574
"../../../Engine/Content/EngineMaterials/Substrate/Glints2/dict_0002_0007.uasset" 9575
"../../../Engine/Content/EngineMaterials/Substrate/Glints2/dict_0002_0001.uasset" 9576
"../../../Engine/Content/EngineMaterials/Substrate/Glints2/dict_0002_0005.uasset" 9577
"../../../Engine/Content/EngineMaterials/Substrate/Glints2/dict_0002_0004.uasset" 9578
"../../../Engine/Content/EngineMaterials/Substrate/Glints2/dict_0002_0002.uasset" 9579
"../../../Engine/Content/EngineMaterials/Substrate/Glints2/dict_0002_0000.uasset" 9580
"../../../Engine/Content/EngineMaterials/Substrate/Glints2/dict_0002_0009.uasset" 9581
"../../../Engine/Content/EngineMaterials/Substrate/Glints2/dict_0002_0003.uasset" 9582
"../../../Engine/Content/EngineMaterials/Substrate/Glints2/dict_0001_0255.uasset" 9583
"../../../Engine/Content/EngineMaterials/Substrate/Glints2/dict_0001_0254.uasset" 9584
"../../../Engine/Content/EngineMaterials/Substrate/Glints2/dict_0001_0253.uasset" 9585
"../../../Engine/Content/EngineMaterials/Substrate/Glints2/dict_0001_0252.uasset" 9586
"../../../Engine/Content/EngineMaterials/Substrate/Glints2/dict_0001_0249.uasset" 9587
"/Engine/EngineMaterials/Substrate/Glints2/dict_0002_0009" 9588
"../../../Engine/Content/EngineMaterials/Substrate/Glints2/dict_0001_0248.uasset" 9589
"../../../Engine/Content/EngineMaterials/Substrate/Glints2/dict_0001_0246.uasset" 9590
"/Engine/EngineMaterials/Substrate/Glints2/dict_0002_0000" 9591
"../../../Engine/Content/EngineMaterials/Substrate/Glints2/dict_0001_0250.uasset" 9592
"../../../Engine/Content/EngineMaterials/Substrate/Glints2/dict_0001_0247.uasset" 9593
"/Engine/EngineMaterials/Substrate/Glints2/dict_0002_0001" 9594
"/Engine/EngineMaterials/Substrate/Glints2/dict_0002_0002" 9595
"/Engine/EngineMaterials/Substrate/Glints2/dict_0002_0003" 9596
"/Engine/EngineMaterials/Substrate/Glints2/dict_0001_0255" 9597
"/Engine/EngineMaterials/Substrate/Glints2/dict_0002_0004" 9598
"/Engine/EngineMaterials/Substrate/Glints2/dict_0002_0005" 9599
"../../../Engine/Content/EngineMaterials/Substrate/Glints2/dict_0001_0245.uasset" 9600
"../../../Engine/Content/EngineMaterials/Substrate/Glints2/dict_0001_0244.uasset" 9601
"/Engine/EngineMaterials/Substrate/Glints2/dict_0002_0006" 9602
"/Engine/EngineMaterials/Substrate/Glints2/dict_0002_0007" 9603
"/Engine/EngineMaterials/Substrate/Glints2/dict_0001_0252" 9604
"/Engine/EngineMaterials/Substrate/Glints2/dict_0001_0253" 9605
"/Engine/EngineMaterials/Substrate/Glints2/dict_0001_0254" 9606
"/Engine/EngineMaterials/Substrate/Glints2/dict_0001_0244" 9607
"/Engine/EngineMaterials/Substrate/Glints2/dict_0001_0245" 9608
"../../../Engine/Content/EngineMaterials/Substrate/Glints2/dict_0001_0242.uasset" 9609
"/Engine/EngineMaterials/Substrate/Glints2/dict_0001_0246" 9610
"/Engine/EngineMaterials/Substrate/Glints2/dict_0001_0247" 9611
"../../../Engine/Content/EngineMaterials/Substrate/Glints2/dict_0001_0240.uasset" 9612
"../../../Engine/Content/EngineMaterials/Substrate/Glints2/dict_0001_0239.uasset" 9613
"../../../Engine/Content/EngineMaterials/Substrate/Glints2/dict_0001_0238.uasset" 9614
"/Engine/EngineMaterials/Substrate/Glints2/dict_0001_0248" 9615
"../../../Engine/Content/EngineMaterials/Substrate/Glints2/dict_0001_0243.uasset" 9616
"../../../Engine/Content/EngineMaterials/Substrate/Glints2/dict_0001_0241.uasset" 9617
"../../../Engine/Content/EngineMaterials/Substrate/Glints2/dict_0001_0251.uasset" 9618
"/Engine/EngineMaterials/Substrate/Glints2/dict_0001_0249" 9619
"/Engine/EngineMaterials/Substrate/Glints2/dict_0001_0250" 9620
"/Engine/EngineMaterials/Substrate/Glints2/dict_0001_0242" 9621
"/Engine/EngineMaterials/Substrate/Glints2/dict_0001_0243" 9622
"../../../Engine/Content/EngineMaterials/Substrate/Glints2/dict_0001_0237.uasset" 9623
"/Engine/EngineMaterials/Substrate/Glints2/dict_0001_0240" 9624
"/Engine/EngineMaterials/Substrate/Glints2/dict_0001_0238" 9625
"/Engine/EngineMaterials/Substrate/Glints2/dict_0001_0239" 9626
"/Engine/EngineMaterials/Substrate/Glints2/dict_0001_0251" 9627
"/Engine/EngineMaterials/Substrate/Glints2/dict_0001_0241" 9628
"/Engine/EngineMaterials/Substrate/Glints2/dict_0001_0237" 9629
"../../../Engine/Content/EngineMaterials/Substrate/Glints2/dict_0001_0236.uasset" 9630
"../../../Engine/Content/EngineMaterials/Substrate/Glints2/dict_0001_0234.uasset" 9631
"../../../Engine/Content/EngineMaterials/Substrate/Glints2/dict_0001_0235.uasset" 9632
"../../../Engine/Content/EngineMaterials/Substrate/Glints2/dict_0001_0230.uasset" 9633
"../../../Engine/Content/EngineMaterials/Substrate/Glints2/dict_0001_0232.uasset" 9634
"../../../Engine/Content/EngineMaterials/Substrate/Glints2/dict_0001_0233.uasset" 9635
"../../../Engine/Content/EngineMaterials/Substrate/Glints2/dict_0001_0231.uasset" 9636
"../../../Engine/Content/EngineMaterials/Substrate/Glints2/dict_0001_0229.uasset" 9637
"../../../Engine/Content/EngineMaterials/Substrate/Glints2/dict_0001_0228.uasset" 9638
"../../../Engine/Content/EngineMaterials/Substrate/Glints2/dict_0001_0227.uasset" 9639
"../../../Engine/Content/EngineMaterials/Substrate/Glints2/dict_0001_0226.uasset" 9640
"../../../Engine/Content/EngineMaterials/Substrate/Glints2/dict_0001_0224.uasset" 9641
"../../../Engine/Content/EngineMaterials/Substrate/Glints2/dict_0001_0222.uasset" 9642
"../../../Engine/Content/EngineMaterials/Substrate/Glints2/dict_0001_0221.uasset" 9643
"../../../Engine/Content/EngineMaterials/Substrate/Glints2/dict_0001_0220.uasset" 9644
"/Engine/EngineMaterials/Substrate/Glints2/dict_0001_0220" 9645
"../../../Engine/Content/EngineMaterials/Substrate/Glints2/dict_0001_0225.uasset" 9646
"../../../Engine/Content/EngineMaterials/Substrate/Glints2/dict_0001_0223.uasset" 9647
"/Engine/EngineMaterials/Substrate/Glints2/dict_0001_0221" 9648
"/Engine/EngineMaterials/Substrate/Glints2/dict_0001_0222" 9649
"/Engine/EngineMaterials/Substrate/Glints2/dict_0001_0224" 9650
"/Engine/EngineMaterials/Substrate/Glints2/dict_0001_0233" 9651
"/Engine/EngineMaterials/Substrate/Glints2/dict_0001_0234" 9652
"/Engine/EngineMaterials/Substrate/Glints2/dict_0001_0226" 9653
"/Engine/EngineMaterials/Substrate/Glints2/dict_0001_0235" 9654
"/Engine/EngineMaterials/Substrate/Glints2/dict_0001_0236" 9655
"/Engine/EngineMaterials/Substrate/Glints2/dict_0001_0227" 9656
"/Engine/EngineMaterials/Substrate/Glints2/dict_0001_0228" 9657
"../../../Engine/Content/EngineMaterials/Substrate/Glints2/dict_0001_0216.uasset" 9658
"../../../Engine/Content/EngineMaterials/Substrate/Glints2/dict_0001_0219.uasset" 9659
"../../../Engine/Content/EngineMaterials/Substrate/Glints2/dict_0001_0217.uasset" 9660
"/Engine/EngineMaterials/Substrate/Glints2/dict_0001_0229" 9661
"../../../Engine/Content/EngineMaterials/Substrate/Glints2/dict_0001_0218.uasset" 9662
"/Engine/EngineMaterials/Substrate/Glints2/dict_0001_0230" 9663
"/Engine/EngineMaterials/Substrate/Glints2/dict_0001_0231" 9664
"../../../Engine/Content/EngineMaterials/Substrate/Glints2/dict_0001_0213.uasset" 9665
"/Engine/EngineMaterials/Substrate/Glints2/dict_0001_0232" 9666
"/Engine/EngineMaterials/Substrate/Glints2/dict_0001_0223" 9667
"../../../Engine/Content/EngineMaterials/Substrate/Glints2/dict_0001_0211.uasset" 9668
"../../../Engine/Content/EngineMaterials/Substrate/Glints2/dict_0001_0212.uasset" 9669
"/Engine/EngineMaterials/Substrate/Glints2/dict_0001_0225" 9670
"/Engine/EngineMaterials/Substrate/Glints2/dict_0001_0213" 9671
"/Engine/EngineMaterials/Substrate/Glints2/dict_0001_0216" 9672
"/Engine/EngineMaterials/Substrate/Glints2/dict_0001_0217" 9673
"/Engine/EngineMaterials/Substrate/Glints2/dict_0001_0218" 9674
"/Engine/EngineMaterials/Substrate/Glints2/dict_0001_0219" 9675
"/Engine/EngineMaterials/Substrate/Glints2/dict_0001_0211" 9676
"/Engine/EngineMaterials/Substrate/Glints2/dict_0001_0212" 9677
"../../../Engine/Content/EngineMaterials/Substrate/Glints2/dict_0001_0207.uasset" 9678
"../../../Engine/Content/EngineMaterials/Substrate/Glints2/dict_0001_0209.uasset" 9679
"../../../Engine/Content/EngineMaterials/Substrate/Glints2/dict_0001_0208.uasset" 9680
"../../../Engine/Content/EngineMaterials/Substrate/Glints2/dict_0001_0210.uasset" 9681
"../../../Engine/Content/EngineMaterials/Substrate/Glints2/dict_0001_0214.uasset" 9682
"../../../Engine/Content/EngineMaterials/Substrate/Glints2/dict_0001_0215.uasset" 9683
"../../../Engine/Content/EngineMaterials/Substrate/Glints2/dict_0001_0205.uasset" 9684
"../../../Engine/Content/EngineMaterials/Substrate/Glints2/dict_0001_0204.uasset" 9685
"../../../Engine/Content/EngineMaterials/Substrate/Glints2/dict_0001_0203.uasset" 9686
"../../../Engine/Content/EngineMaterials/Substrate/Glints2/dict_0001_0197.uasset" 9687
"../../../Engine/Content/EngineMaterials/Substrate/Glints2/dict_0001_0200.uasset" 9688
"../../../Engine/Content/EngineMaterials/Substrate/Glints2/dict_0001_0201.uasset" 9689
"../../../Engine/Content/EngineMaterials/Substrate/Glints2/dict_0001_0198.uasset" 9690
"../../../Engine/Content/EngineMaterials/Substrate/Glints2/dict_0001_0202.uasset" 9691
"../../../Engine/Content/EngineMaterials/Substrate/Glints2/dict_0001_0206.uasset" 9692
"../../../Engine/Content/EngineMaterials/Substrate/Glints2/dict_0001_0199.uasset" 9693
"../../../Engine/Content/EngineMaterials/Substrate/Glints2/dict_0001_0195.uasset" 9694
"../../../Engine/Content/EngineMaterials/Substrate/Glints2/dict_0001_0194.uasset" 9695
"../../../Engine/Content/EngineMaterials/Substrate/Glints2/dict_0001_0196.uasset" 9696
"/Engine/EngineMaterials/Substrate/Glints2/dict_0001_0206" 9697
"/Engine/EngineMaterials/Substrate/Glints2/dict_0001_0207" 9698
"/Engine/EngineMaterials/Substrate/Glints2/dict_0001_0208" 9699
"/Engine/EngineMaterials/Substrate/Glints2/dict_0001_0194" 9700
"/Engine/EngineMaterials/Substrate/Glints2/dict_0001_0209" 9701
"/Engine/EngineMaterials/Substrate/Glints2/dict_0001_0210" 9702
"/Engine/EngineMaterials/Substrate/Glints2/dict_0001_0195" 9703
"/Engine/EngineMaterials/Substrate/Glints2/dict_0001_0196" 9704
"/Engine/EngineMaterials/Substrate/Glints2/dict_0001_0197" 9705
"/Engine/EngineMaterials/Substrate/Glints2/dict_0001_0214" 9706
"/Engine/EngineMaterials/Substrate/Glints2/dict_0001_0198" 9707
"../../../Engine/Content/EngineMaterials/Substrate/Glints2/dict_0001_0192.uasset" 9708
"../../../Engine/Content/EngineMaterials/Substrate/Glints2/dict_0001_0187.uasset" 9709
"/Engine/EngineMaterials/Substrate/Glints2/dict_0001_0215" 9710
"../../../Engine/Content/EngineMaterials/Substrate/Glints2/dict_0001_0193.uasset" 9711
"../../../Engine/Content/EngineMaterials/Substrate/Glints2/dict_0001_0186.uasset" 9712
"/Engine/EngineMaterials/Substrate/Glints2/dict_0001_0199" 9713
"../../../Engine/Content/EngineMaterials/Substrate/Glints2/dict_0001_0188.uasset" 9714
"/Engine/EngineMaterials/Substrate/Glints2/dict_0001_0200" 9715
"/Engine/EngineMaterials/Substrate/Glints2/dict_0001_0201" 9716
"/Engine/EngineMaterials/Substrate/Glints2/dict_0001_0202" 9717
"/Engine/EngineMaterials/Substrate/Glints2/dict_0001_0203" 9718
"../../../Engine/Content/EngineMaterials/Substrate/Glints2/dict_0001_0185.uasset" 9719
"../../../Engine/Content/EngineMaterials/Substrate/Glints2/dict_0001_0189.uasset" 9720
"../../../Engine/Content/EngineMaterials/Substrate/Glints2/dict_0001_0191.uasset" 9721
"/Engine/EngineMaterials/Substrate/Glints2/dict_0001_0205" 9722
"/Engine/EngineMaterials/Substrate/Glints2/dict_0001_0204" 9723
"/Engine/EngineMaterials/Substrate/Glints2/dict_0001_0191" 9724
"/Engine/EngineMaterials/Substrate/Glints2/dict_0001_0192" 9725
"/Engine/EngineMaterials/Substrate/Glints2/dict_0001_0193" 9726
"/Engine/EngineMaterials/Substrate/Glints2/dict_0001_0185" 9727
"/Engine/EngineMaterials/Substrate/Glints2/dict_0001_0186" 9728
"/Engine/EngineMaterials/Substrate/Glints2/dict_0001_0187" 9729
"../../../Engine/Content/EngineMaterials/Substrate/Glints2/dict_0001_0184.uasset" 9730
"/Engine/EngineMaterials/Substrate/Glints2/dict_0001_0188" 9731
"/Engine/EngineMaterials/Substrate/Glints2/dict_0001_0189" 9732
"/Engine/EngineMaterials/Substrate/Glints2/dict_0001_0184" 9733
"../../../Engine/Content/EngineMaterials/Substrate/Glints2/dict_0001_0182.uasset" 9734
"/Engine/EngineMaterials/Substrate/Glints2/dict_0001_0182" 9735
"../../../Engine/Content/EngineMaterials/Substrate/Glints2/dict_0001_0183.uasset" 9736
"../../../Engine/Content/EngineMaterials/Substrate/Glints2/dict_0001_0181.uasset" 9737
"../../../Engine/Content/EngineMaterials/Substrate/Glints2/dict_0001_0190.uasset" 9738
"../../../Engine/Content/EngineMaterials/Substrate/Glints2/dict_0001_0180.uasset" 9739
"../../../Engine/Content/EngineMaterials/Substrate/Glints2/dict_0001_0179.uasset" 9740
"../../../Engine/Content/EngineMaterials/Substrate/Glints2/dict_0001_0178.uasset" 9741
"../../../Engine/Content/EngineMaterials/Substrate/Glints2/dict_0001_0177.uasset" 9742
"../../../Engine/Content/EngineMaterials/Substrate/Glints2/dict_0001_0176.uasset" 9743
"../../../Engine/Content/EngineMaterials/Substrate/Glints2/dict_0001_0175.uasset" 9744
"../../../Engine/Content/EngineMaterials/Substrate/Glints2/dict_0001_0172.uasset" 9745
"../../../Engine/Content/EngineMaterials/Substrate/Glints2/dict_0001_0173.uasset" 9746
"../../../Engine/Content/EngineMaterials/Substrate/Glints2/dict_0001_0171.uasset" 9747
"/Engine/EngineMaterials/Substrate/Glints2/dict_0001_0190" 9748
"../../../Engine/Content/EngineMaterials/Substrate/Glints2/dict_0001_0170.uasset" 9749
"/Engine/EngineMaterials/Substrate/Glints2/dict_0001_0183" 9750
"/Engine/EngineMaterials/Substrate/Glints2/dict_0001_0171" 9751
"../../../Engine/Content/EngineMaterials/Substrate/Glints2/dict_0001_0174.uasset" 9752
"/Engine/EngineMaterials/Substrate/Glints2/dict_0001_0172" 9753
"/Engine/EngineMaterials/Substrate/Glints2/dict_0001_0173" 9754
"/Engine/EngineMaterials/Substrate/Glints2/dict_0001_0175" 9755
"../../../Engine/Content/EngineMaterials/Substrate/Glints2/dict_0001_0167.uasset" 9756
"../../../Engine/Content/EngineMaterials/Substrate/Glints2/dict_0001_0166.uasset" 9757
"/Engine/EngineMaterials/Substrate/Glints2/dict_0001_0176" 9758
"/Engine/EngineMaterials/Substrate/Glints2/dict_0001_0181" 9759
"/Engine/EngineMaterials/Substrate/Glints2/dict_0001_0177" 9760
"/Engine/EngineMaterials/Substrate/Glints2/dict_0001_0178" 9761
"/Engine/EngineMaterials/Substrate/Glints2/dict_0001_0179" 9762
"/Engine/EngineMaterials/Substrate/Glints2/dict_0001_0180" 9763
"/Engine/EngineMaterials/Substrate/Glints2/dict_0001_0166" 9764
"/Engine/EngineMaterials/Substrate/Glints2/dict_0001_0167" 9765
"/Engine/EngineMaterials/Substrate/Glints2/dict_0001_0170" 9766
"../../../Engine/Content/EngineMaterials/Substrate/Glints2/dict_0001_0164.uasset" 9767
"/Engine/EngineMaterials/Substrate/Glints2/dict_0001_0174" 9768
"/Engine/EngineMaterials/Substrate/Glints2/dict_0001_0164" 9769
"../../../Engine/Content/EngineMaterials/Substrate/Glints2/dict_0001_0168.uasset" 9770
"/Engine/EngineMaterials/Substrate/Glints2/dict_0001_0168" 9771
"../../../Engine/Content/EngineMaterials/Substrate/Glints2/dict_0001_0169.uasset" 9772
"../../../Engine/Content/EngineMaterials/Substrate/Glints2/dict_0001_0163.uasset" 9773
"../../../Engine/Content/EngineMaterials/Substrate/Glints2/dict_0001_0162.uasset" 9774
"../../../Engine/Content/EngineMaterials/Substrate/Glints2/dict_0001_0165.uasset" 9775
"../../../Engine/Content/EngineMaterials/Substrate/Glints2/dict_0001_0159.uasset" 9776
"../../../Engine/Content/EngineMaterials/Substrate/Glints2/dict_0001_0161.uasset" 9777
"../../../Engine/Content/EngineMaterials/Substrate/Glints2/dict_0001_0160.uasset" 9778
"../../../Engine/Content/EngineMaterials/Substrate/Glints2/dict_0001_0154.uasset" 9779
"../../../Engine/Content/EngineMaterials/Substrate/Glints2/dict_0001_0156.uasset" 9780
"../../../Engine/Content/EngineMaterials/Substrate/Glints2/dict_0001_0153.uasset" 9781
"../../../Engine/Content/EngineMaterials/Substrate/Glints2/dict_0001_0155.uasset" 9782
"../../../Engine/Content/EngineMaterials/Substrate/Glints2/dict_0001_0157.uasset" 9783
"../../../Engine/Content/EngineMaterials/Substrate/Glints2/dict_0001_0152.uasset" 9784
"../../../Engine/Content/EngineMaterials/Substrate/Glints2/dict_0001_0158.uasset" 9785
"../../../Engine/Content/EngineMaterials/Substrate/Glints2/dict_0001_0150.uasset" 9786
"/Engine/EngineMaterials/Substrate/Glints2/dict_0001_0162" 9787
"/Engine/EngineMaterials/Substrate/Glints2/dict_0001_0163" 9788
"/Engine/EngineMaterials/Substrate/Glints2/dict_0001_0154" 9789
"/Engine/EngineMaterials/Substrate/Glints2/dict_0001_0155" 9790
"/Engine/EngineMaterials/Substrate/Glints2/dict_0001_0156" 9791
"/Engine/EngineMaterials/Substrate/Glints2/dict_0001_0165" 9792
"/Engine/EngineMaterials/Substrate/Glints2/dict_0001_0153" 9793
"../../../Engine/Content/EngineMaterials/Substrate/Glints2/dict_0001_0147.uasset" 9794
"/Engine/EngineMaterials/Substrate/Glints2/dict_0001_0157" 9795
"../../../Engine/Content/EngineMaterials/Substrate/Glints2/dict_0001_0144.uasset" 9796
"../../../Engine/Content/EngineMaterials/Substrate/Glints2/dict_0001_0149.uasset" 9797
"../../../Engine/Content/EngineMaterials/Substrate/Glints2/dict_0001_0146.uasset" 9798
"../../../Engine/Content/EngineMaterials/Substrate/Glints2/dict_0001_0148.uasset" 9799
"../../../Engine/Content/EngineMaterials/Substrate/Glints2/dict_0001_0142.uasset" 9800
"../../../Engine/Content/EngineMaterials/Substrate/Glints2/dict_0001_0143.uasset" 9801
"../../../Engine/Content/EngineMaterials/Substrate/Glints2/dict_0001_0151.uasset" 9802
"/Engine/EngineMaterials/Substrate/Glints2/dict_0001_0169" 9803
"../../../Engine/Content/EngineMaterials/Substrate/Glints2/dict_0001_0145.uasset" 9804
"../../../Engine/Content/EngineMaterials/Substrate/Glints2/dict_0001_0141.uasset" 9805
"../../../Engine/Content/EngineMaterials/Substrate/Glints2/dict_0001_0139.uasset" 9806
"../../../Engine/Content/EngineMaterials/Substrate/Glints2/dict_0001_0140.uasset" 9807
"../../../Engine/Content/EngineMaterials/Substrate/Glints2/dict_0001_0137.uasset" 9808
"../../../Engine/Content/EngineMaterials/Substrate/Glints2/dict_0001_0134.uasset" 9809
"../../../Engine/Content/EngineMaterials/Substrate/Glints2/dict_0001_0138.uasset" 9810
"/Engine/EngineMaterials/Substrate/Glints2/dict_0001_0158" 9811
"../../../Engine/Content/EngineMaterials/Substrate/Glints2/dict_0001_0136.uasset" 9812
"/Engine/EngineMaterials/Substrate/Glints2/dict_0001_0159" 9813
"/Engine/EngineMaterials/Substrate/Glints2/dict_0001_0160" 9814
"/Engine/EngineMaterials/Substrate/Glints2/dict_0001_0161" 9815
"/Engine/EngineMaterials/Substrate/Glints2/dict_0001_0152" 9816
"/Engine/EngineMaterials/Substrate/Glints2/dict_0001_0150" 9817
"/Engine/EngineMaterials/Substrate/Glints2/dict_0001_0140" 9818
"/Engine/EngineMaterials/Substrate/Glints2/dict_0001_0141" 9819
"/Engine/EngineMaterials/Substrate/Glints2/dict_0001_0136" 9820
"/Engine/EngineMaterials/Substrate/Glints2/dict_0001_0137" 9821
"/Engine/EngineMaterials/Substrate/Glints2/dict_0001_0134" 9822
"/Engine/EngineMaterials/Substrate/Glints2/dict_0001_0138" 9823
"/Engine/EngineMaterials/Substrate/Glints2/dict_0001_0142" 9824
"/Engine/EngineMaterials/Substrate/Glints2/dict_0001_0143" 9825
"/Engine/EngineMaterials/Substrate/Glints2/dict_0001_0144" 9826
"../../../Engine/Content/EngineMaterials/Substrate/Glints2/dict_0001_0135.uasset" 9827
"/Engine/EngineMaterials/Substrate/Glints2/dict_0001_0139" 9828
"/Engine/EngineMaterials/Substrate/Glints2/dict_0001_0145" 9829
"/Engine/EngineMaterials/Substrate/Glints2/dict_0001_0146" 9830
"/Engine/EngineMaterials/Substrate/Glints2/dict_0001_0147" 9831
"/Engine/EngineMaterials/Substrate/Glints2/dict_0001_0148" 9832
"/Engine/EngineMaterials/Substrate/Glints2/dict_0001_0149" 9833
"/Engine/EngineMaterials/Substrate/Glints2/dict_0001_0151" 9834
"/Engine/EngineMaterials/Substrate/Glints2/dict_0001_0135" 9835
"../../../Engine/Content/EngineMaterials/Substrate/Glints2/dict_0001_0133.uasset" 9836
"../../../Engine/Content/EngineMaterials/Substrate/Glints2/dict_0001_0132.uasset" 9837
"../../../Engine/Content/EngineMaterials/Substrate/Glints2/dict_0001_0131.uasset" 9838
"../../../Engine/Content/EngineMaterials/Substrate/Glints2/dict_0001_0130.uasset" 9839
"../../../Engine/Content/EngineMaterials/Substrate/Glints2/dict_0001_0127.uasset" 9840
"../../../Engine/Content/EngineMaterials/Substrate/Glints2/dict_0001_0129.uasset" 9841
"/Engine/EngineMaterials/Substrate/Glints2/dict_0001_0127" 9842
"/Engine/EngineMaterials/Substrate/Glints2/dict_0001_0129" 9843
"/Engine/EngineMaterials/Substrate/Glints2/dict_0001_0130" 9844
"/Engine/EngineMaterials/Substrate/Glints2/dict_0001_0131" 9845
"/Engine/EngineMaterials/Substrate/Glints2/dict_0001_0132" 9846
"../../../Engine/Content/EngineMaterials/Substrate/Glints2/dict_0001_0126.uasset" 9847
"/Engine/EngineMaterials/Substrate/Glints2/dict_0001_0133" 9848
"/Engine/EngineMaterials/Substrate/Glints2/dict_0001_0126" 9849
"../../../Engine/Content/EngineMaterials/Substrate/Glints2/dict_0001_0128.uasset" 9850
"../../../Engine/Content/EngineMaterials/Substrate/Glints2/dict_0001_0125.uasset" 9851
"../../../Engine/Content/EngineMaterials/Substrate/Glints2/dict_0001_0124.uasset" 9852
"../../../Engine/Content/EngineMaterials/Substrate/Glints2/dict_0001_0123.uasset" 9853
"../../../Engine/Content/EngineMaterials/Substrate/Glints2/dict_0001_0122.uasset" 9854
"../../../Engine/Content/EngineMaterials/Substrate/Glints2/dict_0001_0121.uasset" 9855
"../../../Engine/Content/EngineMaterials/Substrate/Glints2/dict_0001_0120.uasset" 9856
"/Engine/EngineMaterials/Substrate/Glints2/dict_0001_0121" 9857
"../../../Engine/Content/EngineMaterials/Substrate/Glints2/dict_0001_0119.uasset" 9858
"/Engine/EngineMaterials/Substrate/Glints2/dict_0001_0122" 9859
"/Engine/EngineMaterials/Substrate/Glints2/dict_0001_0123" 9860
"/Engine/EngineMaterials/Substrate/Glints2/dict_0001_0124" 9861
"/Engine/EngineMaterials/Substrate/Glints2/dict_0001_0125" 9862
"../../../Engine/Content/EngineMaterials/Substrate/Glints2/dict_0001_0116.uasset" 9863
"/Engine/EngineMaterials/Substrate/Glints2/dict_0001_0128" 9864
"../../../Engine/Content/EngineMaterials/Substrate/Glints2/dict_0001_0117.uasset" 9865
"/Engine/EngineMaterials/Substrate/Glints2/dict_0001_0119" 9866
"../../../Engine/Content/EngineMaterials/Substrate/Glints2/dict_0001_0118.uasset" 9867
"../../../Engine/Content/EngineMaterials/Substrate/Glints2/dict_0001_0115.uasset" 9868
"/Engine/EngineMaterials/Substrate/Glints2/dict_0001_0120" 9869
"/Engine/EngineMaterials/Substrate/Glints2/dict_0001_0116" 9870
"/Engine/EngineMaterials/Substrate/Glints2/dict_0001_0117" 9871
"/Engine/EngineMaterials/Substrate/Glints2/dict_0001_0115" 9872
"/Engine/EngineMaterials/Substrate/Glints2/dict_0001_0118" 9873
"../../../Engine/Content/EngineMaterials/Substrate/Glints2/dict_0001_0114.uasset" 9874
"../../../Engine/Content/EngineMaterials/Substrate/Glints2/dict_0001_0112.uasset" 9875
"../../../Engine/Content/EngineMaterials/Substrate/Glints2/dict_0001_0113.uasset" 9876
"../../../Engine/Content/EngineMaterials/Substrate/Glints2/dict_0001_0111.uasset" 9877
"../../../Engine/Content/EngineMaterials/Substrate/Glints2/dict_0001_0110.uasset" 9878
"../../../Engine/Content/EngineMaterials/Substrate/Glints2/dict_0001_0108.uasset" 9879
"../../../Engine/Content/EngineMaterials/Substrate/Glints2/dict_0001_0109.uasset" 9880
"../../../Engine/Content/EngineMaterials/Substrate/Glints2/dict_0001_0106.uasset" 9881
"../../../Engine/Content/EngineMaterials/Substrate/Glints2/dict_0001_0107.uasset" 9882
"../../../Engine/Content/EngineMaterials/Substrate/Glints2/dict_0001_0105.uasset" 9883
"../../../Engine/Content/EngineMaterials/Substrate/Glints2/dict_0001_0103.uasset" 9884
"/Engine/EngineMaterials/Substrate/Glints2/dict_0001_0103" 9885
"../../../Engine/Content/EngineMaterials/Substrate/Glints2/dict_0001_0104.uasset" 9886
"/Engine/EngineMaterials/Substrate/Glints2/dict_0001_0105" 9887
"../../../Engine/Content/EngineMaterials/Substrate/Glints2/dict_0001_0102.uasset" 9888
"/Engine/EngineMaterials/Substrate/Glints2/dict_0001_0106" 9889
"/Engine/EngineMaterials/Substrate/Glints2/dict_0001_0107" 9890
"/Engine/EngineMaterials/Substrate/Glints2/dict_0001_0108" 9891
"/Engine/EngineMaterials/Substrate/Glints2/dict_0001_0109" 9892
"/Engine/EngineMaterials/Substrate/Glints2/dict_0001_0110" 9893
"/Engine/EngineMaterials/Substrate/Glints2/dict_0001_0111" 9894
"/Engine/EngineMaterials/Substrate/Glints2/dict_0001_0112" 9895
"../../../Engine/Content/EngineMaterials/Substrate/Glints2/dict_0001_0099.uasset" 9896
"/Engine/EngineMaterials/Substrate/Glints2/dict_0001_0113" 9897
"/Engine/EngineMaterials/Substrate/Glints2/dict_0001_0114" 9898
"../../../Engine/Content/EngineMaterials/Substrate/Glints2/dict_0001_0100.uasset" 9899
"/Engine/EngineMaterials/Substrate/Glints2/dict_0001_0102" 9900
"/Engine/EngineMaterials/Substrate/Glints2/dict_0001_0104" 9901
"/Engine/EngineMaterials/Substrate/Glints2/dict_0001_0099" 9902
"/Engine/EngineMaterials/Substrate/Glints2/dict_0001_0100" 9903
"../../../Engine/Content/EngineMaterials/Substrate/Glints2/dict_0001_0101.uasset" 9904
"../../../Engine/Content/EngineMaterials/Substrate/Glints2/dict_0001_0096.uasset" 9905
"../../../Engine/Content/EngineMaterials/Substrate/Glints2/dict_0001_0098.uasset" 9906
"../../../Engine/Content/EngineMaterials/Substrate/Glints2/dict_0001_0094.uasset" 9907
"../../../Engine/Content/EngineMaterials/Substrate/Glints2/dict_0001_0095.uasset" 9908
"../../../Engine/Content/EngineMaterials/Substrate/Glints2/dict_0001_0093.uasset" 9909
"../../../Engine/Content/EngineMaterials/Substrate/Glints2/dict_0001_0091.uasset" 9910
"../../../Engine/Content/EngineMaterials/Substrate/Glints2/dict_0001_0092.uasset" 9911
"../../../Engine/Content/EngineMaterials/Substrate/Glints2/dict_0001_0088.uasset" 9912
"../../../Engine/Content/EngineMaterials/Substrate/Glints2/dict_0001_0089.uasset" 9913
"../../../Engine/Content/EngineMaterials/Substrate/Glints2/dict_0001_0090.uasset" 9914
"../../../Engine/Content/EngineMaterials/Substrate/Glints2/dict_0001_0087.uasset" 9915
"../../../Engine/Content/EngineMaterials/Substrate/Glints2/dict_0001_0086.uasset" 9916
"/Engine/EngineMaterials/Substrate/Glints2/dict_0001_0086" 9917
"/Engine/EngineMaterials/Substrate/Glints2/dict_0001_0089" 9918
"/Engine/EngineMaterials/Substrate/Glints2/dict_0001_0090" 9919
"/Engine/EngineMaterials/Substrate/Glints2/dict_0001_0091" 9920
"/Engine/EngineMaterials/Substrate/Glints2/dict_0001_0092" 9921
"/Engine/EngineMaterials/Substrate/Glints2/dict_0001_0093" 9922
"/Engine/EngineMaterials/Substrate/Glints2/dict_0001_0095" 9923
"/Engine/EngineMaterials/Substrate/Glints2/dict_0001_0096" 9924
"../../../Engine/Content/EngineMaterials/Substrate/Glints2/dict_0001_0084.uasset" 9925
"/Engine/EngineMaterials/Substrate/Glints2/dict_0001_0094" 9926
"/Engine/EngineMaterials/Substrate/Glints2/dict_0001_0098" 9927
"/Engine/EngineMaterials/Substrate/Glints2/dict_0001_0087" 9928
"../../../Engine/Content/EngineMaterials/Substrate/Glints2/dict_0001_0085.uasset" 9929
"../../../Engine/Content/EngineMaterials/Substrate/Glints2/dict_0001_0082.uasset" 9930
"../../../Engine/Content/EngineMaterials/Substrate/Glints2/dict_0001_0080.uasset" 9931
"/Engine/EngineMaterials/Substrate/Glints2/dict_0001_0088" 9932
"../../../Engine/Content/EngineMaterials/Substrate/Glints2/dict_0001_0081.uasset" 9933
"../../../Engine/Content/EngineMaterials/Substrate/Glints2/dict_0001_0078.uasset" 9934
"/Engine/EngineMaterials/Substrate/Glints2/dict_0001_0101" 9935
"../../../Engine/Content/EngineMaterials/Substrate/Glints2/dict_0001_0083.uasset" 9936
"/Engine/EngineMaterials/Substrate/Glints2/dict_0001_0085" 9937
"../../../Engine/Content/EngineMaterials/Substrate/Glints2/dict_0001_0097.uasset" 9938
"/Engine/EngineMaterials/Substrate/Glints2/dict_0001_0078" 9939
"../../../Engine/Content/EngineMaterials/Substrate/Glints2/dict_0001_0079.uasset" 9940
"/Engine/EngineMaterials/Substrate/Glints2/dict_0001_0080" 9941
"/Engine/EngineMaterials/Substrate/Glints2/dict_0001_0081" 9942
"/Engine/EngineMaterials/Substrate/Glints2/dict_0001_0082" 9943
"/Engine/EngineMaterials/Substrate/Glints2/dict_0001_0083" 9944
"/Engine/EngineMaterials/Substrate/Glints2/dict_0001_0084" 9945
"/Engine/EngineMaterials/Substrate/Glints2/dict_0001_0079" 9946
"../../../Engine/Content/EngineMaterials/Substrate/Glints2/dict_0001_0074.uasset" 9947
"../../../Engine/Content/EngineMaterials/Substrate/Glints2/dict_0001_0073.uasset" 9948
"../../../Engine/Content/EngineMaterials/Substrate/Glints2/dict_0001_0071.uasset" 9949
"../../../Engine/Content/EngineMaterials/Substrate/Glints2/dict_0001_0077.uasset" 9950
"../../../Engine/Content/EngineMaterials/Substrate/Glints2/dict_0001_0075.uasset" 9951
"../../../Engine/Content/EngineMaterials/Substrate/Glints2/dict_0001_0076.uasset" 9952
"../../../Engine/Content/EngineMaterials/Substrate/Glints2/dict_0001_0070.uasset" 9953
"../../../Engine/Content/EngineMaterials/Substrate/Glints2/dict_0001_0072.uasset" 9954
"../../../Engine/Content/EngineMaterials/Substrate/Glints2/dict_0001_0065.uasset" 9955
"../../../Engine/Content/EngineMaterials/Substrate/Glints2/dict_0001_0067.uasset" 9956
"../../../Engine/Content/EngineMaterials/Substrate/Glints2/dict_0001_0064.uasset" 9957
"../../../Engine/Content/EngineMaterials/Substrate/Glints2/dict_0001_0062.uasset" 9958
"/Engine/EngineMaterials/Substrate/Glints2/dict_0001_0072" 9959
"../../../Engine/Content/EngineMaterials/Substrate/Glints2/dict_0001_0063.uasset" 9960
"../../../Engine/Content/EngineMaterials/Substrate/Glints2/dict_0001_0069.uasset" 9961
"../../../Engine/Content/EngineMaterials/Substrate/Glints2/dict_0001_0066.uasset" 9962
"../../../Engine/Content/EngineMaterials/Substrate/Glints2/dict_0001_0068.uasset" 9963
"../../../Engine/Content/EngineMaterials/Substrate/Glints2/dict_0001_0061.uasset" 9964
"/Engine/EngineMaterials/Substrate/Glints2/dict_0001_0070" 9965
"/Engine/EngineMaterials/Substrate/Glints2/dict_0001_0073" 9966
"/Engine/EngineMaterials/Substrate/Glints2/dict_0001_0074" 9967
"/Engine/EngineMaterials/Substrate/Glints2/dict_0001_0075" 9968
"/Engine/EngineMaterials/Substrate/Glints2/dict_0001_0076" 9969
"/Engine/EngineMaterials/Substrate/Glints2/dict_0001_0077" 9970
"/Engine/EngineMaterials/Substrate/Glints2/dict_0001_0097" 9971
"/Engine/EngineMaterials/Substrate/Glints2/dict_0001_0064" 9972
"/Engine/EngineMaterials/Substrate/Glints2/dict_0001_0071" 9973
"/Engine/EngineMaterials/Substrate/Glints2/dict_0001_0065" 9974
"/Engine/EngineMaterials/Substrate/Glints2/dict_0001_0067" 9975
"/Engine/EngineMaterials/Substrate/Glints2/dict_0001_0069" 9976
"/Engine/EngineMaterials/Substrate/Glints2/dict_0001_0061" 9977
"/Engine/EngineMaterials/Substrate/Glints2/dict_0001_0062" 9978
"/Engine/EngineMaterials/Substrate/Glints2/dict_0001_0063" 9979
"../../../Engine/Content/EngineMaterials/Substrate/Glints2/dict_0001_0057.uasset" 9980
"/Engine/EngineMaterials/Substrate/Glints2/dict_0001_0068" 9981
"/Engine/EngineMaterials/Substrate/Glints2/dict_0001_0066" 9982
"../../../Engine/Content/EngineMaterials/Substrate/Glints2/dict_0001_0053.uasset" 9983
"/Engine/EngineMaterials/Substrate/Glints2/dict_0001_0057" 9984
"../../../Engine/Content/EngineMaterials/Substrate/Glints2/dict_0001_0056.uasset" 9985
"../../../Engine/Content/EngineMaterials/Substrate/Glints2/dict_0001_0060.uasset" 9986
"/Engine/EngineMaterials/Substrate/Glints2/dict_0001_0053" 9987
"../../../Engine/Content/EngineMaterials/Substrate/Glints2/dict_0001_0052.uasset" 9988
"../../../Engine/Content/EngineMaterials/Substrate/Glints2/dict_0001_0059.uasset" 9989
"../../../Engine/Content/EngineMaterials/Substrate/Glints2/dict_0001_0055.uasset" 9990
"/Engine/EngineMaterials/Substrate/Glints2/dict_0001_0056" 9991
"/Engine/EngineMaterials/Substrate/Glints2/dict_0001_0059" 9992
"../../../Engine/Content/EngineMaterials/Substrate/Glints2/dict_0001_0058.uasset" 9993
"/Engine/EngineMaterials/Substrate/Glints2/dict_0001_0060" 9994
"/Engine/EngineMaterials/Substrate/Glints2/dict_0001_0052" 9995
"/Engine/EngineMaterials/Substrate/Glints2/dict_0001_0055" 9996
"/Engine/EngineMaterials/Substrate/Glints2/dict_0001_0058" 9997
"../../../Engine/Content/EngineMaterials/Substrate/Glints2/dict_0001_0054.uasset" 9998
"/Engine/EngineMaterials/Substrate/Glints2/dict_0001_0054" 9999
"../../../Engine/Content/EngineMaterials/Substrate/Glints2/dict_0001_0051.uasset" 10000
"../../../Engine/Content/EngineMaterials/Substrate/Glints2/dict_0001_0049.uasset" 10001
"../../../Engine/Content/EngineMaterials/Substrate/Glints2/dict_0001_0046.uasset" 10002
"../../../Engine/Content/EngineMaterials/Substrate/Glints2/dict_0001_0045.uasset" 10003
"../../../Engine/Content/EngineMaterials/Substrate/Glints2/dict_0001_0047.uasset" 10004
"../../../Engine/Content/EngineMaterials/Substrate/Glints2/dict_0001_0050.uasset" 10005
"../../../Engine/Content/EngineMaterials/Substrate/Glints2/dict_0001_0048.uasset" 10006
"../../../Engine/Content/EngineMaterials/Substrate/Glints2/dict_0001_0044.uasset" 10007
"../../../Engine/Content/EngineMaterials/Substrate/Glints2/dict_0001_0042.uasset" 10008
"../../../Engine/Content/EngineMaterials/Substrate/Glints2/dict_0001_0039.uasset" 10009
"../../../Engine/Content/EngineMaterials/Substrate/Glints2/dict_0001_0038.uasset" 10010
"../../../Engine/Content/EngineMaterials/Substrate/Glints2/dict_0001_0041.uasset" 10011
"../../../Engine/Content/EngineMaterials/Substrate/Glints2/dict_0001_0037.uasset" 10012
"../../../Engine/Content/EngineMaterials/Substrate/Glints2/dict_0001_0040.uasset" 10013
"../../../Engine/Content/EngineMaterials/Substrate/Glints2/dict_0001_0043.uasset" 10014
"../../../Engine/Content/EngineMaterials/Substrate/Glints2/dict_0001_0035.uasset" 10015
"/Engine/EngineMaterials/Substrate/Glints2/dict_0001_0048" 10016
"/Engine/EngineMaterials/Substrate/Glints2/dict_0001_0037" 10017
"/Engine/EngineMaterials/Substrate/Glints2/dict_0001_0038" 10018
"/Engine/EngineMaterials/Substrate/Glints2/dict_0001_0039" 10019
"/Engine/EngineMaterials/Substrate/Glints2/dict_0001_0040" 10020
"/Engine/EngineMaterials/Substrate/Glints2/dict_0001_0041" 10021
"/Engine/EngineMaterials/Substrate/Glints2/dict_0001_0049" 10022
"/Engine/EngineMaterials/Substrate/Glints2/dict_0001_0047" 10023
"/Engine/EngineMaterials/Substrate/Glints2/dict_0001_0050" 10024
"/Engine/EngineMaterials/Substrate/Glints2/dict_0001_0042" 10025
"/Engine/EngineMaterials/Substrate/Glints2/dict_0001_0043" 10026
"/Engine/EngineMaterials/Substrate/Glints2/dict_0001_0051" 10027
"/Engine/EngineMaterials/Substrate/Glints2/dict_0001_0044" 10028
"/Engine/EngineMaterials/Substrate/Glints2/dict_0001_0045" 10029
"/Engine/EngineMaterials/Substrate/Glints2/dict_0001_0046" 10030
"/Engine/EngineMaterials/Substrate/Glints2/dict_0001_0035" 10031
"../../../Engine/Content/EngineMaterials/Substrate/Glints2/dict_0001_0030.uasset" 10032
"../../../Engine/Content/EngineMaterials/Substrate/Glints2/dict_0001_0033.uasset" 10033
"../../../Engine/Content/EngineMaterials/Substrate/Glints2/dict_0001_0031.uasset" 10034
"../../../Engine/Content/EngineMaterials/Substrate/Glints2/dict_0001_0034.uasset" 10035
"../../../Engine/Content/EngineMaterials/Substrate/Glints2/dict_0001_0036.uasset" 10036
"../../../Engine/Content/EngineMaterials/Substrate/Glints2/dict_0001_0032.uasset" 10037
"../../../Engine/Content/EngineMaterials/Substrate/Glints2/dict_0001_0029.uasset" 10038
"../../../Engine/Content/EngineMaterials/Substrate/Glints2/dict_0001_0027.uasset" 10039
"../../../Engine/Content/EngineMaterials/Substrate/Glints2/dict_0001_0028.uasset" 10040
"../../../Engine/Content/EngineMaterials/Substrate/Glints2/dict_0001_0025.uasset" 10041
"../../../Engine/Content/EngineMaterials/Substrate/Glints2/dict_0001_0023.uasset" 10042
"../../../Engine/Content/EngineMaterials/Substrate/Glints2/dict_0001_0022.uasset" 10043
"../../../Engine/Content/EngineMaterials/Substrate/Glints2/dict_0001_0024.uasset" 10044
"../../../Engine/Content/EngineMaterials/Substrate/Glints2/dict_0001_0019.uasset" 10045
"../../../Engine/Content/EngineMaterials/Substrate/Glints2/dict_0001_0021.uasset" 10046
"/Engine/EngineMaterials/Substrate/Glints2/dict_0001_0021" 10047
"/Engine/EngineMaterials/Substrate/Glints2/dict_0001_0029" 10048
"../../../Engine/Content/EngineMaterials/Substrate/Glints2/dict_0001_0018.uasset" 10049
"/Engine/EngineMaterials/Substrate/Glints2/dict_0001_0023" 10050
"/Engine/EngineMaterials/Substrate/Glints2/dict_0001_0027" 10051
"../../../Engine/Content/EngineMaterials/Substrate/Glints2/dict_0001_0017.uasset" 10052
"../../../Engine/Content/EngineMaterials/Substrate/Glints2/dict_0001_0020.uasset" 10053
"/Engine/EngineMaterials/Substrate/Glints2/dict_0001_0036" 10054
"/Engine/EngineMaterials/Substrate/Glints2/dict_0001_0022" 10055
"/Engine/EngineMaterials/Substrate/Glints2/dict_0001_0024" 10056
"/Engine/EngineMaterials/Substrate/Glints2/dict_0001_0025" 10057
"/Engine/EngineMaterials/Substrate/Glints2/dict_0001_0030" 10058
"/Engine/EngineMaterials/Substrate/Glints2/dict_0001_0031" 10059
"/Engine/EngineMaterials/Substrate/Glints2/dict_0001_0032" 10060
"/Engine/EngineMaterials/Substrate/Glints2/dict_0001_0028" 10061
"/Engine/EngineMaterials/Substrate/Glints2/dict_0001_0033" 10062
"../../../Engine/Content/EngineMaterials/Substrate/Glints2/dict_0001_0011.uasset" 10063
"../../../Engine/Content/EngineMaterials/Substrate/Glints2/dict_0001_0012.uasset" 10064
"/Engine/EngineMaterials/Substrate/Glints2/dict_0001_0034" 10065
"../../../Engine/Content/EngineMaterials/Substrate/Glints2/dict_0001_0016.uasset" 10066
"../../../Engine/Content/EngineMaterials/Substrate/Glints2/dict_0001_0013.uasset" 10067
"/Engine/EngineMaterials/Substrate/Glints2/dict_0001_0019" 10068
"../../../Engine/Content/EngineMaterials/Substrate/Glints2/dict_0001_0014.uasset" 10069
"../../../Engine/Content/EngineMaterials/Substrate/Glints2/dict_0001_0026.uasset" 10070
"/Engine/EngineMaterials/Substrate/Glints2/dict_0001_0011" 10071
"/Engine/EngineMaterials/Substrate/Glints2/dict_0001_0012" 10072
"/Engine/EngineMaterials/Substrate/Glints2/dict_0001_0013" 10073
"/Engine/EngineMaterials/Substrate/Glints2/dict_0001_0014" 10074
"/Engine/EngineMaterials/Substrate/Glints2/dict_0001_0016" 10075
"/Engine/EngineMaterials/Substrate/Glints2/dict_0001_0017" 10076
"/Engine/EngineMaterials/Substrate/Glints2/dict_0001_0018" 10077
"/Engine/EngineMaterials/Substrate/Glints2/dict_0001_0020" 10078
"../../../Engine/Content/EngineMaterials/Substrate/Glints2/dict_0001_0010.uasset" 10079
"/Engine/EngineMaterials/Substrate/Glints2/dict_0001_0026" 10080
"/Engine/EngineMaterials/Substrate/Glints2/dict_0001_0010" 10081
"../../../Engine/Content/EngineMaterials/Substrate/Glints2/dict_0001_0007.uasset" 10082
"../../../Engine/Content/EngineMaterials/Substrate/Glints2/dict_0001_0004.uasset" 10083
"../../../Engine/Content/EngineMaterials/Substrate/Glints2/dict_0001_0006.uasset" 10084
"../../../Engine/Content/EngineMaterials/Substrate/Glints2/dict_0001_0009.uasset" 10085
"../../../Engine/Content/EngineMaterials/Substrate/Glints2/dict_0001_0003.uasset" 10086
"../../../Engine/Content/EngineMaterials/Substrate/Glints2/dict_0001_0005.uasset" 10087
"../../../Engine/Content/EngineMaterials/Substrate/Glints2/dict_0001_0015.uasset" 10088
"../../../Engine/Content/EngineMaterials/Substrate/Glints2/dict_0001_0002.uasset" 10089
"../../../Engine/Content/EngineMaterials/Substrate/Glints2/dict_0000_0254.uasset" 10090
"../../../Engine/Content/EngineMaterials/Substrate/Glints2/dict_0000_0255.uasset" 10091
"../../../Engine/Content/EngineMaterials/Substrate/Glints2/dict_0001_0001.uasset" 10092
"../../../Engine/Content/EngineMaterials/Substrate/Glints2/dict_0000_0253.uasset" 10093
"../../../Engine/Content/EngineMaterials/Substrate/Glints2/dict_0001_0000.uasset" 10094
"/Engine/EngineMaterials/Substrate/Glints2/dict_0001_0004" 10095
"/Engine/EngineMaterials/Substrate/Glints2/dict_0001_0005" 10096
"/Engine/EngineMaterials/Substrate/Glints2/dict_0001_0006" 10097
"/Engine/EngineMaterials/Substrate/Glints2/dict_0001_0007" 10098
"/Engine/EngineMaterials/Substrate/Glints2/dict_0000_0253" 10099
"../../../Engine/Content/EngineMaterials/Substrate/Glints2/dict_0000_0252.uasset" 10100
"/Engine/EngineMaterials/Substrate/Glints2/dict_0000_0254" 10101
"/Engine/EngineMaterials/Substrate/Glints2/dict_0001_0009" 10102
"/Engine/EngineMaterials/Substrate/Glints2/dict_0000_0255" 10103
"../../../Engine/Content/EngineMaterials/Substrate/Glints2/dict_0000_0250.uasset" 10104
"/Engine/EngineMaterials/Substrate/Glints2/dict_0001_0015" 10105
"/Engine/EngineMaterials/Substrate/Glints2/dict_0001_0001" 10106
"/Engine/EngineMaterials/Substrate/Glints2/dict_0001_0002" 10107
"../../../Engine/Content/EngineMaterials/Substrate/Glints2/dict_0000_0251.uasset" 10108
"/Engine/EngineMaterials/Substrate/Glints2/dict_0001_0003" 10109
"/Engine/EngineMaterials/Substrate/Glints2/dict_0000_0250" 10110
"/Engine/EngineMaterials/Substrate/Glints2/dict_0000_0251" 10111
"/Engine/EngineMaterials/Substrate/Glints2/dict_0000_0252" 10112
"../../../Engine/Content/EngineMaterials/Substrate/Glints2/dict_0000_0249.uasset" 10113
"/Engine/EngineMaterials/Substrate/Glints2/dict_0001_0000" 10114
"/Engine/EngineMaterials/Substrate/Glints2/dict_0000_0249" 10115
"../../../Engine/Content/EngineMaterials/Substrate/Glints2/dict_0000_0244.uasset" 10116
"/Engine/EngineMaterials/Substrate/Glints2/dict_0000_0244" 10117
"../../../Engine/Content/EngineMaterials/Substrate/Glints2/dict_0000_0247.uasset" 10118
"/Engine/EngineMaterials/Substrate/Glints2/dict_0000_0247" 10119
"../../../Engine/Content/EngineMaterials/Substrate/Glints2/dict_0000_0245.uasset" 10120
"../../../Engine/Content/EngineMaterials/Substrate/Glints2/dict_0000_0243.uasset" 10121
"../../../Engine/Content/EngineMaterials/Substrate/Glints2/dict_0000_0242.uasset" 10122
"../../../Engine/Content/EngineMaterials/Substrate/Glints2/dict_0000_0240.uasset" 10123
"../../../Engine/Content/EngineMaterials/Substrate/Glints2/dict_0000_0239.uasset" 10124
"../../../Engine/Content/EngineMaterials/Substrate/Glints2/dict_0000_0237.uasset" 10125
"../../../Engine/Content/EngineMaterials/Substrate/Glints2/dict_0000_0238.uasset" 10126
"../../../Engine/Content/EngineMaterials/Substrate/Glints2/dict_0000_0248.uasset" 10127
"../../../Engine/Content/EngineMaterials/Substrate/Glints2/dict_0000_0246.uasset" 10128
"../../../Engine/Content/EngineMaterials/Substrate/Glints2/dict_0001_0008.uasset" 10129
"../../../Engine/Content/EngineMaterials/Substrate/Glints2/dict_0000_0236.uasset" 10130
"../../../Engine/Content/EngineMaterials/Substrate/Glints2/dict_0000_0241.uasset" 10131
"/Engine/EngineMaterials/Substrate/Glints2/dict_0000_0245" 10132
"/Engine/EngineMaterials/Substrate/Glints2/dict_0000_0246" 10133
"/Engine/EngineMaterials/Substrate/Glints2/dict_0000_0248" 10134
"/Engine/EngineMaterials/Substrate/Glints2/dict_0001_0008" 10135
"/Engine/EngineMaterials/Substrate/Glints2/dict_0000_0237" 10136
"/Engine/EngineMaterials/Substrate/Glints2/dict_0000_0238" 10137
"../../../Engine/Content/EngineMaterials/Substrate/Glints2/dict_0000_0234.uasset" 10138
"/Engine/EngineMaterials/Substrate/Glints2/dict_0000_0239" 10139
"/Engine/EngineMaterials/Substrate/Glints2/dict_0000_0240" 10140
"../../../Engine/Content/EngineMaterials/Substrate/Glints2/dict_0000_0233.uasset" 10141
"/Engine/EngineMaterials/Substrate/Glints2/dict_0000_0241" 10142
"../../../Engine/Content/EngineMaterials/Substrate/Glints2/dict_0000_0231.uasset" 10143
"/Engine/EngineMaterials/Substrate/Glints2/dict_0000_0242" 10144
"/Engine/EngineMaterials/Substrate/Glints2/dict_0000_0236" 10145
"/Engine/EngineMaterials/Substrate/Glints2/dict_0000_0243" 10146
"../../../Engine/Content/EngineMaterials/Substrate/Glints2/dict_0000_0232.uasset" 10147
"/Engine/EngineMaterials/Substrate/Glints2/dict_0000_0231" 10148
"../../../Engine/Content/EngineMaterials/Substrate/Glints2/dict_0000_0235.uasset" 10149
"/Engine/EngineMaterials/Substrate/Glints2/dict_0000_0232" 10150
"/Engine/EngineMaterials/Substrate/Glints2/dict_0000_0233" 10151
"/Engine/EngineMaterials/Substrate/Glints2/dict_0000_0234" 10152
"../../../Engine/Content/EngineMaterials/Substrate/Glints2/dict_0000_0227.uasset" 10153
"../../../Engine/Content/EngineMaterials/Substrate/Glints2/dict_0000_0226.uasset" 10154
"/Engine/EngineMaterials/Substrate/Glints2/dict_0000_0226" 10155
"/Engine/EngineMaterials/Substrate/Glints2/dict_0000_0227" 10156
"/Engine/EngineMaterials/Substrate/Glints2/dict_0000_0235" 10157
"../../../Engine/Content/EngineMaterials/Substrate/Glints2/dict_0000_0230.uasset" 10158
"../../../Engine/Content/EngineMaterials/Substrate/Glints2/dict_0000_0225.uasset" 10159
"../../../Engine/Content/EngineMaterials/Substrate/Glints2/dict_0000_0224.uasset" 10160
"../../../Engine/Content/EngineMaterials/Substrate/Glints2/dict_0000_0223.uasset" 10161
"../../../Engine/Content/EngineMaterials/Substrate/Glints2/dict_0000_0222.uasset" 10162
"../../../Engine/Content/EngineMaterials/Substrate/Glints2/dict_0000_0219.uasset" 10163
"../../../Engine/Content/EngineMaterials/Substrate/Glints2/dict_0000_0228.uasset" 10164
"../../../Engine/Content/EngineMaterials/Substrate/Glints2/dict_0000_0229.uasset" 10165
"../../../Engine/Content/EngineMaterials/Substrate/Glints2/dict_0000_0221.uasset" 10166
"../../../Engine/Content/EngineMaterials/Substrate/Glints2/dict_0000_0220.uasset" 10167
"../../../Engine/Content/EngineMaterials/Substrate/Glints2/dict_0000_0217.uasset" 10168
"/Engine/EngineMaterials/Substrate/Glints2/dict_0000_0223" 10169
"../../../Engine/Content/EngineMaterials/Substrate/Glints2/dict_0000_0216.uasset" 10170
"/Engine/EngineMaterials/Substrate/Glints2/dict_0000_0224" 10171
"../../../Engine/Content/EngineMaterials/Substrate/Glints2/dict_0000_0215.uasset" 10172
"/Engine/EngineMaterials/Substrate/Glints2/dict_0000_0219" 10173
"../../../Engine/Content/EngineMaterials/Substrate/Glints2/dict_0000_0214.uasset" 10174
"/Engine/EngineMaterials/Substrate/Glints2/dict_0000_0220" 10175
"/Engine/EngineMaterials/Substrate/Glints2/dict_0000_0225" 10176
"../../../Engine/Content/EngineMaterials/Substrate/Glints2/dict_0000_0218.uasset" 10177
"../../../Engine/Content/EngineMaterials/Substrate/Glints2/dict_0000_0210.uasset" 10178
"../../../Engine/Content/EngineMaterials/Substrate/Glints2/dict_0000_0211.uasset" 10179
"/Engine/EngineMaterials/Substrate/Glints2/dict_0000_0221" 10180
"../../../Engine/Content/EngineMaterials/Substrate/Glints2/dict_0000_0209.uasset" 10181
"/Engine/EngineMaterials/Substrate/Glints2/dict_0000_0228" 10182
"../../../Engine/Content/EngineMaterials/Substrate/Glints2/dict_0000_0213.uasset" 10183
"/Engine/EngineMaterials/Substrate/Glints2/dict_0000_0229" 10184
"/Engine/EngineMaterials/Substrate/Glints2/dict_0000_0230" 10185
"/Engine/EngineMaterials/Substrate/Glints2/dict_0000_0222" 10186
"/Engine/EngineMaterials/Substrate/Glints2/dict_0000_0217" 10187
"/Engine/EngineMaterials/Substrate/Glints2/dict_0000_0216" 10188
"/Engine/EngineMaterials/Substrate/Glints2/dict_0000_0218" 10189
"/Engine/EngineMaterials/Substrate/Glints2/dict_0000_0209" 10190
"/Engine/EngineMaterials/Substrate/Glints2/dict_0000_0210" 10191
"/Engine/EngineMaterials/Substrate/Glints2/dict_0000_0211" 10192
"/Engine/EngineMaterials/Substrate/Glints2/dict_0000_0213" 10193
"/Engine/EngineMaterials/Substrate/Glints2/dict_0000_0214" 10194
"../../../Engine/Content/EngineMaterials/Substrate/Glints2/dict_0000_0207.uasset" 10195
"/Engine/EngineMaterials/Substrate/Glints2/dict_0000_0215" 10196
"/Engine/EngineMaterials/Substrate/Glints2/dict_0000_0207" 10197
"../../../Engine/Content/EngineMaterials/Substrate/Glints2/dict_0000_0212.uasset" 10198
"../../../Engine/Content/EngineMaterials/Substrate/Glints2/dict_0000_0208.uasset" 10199
"/Engine/EngineMaterials/Substrate/Glints2/dict_0000_0208" 10200
"../../../Engine/Content/EngineMaterials/Substrate/Glints2/dict_0000_0206.uasset" 10201
"/Engine/EngineMaterials/Substrate/Glints2/dict_0000_0212" 10202
"/Engine/EngineMaterials/Substrate/Glints2/dict_0000_0206" 10203
"../../../Engine/Content/EngineMaterials/Substrate/Glints2/dict_0000_0205.uasset" 10204
"../../../Engine/Content/EngineMaterials/Substrate/Glints2/dict_0000_0202.uasset" 10205
"../../../Engine/Content/EngineMaterials/Substrate/Glints2/dict_0000_0203.uasset" 10206
"../../../Engine/Content/EngineMaterials/Substrate/Glints2/dict_0000_0201.uasset" 10207
"../../../Engine/Content/EngineMaterials/Substrate/Glints2/dict_0000_0204.uasset" 10208
"../../../Engine/Content/EngineMaterials/Substrate/Glints2/dict_0000_0199.uasset" 10209
"../../../Engine/Content/EngineMaterials/Substrate/Glints2/dict_0000_0197.uasset" 10210
"../../../Engine/Content/EngineMaterials/Substrate/Glints2/dict_0000_0196.uasset" 10211
"../../../Engine/Content/EngineMaterials/Substrate/Glints2/dict_0000_0195.uasset" 10212
"../../../Engine/Content/EngineMaterials/Substrate/Glints2/dict_0000_0193.uasset" 10213
"../../../Engine/Content/EngineMaterials/Substrate/Glints2/dict_0000_0192.uasset" 10214
"../../../Engine/Content/EngineMaterials/Substrate/Glints2/dict_0000_0200.uasset" 10215
"../../../Engine/Content/EngineMaterials/Substrate/Glints2/dict_0000_0191.uasset" 10216
"../../../Engine/Content/EngineMaterials/Substrate/Glints2/dict_0000_0194.uasset" 10217
"../../../Engine/Content/EngineMaterials/Substrate/Glints2/dict_0000_0198.uasset" 10218
"/Engine/EngineMaterials/Substrate/Glints2/dict_0000_0204" 10219
"/Engine/EngineMaterials/Substrate/Glints2/dict_0000_0205" 10220
"/Engine/EngineMaterials/Substrate/Glints2/dict_0000_0197" 10221
"/Engine/EngineMaterials/Substrate/Glints2/dict_0000_0191" 10222
"/Engine/EngineMaterials/Substrate/Glints2/dict_0000_0198" 10223
"../../../Engine/Content/EngineMaterials/Substrate/Glints2/dict_0000_0190.uasset" 10224
"../../../Engine/Content/EngineMaterials/Substrate/Glints2/dict_0000_0189.uasset" 10225
"/Engine/EngineMaterials/Substrate/Glints2/dict_0000_0192" 10226
"../../../Engine/Content/EngineMaterials/Substrate/Glints2/dict_0000_0188.uasset" 10227
"/Engine/EngineMaterials/Substrate/Glints2/dict_0000_0193" 10228
"/Engine/EngineMaterials/Substrate/Glints2/dict_0000_0199" 10229
"/Engine/EngineMaterials/Substrate/Glints2/dict_0000_0194" 10230
"/Engine/EngineMaterials/Substrate/Glints2/dict_0000_0200" 10231
"../../../Engine/Content/EngineMaterials/Substrate/Glints2/dict_0000_0185.uasset" 10232
"/Engine/EngineMaterials/Substrate/Glints2/dict_0000_0195" 10233
"/Engine/EngineMaterials/Substrate/Glints2/dict_0000_0201" 10234
"../../../Engine/Content/EngineMaterials/Substrate/Glints2/dict_0000_0187.uasset" 10235
"../../../Engine/Content/EngineMaterials/Substrate/Glints2/dict_0000_0184.uasset" 10236
"/Engine/EngineMaterials/Substrate/Glints2/dict_0000_0202" 10237
"/Engine/EngineMaterials/Substrate/Glints2/dict_0000_0203" 10238
"/Engine/EngineMaterials/Substrate/Glints2/dict_0000_0196" 10239
"/Engine/EngineMaterials/Substrate/Glints2/dict_0000_0187" 10240
"/Engine/EngineMaterials/Substrate/Glints2/dict_0000_0188" 10241
"../../../Engine/Content/EngineMaterials/Substrate/Glints2/dict_0000_0183.uasset" 10242
"/Engine/EngineMaterials/Substrate/Glints2/dict_0000_0189" 10243
"/Engine/EngineMaterials/Substrate/Glints2/dict_0000_0190" 10244
"/Engine/EngineMaterials/Substrate/Glints2/dict_0000_0184" 10245
"../../../Engine/Content/EngineMaterials/Substrate/Glints2/dict_0000_0182.uasset" 10246
"/Engine/EngineMaterials/Substrate/Glints2/dict_0000_0185" 10247
"../../../Engine/Content/EngineMaterials/Substrate/Glints2/dict_0000_0180.uasset" 10248
"/Engine/EngineMaterials/Substrate/Glints2/dict_0000_0182" 10249
"/Engine/EngineMaterials/Substrate/Glints2/dict_0000_0183" 10250
"/Engine/EngineMaterials/Substrate/Glints2/dict_0000_0180" 10251
"../../../Engine/Content/EngineMaterials/Substrate/Glints2/dict_0000_0179.uasset" 10252
"../../../Engine/Content/EngineMaterials/Substrate/Glints2/dict_0000_0178.uasset" 10253
"../../../Engine/Content/EngineMaterials/Substrate/Glints2/dict_0000_0186.uasset" 10254
"../../../Engine/Content/EngineMaterials/Substrate/Glints2/dict_0000_0177.uasset" 10255
"../../../Engine/Content/EngineMaterials/Substrate/Glints2/dict_0000_0176.uasset" 10256
"../../../Engine/Content/EngineMaterials/Substrate/Glints2/dict_0000_0175.uasset" 10257
"../../../Engine/Content/EngineMaterials/Substrate/Glints2/dict_0000_0174.uasset" 10258
"../../../Engine/Content/EngineMaterials/Substrate/Glints2/dict_0000_0181.uasset" 10259
"../../../Engine/Content/EngineMaterials/Substrate/Glints2/dict_0000_0171.uasset" 10260
"../../../Engine/Content/EngineMaterials/Substrate/Glints2/dict_0000_0170.uasset" 10261
"../../../Engine/Content/EngineMaterials/Substrate/Glints2/dict_0000_0173.uasset" 10262
"../../../Engine/Content/EngineMaterials/Substrate/Glints2/dict_0000_0172.uasset" 10263
"../../../Engine/Content/EngineMaterials/Substrate/Glints2/dict_0000_0167.uasset" 10264
"../../../Engine/Content/EngineMaterials/Substrate/Glints2/dict_0000_0168.uasset" 10265
"../../../Engine/Content/EngineMaterials/Substrate/Glints2/dict_0000_0169.uasset" 10266
"/Engine/EngineMaterials/Substrate/Glints2/dict_0000_0186" 10267
"/Engine/EngineMaterials/Substrate/Glints2/dict_0000_0178" 10268
"/Engine/EngineMaterials/Substrate/Glints2/dict_0000_0174" 10269
"/Engine/EngineMaterials/Substrate/Glints2/dict_0000_0179" 10270
"/Engine/EngineMaterials/Substrate/Glints2/dict_0000_0177" 10271
"/Engine/EngineMaterials/Substrate/Glints2/dict_0000_0175" 10272
"/Engine/EngineMaterials/Substrate/Glints2/dict_0000_0167" 10273
"/Engine/EngineMaterials/Substrate/Glints2/dict_0000_0181" 10274
"/Engine/EngineMaterials/Substrate/Glints2/dict_0000_0168" 10275
"/Engine/EngineMaterials/Substrate/Glints2/dict_0000_0176" 10276
"../../../Engine/Content/EngineMaterials/Substrate/Glints2/dict_0000_0166.uasset" 10277
"../../../Engine/Content/EngineMaterials/Substrate/Glints2/dict_0000_0165.uasset" 10278
"../../../Engine/Content/EngineMaterials/Substrate/Glints2/dict_0000_0164.uasset" 10279
"/Engine/EngineMaterials/Substrate/Glints2/dict_0000_0169" 10280
"/Engine/EngineMaterials/Substrate/Glints2/dict_0000_0170" 10281
"../../../Engine/Content/EngineMaterials/Substrate/Glints2/dict_0000_0161.uasset" 10282
"../../../Engine/Content/EngineMaterials/Substrate/Glints2/dict_0000_0162.uasset" 10283
"../../../Engine/Content/EngineMaterials/Substrate/Glints2/dict_0000_0160.uasset" 10284
"/Engine/EngineMaterials/Substrate/Glints2/dict_0000_0171" 10285
"/Engine/EngineMaterials/Substrate/Glints2/dict_0000_0172" 10286
"../../../Engine/Content/EngineMaterials/Substrate/Glints2/dict_0000_0163.uasset" 10287
"/Engine/EngineMaterials/Substrate/Glints2/dict_0000_0173" 10288
"/Engine/EngineMaterials/Substrate/Glints2/dict_0000_0160" 10289
"/Engine/EngineMaterials/Substrate/Glints2/dict_0000_0161" 10290
"/Engine/EngineMaterials/Substrate/Glints2/dict_0000_0162" 10291
"../../../Engine/Content/EngineMaterials/Substrate/Glints2/dict_0000_0159.uasset" 10292
"/Engine/EngineMaterials/Substrate/Glints2/dict_0000_0163" 10293
"../../../Engine/Content/EngineMaterials/Substrate/Glints2/dict_0000_0158.uasset" 10294
"/Engine/EngineMaterials/Substrate/Glints2/dict_0000_0164" 10295
"/Engine/EngineMaterials/Substrate/Glints2/dict_0000_0165" 10296
"/Engine/EngineMaterials/Substrate/Glints2/dict_0000_0166" 10297
"/Engine/EngineMaterials/Substrate/Glints2/dict_0000_0159" 10298
"/Engine/EngineMaterials/Substrate/Glints2/dict_0000_0158" 10299
"../../../Engine/Content/EngineMaterials/Substrate/Glints2/dict_0000_0153.uasset" 10300
"../../../Engine/Content/EngineMaterials/Substrate/Glints2/dict_0000_0150.uasset" 10301
"../../../Engine/Content/EngineMaterials/Substrate/Glints2/dict_0000_0156.uasset" 10302
"../../../Engine/Content/EngineMaterials/Substrate/Glints2/dict_0000_0157.uasset" 10303
"../../../Engine/Content/EngineMaterials/Substrate/Glints2/dict_0000_0155.uasset" 10304
"../../../Engine/Content/EngineMaterials/Substrate/Glints2/dict_0000_0152.uasset" 10305
"../../../Engine/Content/EngineMaterials/Substrate/Glints2/dict_0000_0149.uasset" 10306
"../../../Engine/Content/EngineMaterials/Substrate/Glints2/dict_0000_0154.uasset" 10307
"../../../Engine/Content/EngineMaterials/Substrate/Glints2/dict_0000_0151.uasset" 10308
"../../../Engine/Content/EngineMaterials/Substrate/Glints2/dict_0000_0148.uasset" 10309
"/Engine/EngineMaterials/Substrate/Glints2/dict_0000_0153" 10310
"/Engine/EngineMaterials/Substrate/Glints2/dict_0000_0154" 10311
"../../../Engine/Content/EngineMaterials/Substrate/Glints2/dict_0000_0145.uasset" 10312
"../../../Engine/Content/EngineMaterials/Substrate/Glints2/dict_0000_0141.uasset" 10313
"/Engine/EngineMaterials/Substrate/Glints2/dict_0000_0155" 10314
"../../../Engine/Content/EngineMaterials/Substrate/Glints2/dict_0000_0144.uasset" 10315
"../../../Engine/Content/EngineMaterials/Substrate/Glints2/dict_0000_0142.uasset" 10316
"../../../Engine/Content/EngineMaterials/Substrate/Glints2/dict_0000_0140.uasset" 10317
"../../../Engine/Content/EngineMaterials/Substrate/Glints2/dict_0000_0147.uasset" 10318
"../../../Engine/Content/EngineMaterials/Substrate/Glints2/dict_0000_0139.uasset" 10319
"../../../Engine/Content/EngineMaterials/Substrate/Glints2/dict_0000_0143.uasset" 10320
"/Engine/EngineMaterials/Substrate/Glints2/dict_0000_0156" 10321
"../../../Engine/Content/EngineMaterials/Substrate/Glints2/dict_0000_0146.uasset" 10322
"/Engine/EngineMaterials/Substrate/Glints2/dict_0000_0150" 10323
"/Engine/EngineMaterials/Substrate/Glints2/dict_0000_0151" 10324
"/Engine/EngineMaterials/Substrate/Glints2/dict_0000_0152" 10325
"/Engine/EngineMaterials/Substrate/Glints2/dict_0000_0157" 10326
"/Engine/EngineMaterials/Substrate/Glints2/dict_0000_0148" 10327
"/Engine/EngineMaterials/Substrate/Glints2/dict_0000_0149" 10328
"/Engine/EngineMaterials/Substrate/Glints2/dict_0000_0139" 10329
"/Engine/EngineMaterials/Substrate/Glints2/dict_0000_0140" 10330
"../../../Engine/Content/EngineMaterials/Substrate/Glints2/dict_0000_0138.uasset" 10331
"/Engine/EngineMaterials/Substrate/Glints2/dict_0000_0141" 10332
"/Engine/EngineMaterials/Substrate/Glints2/dict_0000_0142" 10333
"/Engine/EngineMaterials/Substrate/Glints2/dict_0000_0143" 10334
"/Engine/EngineMaterials/Substrate/Glints2/dict_0000_0144" 10335
"/Engine/EngineMaterials/Substrate/Glints2/dict_0000_0145" 10336
"/Engine/EngineMaterials/Substrate/Glints2/dict_0000_0146" 10337
"/Engine/EngineMaterials/Substrate/Glints2/dict_0000_0147" 10338
"/Engine/EngineMaterials/Substrate/Glints2/dict_0000_0138" 10339
"../../../Engine/Content/EngineMaterials/Substrate/Glints2/dict_0000_0136.uasset" 10340
"../../../Engine/Content/EngineMaterials/Substrate/Glints2/dict_0000_0132.uasset" 10341
"../../../Engine/Content/EngineMaterials/Substrate/Glints2/dict_0000_0137.uasset" 10342
"../../../Engine/Content/EngineMaterials/Substrate/Glints2/dict_0000_0129.uasset" 10343
"../../../Engine/Content/EngineMaterials/Substrate/Glints2/dict_0000_0130.uasset" 10344
"../../../Engine/Content/EngineMaterials/Substrate/Glints2/dict_0000_0134.uasset" 10345
"../../../Engine/Content/EngineMaterials/Substrate/Glints2/dict_0000_0131.uasset" 10346
"../../../Engine/Content/EngineMaterials/Substrate/Glints2/dict_0000_0133.uasset" 10347
"../../../Engine/Content/EngineMaterials/Substrate/Glints2/dict_0000_0128.uasset" 10348
"../../../Engine/Content/EngineMaterials/Substrate/Glints2/dict_0000_0127.uasset" 10349
"../../../Engine/Content/EngineMaterials/Substrate/Glints2/dict_0000_0124.uasset" 10350
"../../../Engine/Content/EngineMaterials/Substrate/Glints2/dict_0000_0126.uasset" 10351
"../../../Engine/Content/EngineMaterials/Substrate/Glints2/dict_0000_0122.uasset" 10352
"../../../Engine/Content/EngineMaterials/Substrate/Glints2/dict_0000_0125.uasset" 10353
"../../../Engine/Content/EngineMaterials/Substrate/Glints2/dict_0000_0135.uasset" 10354
"../../../Engine/Content/EngineMaterials/Substrate/Glints2/dict_0000_0121.uasset" 10355
"../../../Engine/Content/EngineMaterials/Substrate/Glints2/dict_0000_0120.uasset" 10356
"/Engine/EngineMaterials/Substrate/Glints2/dict_0000_0135" 10357
"../../../Engine/Content/EngineMaterials/Substrate/Glints2/dict_0000_0123.uasset" 10358
"/Engine/EngineMaterials/Substrate/Glints2/dict_0000_0126" 10359
"/Engine/EngineMaterials/Substrate/Glints2/dict_0000_0128" 10360
"/Engine/EngineMaterials/Substrate/Glints2/dict_0000_0136" 10361
"/Engine/EngineMaterials/Substrate/Glints2/dict_0000_0137" 10362
"/Engine/EngineMaterials/Substrate/Glints2/dict_0000_0129" 10363
"/Engine/EngineMaterials/Substrate/Glints2/dict_0000_0130" 10364
"/Engine/EngineMaterials/Substrate/Glints2/dict_0000_0131" 10365
"/Engine/EngineMaterials/Substrate/Glints2/dict_0000_0132" 10366
"/Engine/EngineMaterials/Substrate/Glints2/dict_0000_0133" 10367
"/Engine/EngineMaterials/Substrate/Glints2/dict_0000_0134" 10368
"/Engine/EngineMaterials/Substrate/Glints2/dict_0000_0121" 10369
"/Engine/EngineMaterials/Substrate/Glints2/dict_0000_0122" 10370
"../../../Engine/Content/EngineMaterials/Substrate/Glints2/dict_0000_0117.uasset" 10371
"../../../Engine/Content/EngineMaterials/Substrate/Glints2/dict_0000_0116.uasset" 10372
"/Engine/EngineMaterials/Substrate/Glints2/dict_0000_0127" 10373
"/Engine/EngineMaterials/Substrate/Glints2/dict_0000_0124" 10374
"/Engine/EngineMaterials/Substrate/Glints2/dict_0000_0125" 10375
"../../../Engine/Content/EngineMaterials/Substrate/Glints2/dict_0000_0114.uasset" 10376
"../../../Engine/Content/EngineMaterials/Substrate/Glints2/dict_0000_0112.uasset" 10377
"/Engine/EngineMaterials/Substrate/Glints2/dict_0000_0116" 10378
"../../../Engine/Content/EngineMaterials/Substrate/Glints2/dict_0000_0111.uasset" 10379
"../../../Engine/Content/EngineMaterials/Substrate/Glints2/dict_0000_0115.uasset" 10380
"../../../Engine/Content/EngineMaterials/Substrate/Glints2/dict_0000_0118.uasset" 10381
"../../../Engine/Content/EngineMaterials/Substrate/Glints2/dict_0000_0119.uasset" 10382
"/Engine/EngineMaterials/Substrate/Glints2/dict_0000_0117" 10383
"/Engine/EngineMaterials/Substrate/Glints2/dict_0000_0120" 10384
"/Engine/EngineMaterials/Substrate/Glints2/dict_0000_0112" 10385
"/Engine/EngineMaterials/Substrate/Glints2/dict_0000_0123" 10386
"/Engine/EngineMaterials/Substrate/Glints2/dict_0000_0114" 10387
"../../../Engine/Content/EngineMaterials/Substrate/Glints2/dict_0000_0110.uasset" 10388
"/Engine/EngineMaterials/Substrate/Glints2/dict_0000_0118" 10389
"/Engine/EngineMaterials/Substrate/Glints2/dict_0000_0119" 10390
"/Engine/EngineMaterials/Substrate/Glints2/dict_0000_0110" 10391
"/Engine/EngineMaterials/Substrate/Glints2/dict_0000_0111" 10392
"/Engine/EngineMaterials/Substrate/Glints2/dict_0000_0115" 10393
"../../../Engine/Content/EngineMaterials/Substrate/Glints2/dict_0000_0113.uasset" 10394
"../../../Engine/Content/EngineMaterials/Substrate/Glints2/dict_0000_0103.uasset" 10395
"../../../Engine/Content/EngineMaterials/Substrate/Glints2/dict_0000_0106.uasset" 10396
"../../../Engine/Content/EngineMaterials/Substrate/Glints2/dict_0000_0107.uasset" 10397
"../../../Engine/Content/EngineMaterials/Substrate/Glints2/dict_0000_0109.uasset" 10398
"../../../Engine/Content/EngineMaterials/Substrate/Glints2/dict_0000_0108.uasset" 10399
"../../../Engine/Content/EngineMaterials/Substrate/Glints2/dict_0000_0102.uasset" 10400
"../../../Engine/Content/EngineMaterials/Substrate/Glints2/dict_0000_0104.uasset" 10401
"../../../Engine/Content/EngineMaterials/Substrate/Glints2/dict_0000_0101.uasset" 10402
"../../../Engine/Content/EngineMaterials/Substrate/Glints2/dict_0000_0100.uasset" 10403
"../../../Engine/Content/EngineMaterials/Substrate/Glints2/dict_0000_0105.uasset" 10404
"../../../Engine/Content/EngineMaterials/Substrate/Glints2/dict_0000_0099.uasset" 10405
"../../../Engine/Content/EngineMaterials/Substrate/Glints2/dict_0000_0097.uasset" 10406
"../../../Engine/Content/EngineMaterials/Substrate/Glints2/dict_0000_0098.uasset" 10407
"/Engine/EngineMaterials/Substrate/Glints2/dict_0000_0106" 10408
"../../../Engine/Content/EngineMaterials/Substrate/Glints2/dict_0000_0096.uasset" 10409
"/Engine/EngineMaterials/Substrate/Glints2/dict_0000_0107" 10410
"../../../Engine/Content/EngineMaterials/Substrate/Glints2/dict_0000_0094.uasset" 10411
"/Engine/EngineMaterials/Substrate/Glints2/dict_0000_0097" 10412
"/Engine/EngineMaterials/Substrate/Glints2/dict_0000_0098" 10413
"../../../Engine/Content/EngineMaterials/Substrate/Glints2/dict_0000_0095.uasset" 10414
"/Engine/EngineMaterials/Substrate/Glints2/dict_0000_0099" 10415
"/Engine/EngineMaterials/Substrate/Glints2/dict_0000_0100" 10416
"/Engine/EngineMaterials/Substrate/Glints2/dict_0000_0108" 10417
"../../../Engine/Content/EngineMaterials/Substrate/Glints2/dict_0000_0093.uasset" 10418
"/Engine/EngineMaterials/Substrate/Glints2/dict_0000_0109" 10419
"/Engine/EngineMaterials/Substrate/Glints2/dict_0000_0101" 10420
"/Engine/EngineMaterials/Substrate/Glints2/dict_0000_0102" 10421
"/Engine/EngineMaterials/Substrate/Glints2/dict_0000_0113" 10422
"/Engine/EngineMaterials/Substrate/Glints2/dict_0000_0103" 10423
"/Engine/EngineMaterials/Substrate/Glints2/dict_0000_0104" 10424
"/Engine/EngineMaterials/Substrate/Glints2/dict_0000_0105" 10425
"/Engine/EngineMaterials/Substrate/Glints2/dict_0000_0093" 10426
"/Engine/EngineMaterials/Substrate/Glints2/dict_0000_0094" 10427
"../../../Engine/Content/EngineMaterials/Substrate/Glints2/dict_0000_0091.uasset" 10428
"../../../Engine/Content/EngineMaterials/Substrate/Glints2/dict_0000_0090.uasset" 10429
"../../../Engine/Content/EngineMaterials/Substrate/Glints2/dict_0000_0087.uasset" 10430
"../../../Engine/Content/EngineMaterials/Substrate/Glints2/dict_0000_0092.uasset" 10431
"/Engine/EngineMaterials/Substrate/Glints2/dict_0000_0095" 10432
"/Engine/EngineMaterials/Substrate/Glints2/dict_0000_0096" 10433
"../../../Engine/Content/EngineMaterials/Substrate/Glints2/dict_0000_0089.uasset" 10434
"/Engine/EngineMaterials/Substrate/Glints2/dict_0000_0090" 10435
"../../../Engine/Content/EngineMaterials/Substrate/Glints2/dict_0000_0086.uasset" 10436
"../../../Engine/Content/EngineMaterials/Substrate/Glints2/dict_0000_0088.uasset" 10437
"/Engine/EngineMaterials/Substrate/Glints2/dict_0000_0091" 10438
"/Engine/EngineMaterials/Substrate/Glints2/dict_0000_0092" 10439
"../../../Engine/Content/EngineMaterials/Substrate/Glints2/dict_0000_0084.uasset" 10440
"/Engine/EngineMaterials/Substrate/Glints2/dict_0000_0087" 10441
"/Engine/EngineMaterials/Substrate/Glints2/dict_0000_0084" 10442
"/Engine/EngineMaterials/Substrate/Glints2/dict_0000_0086" 10443
"/Engine/EngineMaterials/Substrate/Glints2/dict_0000_0088" 10444
"/Engine/EngineMaterials/Substrate/Glints2/dict_0000_0089" 10445
"../../../Engine/Content/EngineMaterials/Substrate/Glints2/dict_0000_0085.uasset" 10446
"../../../Engine/Content/EngineMaterials/Substrate/Glints2/dict_0000_0083.uasset" 10447
"../../../Engine/Content/EngineMaterials/Substrate/Glints2/dict_0000_0079.uasset" 10448
"../../../Engine/Content/EngineMaterials/Substrate/Glints2/dict_0000_0080.uasset" 10449
"../../../Engine/Content/EngineMaterials/Substrate/Glints2/dict_0000_0076.uasset" 10450
"../../../Engine/Content/EngineMaterials/Substrate/Glints2/dict_0000_0077.uasset" 10451
"../../../Engine/Content/EngineMaterials/Substrate/Glints2/dict_0000_0081.uasset" 10452
"../../../Engine/Content/EngineMaterials/Substrate/Glints2/dict_0000_0082.uasset" 10453
"../../../Engine/Content/EngineMaterials/Substrate/Glints2/dict_0000_0078.uasset" 10454
"../../../Engine/Content/EngineMaterials/Substrate/Glints2/dict_0000_0075.uasset" 10455
"../../../Engine/Content/EngineMaterials/Substrate/Glints2/dict_0000_0073.uasset" 10456
"../../../Engine/Content/EngineMaterials/Substrate/Glints2/dict_0000_0074.uasset" 10457
"/Engine/EngineMaterials/Substrate/Glints2/dict_0000_0085" 10458
"/Engine/EngineMaterials/Substrate/Glints2/dict_0000_0079" 10459
"../../../Engine/Content/EngineMaterials/Substrate/Glints2/dict_0000_0069.uasset" 10460
"/Engine/EngineMaterials/Substrate/Glints2/dict_0000_0080" 10461
"/Engine/EngineMaterials/Substrate/Glints2/dict_0000_0081" 10462
"/Engine/EngineMaterials/Substrate/Glints2/dict_0000_0073" 10463
"../../../Engine/Content/EngineMaterials/Substrate/Glints2/dict_0000_0067.uasset" 10464
"../../../Engine/Content/EngineMaterials/Substrate/Glints2/dict_0000_0071.uasset" 10465
"../../../Engine/Content/EngineMaterials/Substrate/Glints2/dict_0000_0070.uasset" 10466
"/Engine/EngineMaterials/Substrate/Glints2/dict_0000_0082" 10467
"../../../Engine/Content/EngineMaterials/Substrate/Glints2/dict_0000_0068.uasset" 10468
"../../../Engine/Content/EngineMaterials/Substrate/Glints2/dict_0000_0072.uasset" 10469
"/Engine/EngineMaterials/Substrate/Glints2/dict_0000_0074" 10470
"../../../Engine/Content/EngineMaterials/Substrate/Glints2/dict_0000_0066.uasset" 10471
"../../../Engine/Content/EngineMaterials/Substrate/Glints2/dict_0000_0065.uasset" 10472
"/Engine/EngineMaterials/Substrate/Glints2/dict_0000_0075" 10473
"/Engine/EngineMaterials/Substrate/Glints2/dict_0000_0076" 10474
"/Engine/EngineMaterials/Substrate/Glints2/dict_0000_0083" 10475
"/Engine/EngineMaterials/Substrate/Glints2/dict_0000_0077" 10476
"/Engine/EngineMaterials/Substrate/Glints2/dict_0000_0078" 10477
"/Engine/EngineMaterials/Substrate/Glints2/dict_0000_0065" 10478
"/Engine/EngineMaterials/Substrate/Glints2/dict_0000_0066" 10479
"/Engine/EngineMaterials/Substrate/Glints2/dict_0000_0067" 10480
"/Engine/EngineMaterials/Substrate/Glints2/dict_0000_0068" 10481
"/Engine/EngineMaterials/Substrate/Glints2/dict_0000_0069" 10482
"../../../Engine/Content/EngineMaterials/Substrate/Glints2/dict_0000_0064.uasset" 10483
"/Engine/EngineMaterials/Substrate/Glints2/dict_0000_0070" 10484
"/Engine/EngineMaterials/Substrate/Glints2/dict_0000_0071" 10485
"/Engine/EngineMaterials/Substrate/Glints2/dict_0000_0072" 10486
"../../../Engine/Content/EngineMaterials/Substrate/Glints2/dict_0000_0062.uasset" 10487
"/Engine/EngineMaterials/Substrate/Glints2/dict_0000_0062" 10488
"/Engine/EngineMaterials/Substrate/Glints2/dict_0000_0064" 10489
"../../../Engine/Content/EngineMaterials/Substrate/Glints2/dict_0000_0060.uasset" 10490
"../../../Engine/Content/EngineMaterials/Substrate/Glints2/dict_0000_0059.uasset" 10491
"../../../Engine/Content/EngineMaterials/Substrate/Glints2/dict_0000_0061.uasset" 10492
"../../../Engine/Content/EngineMaterials/Substrate/Glints2/dict_0000_0063.uasset" 10493
"../../../Engine/Content/EngineMaterials/Substrate/Glints2/dict_0000_0056.uasset" 10494
"../../../Engine/Content/EngineMaterials/Substrate/Glints2/dict_0000_0057.uasset" 10495
"../../../Engine/Content/EngineMaterials/Substrate/Glints2/dict_0000_0055.uasset" 10496
"../../../Engine/Content/EngineMaterials/Substrate/Glints2/dict_0000_0058.uasset" 10497
"../../../Engine/Content/EngineMaterials/Substrate/Glints2/dict_0000_0053.uasset" 10498
"../../../Engine/Content/EngineMaterials/Substrate/Glints2/dict_0000_0050.uasset" 10499
"../../../Engine/Content/EngineMaterials/Substrate/Glints2/dict_0000_0054.uasset" 10500
"../../../Engine/Content/EngineMaterials/Substrate/Glints2/dict_0000_0052.uasset" 10501
"../../../Engine/Content/EngineMaterials/Substrate/Glints2/dict_0000_0048.uasset" 10502
"../../../Engine/Content/EngineMaterials/Substrate/Glints2/dict_0000_0051.uasset" 10503
"../../../Engine/Content/EngineMaterials/Substrate/Glints2/dict_0000_0049.uasset" 10504
"../../../Engine/Content/EngineMaterials/Substrate/Glints2/dict_0000_0045.uasset" 10505
"../../../Engine/Content/EngineMaterials/Substrate/Glints2/dict_0000_0047.uasset" 10506
"../../../Engine/Content/EngineMaterials/Substrate/Glints2/dict_0000_0046.uasset" 10507
"../../../Engine/Content/EngineMaterials/Substrate/Glints2/dict_0000_0044.uasset" 10508
"/Engine/EngineMaterials/Substrate/Glints2/dict_0000_0057" 10509
"../../../Engine/Content/EngineMaterials/Substrate/Glints2/dict_0000_0039.uasset" 10510
"../../../Engine/Content/EngineMaterials/Substrate/Glints2/dict_0000_0043.uasset" 10511
"../../../Engine/Content/EngineMaterials/Substrate/Glints2/dict_0000_0040.uasset" 10512
"/Engine/EngineMaterials/Substrate/Glints2/dict_0000_0053" 10513
"../../../Engine/Content/EngineMaterials/Substrate/Glints2/dict_0000_0041.uasset" 10514
"/Engine/EngineMaterials/Substrate/Glints2/dict_0000_0058" 10515
"../../../Engine/Content/EngineMaterials/Substrate/Glints2/dict_0000_0036.uasset" 10516
"../../../Engine/Content/EngineMaterials/Substrate/Glints2/dict_0000_0035.uasset" 10517
"/Engine/EngineMaterials/Substrate/Glints2/dict_0000_0059" 10518
"../../../Engine/Content/EngineMaterials/Substrate/Glints2/dict_0000_0042.uasset" 10519
"../../../Engine/Content/EngineMaterials/Substrate/Glints2/dict_0000_0037.uasset" 10520
"/Engine/EngineMaterials/Substrate/Glints2/dict_0000_0061" 10521
"/Engine/EngineMaterials/Substrate/Glints2/dict_0000_0063" 10522
"/Engine/EngineMaterials/Substrate/Glints2/dict_0000_0054" 10523
"/Engine/EngineMaterials/Substrate/Glints2/dict_0000_0044" 10524
"/Engine/EngineMaterials/Substrate/Glints2/dict_0000_0045" 10525
"/Engine/EngineMaterials/Substrate/Glints2/dict_0000_0046" 10526
"/Engine/EngineMaterials/Substrate/Glints2/dict_0000_0060" 10527
"/Engine/EngineMaterials/Substrate/Glints2/dict_0000_0047" 10528
"/Engine/EngineMaterials/Substrate/Glints2/dict_0000_0055" 10529
"/Engine/EngineMaterials/Substrate/Glints2/dict_0000_0048" 10530
"/Engine/EngineMaterials/Substrate/Glints2/dict_0000_0049" 10531
"/Engine/EngineMaterials/Substrate/Glints2/dict_0000_0056" 10532
"/Engine/EngineMaterials/Substrate/Glints2/dict_0000_0050" 10533
"/Engine/EngineMaterials/Substrate/Glints2/dict_0000_0051" 10534
"../../../Engine/Content/EngineMaterials/Substrate/Glints2/dict_0000_0033.uasset" 10535
"/Engine/EngineMaterials/Substrate/Glints2/dict_0000_0052" 10536
"../../../Engine/Content/EngineMaterials/Substrate/Glints2/dict_0000_0034.uasset" 10537
"../../../Engine/Content/EngineMaterials/Substrate/Glints2/dict_0000_0032.uasset" 10538
"../../../Engine/Content/EngineMaterials/Substrate/Glints2/dict_0000_0038.uasset" 10539
"/Engine/EngineMaterials/Substrate/Glints2/dict_0000_0033" 10540
"/Engine/EngineMaterials/Substrate/Glints2/dict_0000_0041" 10541
"../../../Engine/Content/EngineMaterials/Substrate/Glints2/dict_0000_0031.uasset" 10542
"/Engine/EngineMaterials/Substrate/Glints2/dict_0000_0042" 10543
"/Engine/EngineMaterials/Substrate/Glints2/dict_0000_0043" 10544
"/Engine/EngineMaterials/Substrate/Glints2/dict_0000_0032" 10545
"/Engine/EngineMaterials/Substrate/Glints2/dict_0000_0034" 10546
"/Engine/EngineMaterials/Substrate/Glints2/dict_0000_0035" 10547
"/Engine/EngineMaterials/Substrate/Glints2/dict_0000_0036" 10548
"/Engine/EngineMaterials/Substrate/Glints2/dict_0000_0037" 10549
"/Engine/EngineMaterials/Substrate/Glints2/dict_0000_0038" 10550
"/Engine/EngineMaterials/Substrate/Glints2/dict_0000_0039" 10551
"/Engine/EngineMaterials/Substrate/Glints2/dict_0000_0040" 10552
"/Engine/EngineMaterials/Substrate/Glints2/dict_0000_0031" 10553
"../../../Engine/Content/EngineMaterials/Substrate/Glints2/dict_0000_0029.uasset" 10554
"../../../Engine/Content/EngineMaterials/Substrate/Glints2/dict_0000_0030.uasset" 10555
"../../../Engine/Content/EngineMaterials/Substrate/Glints2/dict_0000_0027.uasset" 10556
"../../../Engine/Content/EngineMaterials/Substrate/Glints2/dict_0000_0028.uasset" 10557
"../../../Engine/Content/EngineMaterials/Substrate/Glints2/dict_0000_0025.uasset" 10558
"../../../Engine/Content/EngineMaterials/Substrate/Glints2/dict_0000_0026.uasset" 10559
"/Engine/EngineMaterials/Substrate/Glints2/dict_0000_0025" 10560
"../../../Engine/Content/EngineMaterials/Substrate/Glints2/dict_0000_0024.uasset" 10561
"/Engine/EngineMaterials/Substrate/Glints2/dict_0000_0026" 10562
"/Engine/EngineMaterials/Substrate/Glints2/dict_0000_0027" 10563
"/Engine/EngineMaterials/Substrate/Glints2/dict_0000_0028" 10564
"/Engine/EngineMaterials/Substrate/Glints2/dict_0000_0029" 10565
"/Engine/EngineMaterials/Substrate/Glints2/dict_0000_0030" 10566
"/Engine/EngineMaterials/Substrate/Glints2/dict_0000_0024" 10567
"../../../Engine/Content/EngineMaterials/Substrate/Glints2/dict_0000_0023.uasset" 10568
"../../../Engine/Content/EngineMaterials/Substrate/Glints2/dict_0000_0021.uasset" 10569
"../../../Engine/Content/EngineMaterials/Substrate/Glints2/dict_0000_0022.uasset" 10570
"../../../Engine/Content/EngineMaterials/Substrate/Glints2/dict_0000_0019.uasset" 10571
"../../../Engine/Content/EngineMaterials/Substrate/Glints2/dict_0000_0018.uasset" 10572
"../../../Engine/Content/EngineMaterials/Substrate/Glints2/dict_0000_0020.uasset" 10573
"../../../Engine/Content/EngineMaterials/Substrate/Glints2/dict_0000_0017.uasset" 10574
"../../../Engine/Content/EngineMaterials/Substrate/Glints2/dict_0000_0015.uasset" 10575
"../../../Engine/Content/EngineMaterials/Substrate/Glints2/dict_0000_0012.uasset" 10576
"../../../Engine/Content/EngineMaterials/Substrate/Glints2/dict_0000_0016.uasset" 10577
"../../../Engine/Content/EngineMaterials/Substrate/Glints2/dict_0000_0011.uasset" 10578
"../../../Engine/Content/EngineMaterials/Substrate/Glints2/dict_0000_0013.uasset" 10579
"/Engine/EngineMaterials/Substrate/Glints2/dict_0000_0012" 10580
"../../../Engine/Content/EngineMaterials/Substrate/Glints2/dict_0000_0014.uasset" 10581
"../../../Engine/Content/EngineMaterials/Substrate/Glints2/dict_0000_0010.uasset" 10582
"/Engine/EngineMaterials/Substrate/Glints2/dict_0000_0015" 10583
"../../../Engine/Content/EngineMaterials/Substrate/Glints2/dict_0000_0009.uasset" 10584
"/Engine/EngineMaterials/Substrate/Glints2/dict_0000_0016" 10585
"/Engine/EngineMaterials/Substrate/Glints2/dict_0000_0017" 10586
"/Engine/EngineMaterials/Substrate/Glints2/dict_0000_0018" 10587
"/Engine/EngineMaterials/Substrate/Glints2/dict_0000_0019" 10588
"/Engine/EngineMaterials/Substrate/Glints2/dict_0000_0020" 10589
"/Engine/EngineMaterials/Substrate/Glints2/dict_0000_0021" 10590
"/Engine/EngineMaterials/Substrate/Glints2/dict_0000_0022" 10591
"/Engine/EngineMaterials/Substrate/Glints2/dict_0000_0023" 10592
"/Engine/EngineMaterials/Substrate/Glints2/dict_0000_0013" 10593
"/Engine/EngineMaterials/Substrate/Glints2/dict_0000_0014" 10594
"/Engine/EngineMaterials/Substrate/Glints2/dict_0000_0009" 10595
"/Engine/EngineMaterials/Substrate/Glints2/dict_0000_0010" 10596
"/Engine/EngineMaterials/Substrate/Glints2/dict_0000_0011" 10597
"../../../Engine/Content/EngineMaterials/Substrate/Glints2/dict_0000_0007.uasset" 10598
"../../../Engine/Content/EngineMaterials/Substrate/Glints2/dict_0000_0008.uasset" 10599
"../../../Engine/Content/EngineMaterials/Substrate/Glints2/dict_0000_0005.uasset" 10600
"../../../Engine/Content/EngineMaterials/Substrate/Glints2/dict_0000_0003.uasset" 10601
"../../../Engine/Content/EngineMaterials/Hair/Hair_DualScattering2D.uasset" 10602
"../../../Engine/Content/EngineMaterials/Hair/Hair_DualScattering.uasset" 10603
"../../../Engine/Content/EngineMaterials/Hair/Hair_DirectionalAlbedo2D.uasset" 10604
"../../../Engine/Content/EngineMaterials/Hair/Hair_DirectionalAlbedo.uasset" 10605
"../../../Engine/Content/EngineMaterials/Substrate/Glints2/dict_0000_0006.uasset" 10606
"../../../Engine/Content/EngineMaterials/Substrate/Glints2/dict_0000_0002.uasset" 10607
"../../../Engine/Content/EngineMaterials/Substrate/Glints2/dict_0000_0001.uasset" 10608
"../../../Engine/Content/MobileResources/HUD/VirtualJoystick_Thumb.uasset" 10609
"../../../Engine/Content/MobileResources/HUD/VirtualJoystick_Background.uasset" 10610
"../../../Engine/Content/EngineMaterials/Substrate/Glints2/dict_0000_0004.uasset" 10611
"../../../Engine/Content/MobileResources/HUD/LeftVirtualJoystickOnly.uasset" 10612
"../../../Engine/Content/EngineMaterials/Substrate/Volume/SubstrateSimpleVolumeLUT2D.uasset" 10613
"../../../Engine/Content/EngineMaterials/Substrate/Volume/SubstrateSimpleVolumeLUT3D.uasset" 10614
"../../../Engine/Content/EngineMaterials/DefaultCalibrationColor.uasset" 10615
"../../../Engine/Content/EngineMaterials/Substrate/Glints2/dict_0000_0000.uasset" 10616
"../../../Engine/Content/EngineMaterials/Substrate/Glints2/AGlintTex2dArray2.uasset" 10617
"../../../Engine/Content/EngineMaterials/PPM_DefaultCalibrationColor.uasset" 10618
"/Engine/EngineMaterials/Substrate/Glints2/AGlintTex2dArray2" 10619
"../../../Engine/Content/EngineMaterials/Substrate/Volume/SubstrateSimpleVolumeEnvLUT2D.uasset" 10620
"../../../Engine/Content/EngineMaterials/Substrate/Volume/SubstrateSimpleVolumeEnvLUT3D.uasset" 10621
"../../../Engine/Plugins/Interchange/Assets/Content/Functions/MX_Surface.uasset" 10622
"../../../Engine/Content/EngineMaterials/PPM_DefaultCalibrationGrayscale.uasset" 10623
"../../../Engine/Content/Functions/MaterialLayerFunctions/MatLayerBlend_OverrideOpacity.uasset" 10624
"../../../Engine/Content/Functions/Engine_MaterialFunctions02/Utility/BlendAngleCorrectedNormals.uasset" 10625
"../../../Engine/Content/Functions/Engine_MaterialFunctions03/Procedurals/HeightToNormalSmooth.uasset" 10626
"../../../Engine/Plugins/Interchange/Assets/Content/Functions/MX_Displacement.uasset" 10627
"../../../Engine/Plugins/NNE/NNEDenoiser/Content/NNEDIM_ColorAlbedoNormal_Alpha.uasset" 10628
"../../../Engine/Plugins/NNE/NNEDenoiser/Content/NNEDIM_ColorAlbedoNormal_Default.uasset" 10629
"../../../Engine/Content/EngineMaterials/DefaultCalibrationGrayscale.uasset" 10630
"/Engine/EngineMaterials/PPM_DefaultCalibrationColor" 10631
"/Engine/MobileResources/HUD/LeftVirtualJoystickOnly" 10632
"/Engine/EngineMaterials/Substrate/Volume/SubstrateSimpleVolumeLUT3D" 10633
"/Engine/EngineMaterials/Hair/Hair_DirectionalAlbedo" 10634
"/Engine/EngineMaterials/Hair/Hair_DualScattering" 10635
"/InterchangeAssets/Functions/MX_Surface" 10636
"/NNEDenoiser/NNEDIM_ColorAlbedoNormal_Default" 10637
"/NNEDenoiser/NNEDIM_ColorAlbedoNormal_Alpha" 10638
"/Engine/EngineMaterials/PPM_DefaultCalibrationGrayscale" 10639
"/InterchangeAssets/Functions/MX_Displacement" 10640
"../../../Engine/Plugins/NNE/NNEDenoiser/Content/NNEDIM_HighQuality_Alpha.uasset" 10641
"/Engine/EngineMaterials/Substrate/Volume/SubstrateSimpleVolumeEnvLUT3D" 10642
"../../../Engine/Plugins/NNE/NNEDenoiser/Content/NNEDIM_HighQuality_Default.uasset" 10643
"../../../Engine/Plugins/NNE/NNEDenoiser/Content/NNEDOM_Output_Alpha.uasset" 10644
"../../../Engine/Plugins/NNE/NNEDenoiser/Content/NNEDOM_Output_Default.uasset" 10645
"../../../Engine/Plugins/NNE/NNEDenoiser/Content/NNEDTIM_ColorAlbedoNormal_Default.uasset" 10646
"../../../Engine/Plugins/NNE/NNEDenoiser/Content/NNEDTOM_Output_Alpha.uasset" 10647
"/NNEDenoiser/NNEDTOM_Output_Alpha" 10648
"/NNEDenoiser/NNEDTIM_ColorAlbedoNormal_Default" 10649
"/NNEDenoiser/NNEDOM_Output_Default" 10650
"/NNEDenoiser/NNEDOM_Output_Alpha" 10651
"/NNEDenoiser/NNEDIM_HighQuality_Default" 10652
"/NNEDenoiser/NNEDIM_HighQuality_Alpha" 10653
"../../../Engine/Plugins/NNE/NNEDenoiser/Content/NNEDTOM_Output_Default.uasset" 10654
"../../../Engine/Plugins/NNE/NNEDenoiser/Content/NNEDT_Oidn2-3_Balanced.uasset" 10655
"../../../Engine/Plugins/NNE/NNEDenoiser/Content/NNED_Oidn2-3_Fast.uasset" 10656
"../../../Engine/Plugins/NNE/NNEDenoiser/Content/NNED_Oidn2-3_Balanced_Alpha.uasset" 10657
"../../../Engine/Plugins/NNE/NNEDenoiser/Content/NNEDT_Oidn2-3_Balanced_Alpha.uasset" 10658
"../../../Engine/Plugins/NNE/NNEDenoiser/Content/NNEDTIM_ColorAlbedoNormal_Alpha.uasset" 10659
"../../../Engine/Plugins/NNE/NNEDenoiser/Content/NNED_Oidn2-3_Fast_Alpha.uasset" 10660
"../../../Engine/Plugins/NNE/NNEDenoiser/Content/NNED_Oidn2-3_HighQuality.uasset" 10661
"../../../Engine/Content/EditorResources/BSPVertex.uasset" 10662
"../../../Engine/Content/EngineMaterials/DefaultBloomKernel.uasset" 10663
"../../../Engine/Plugins/NNE/NNEDenoiser/Content/NNED_Oidn2-3_HighQuality_Alpha.uasset" 10664
"/NNEDenoiser/NNED_Oidn2-3_HighQuality_Alpha" 10665
"../../../Engine/Plugins/NNE/NNEDenoiser/Content/NNE_oidn2-3-0_rt_hdr_alb_nrm_small__dyn__fp16_opset11_ForwardAlpha.uasset" 10666
"../../../Engine/Content/EngineDebugMaterials/DebugEditorMaterial.uasset" 10667
"../../../Engine/Content/EngineMaterials/FastBlueNoise_scalar_128x128x64.uasset" 10668
"../../../Engine/Plugins/NNE/NNEDenoiser/Content/NNED_Oidn2-3_Balanced.uasset" 10669
"../../../Engine/Content/EngineMaterials/FastBlueNoise_vec2_128x128x64.uasset" 10670
"/NNEDenoiser/NNED_Oidn2-3_HighQuality" 10671
"../../../Engine/Plugins/NNE/NNEDenoiser/Content/NNE_oidn2-3-0_rt_hdr_alb_nrm_small__dyn__fp16_opset11_DenoiseAlpha.uasset" 10672
"/NNEDenoiser/NNED_Oidn2-3_Fast_Alpha" 10673
"/NNEDenoiser/NNED_Oidn2-3_Fast" 10674
"/NNEDenoiser/NNED_Oidn2-3_Balanced_Alpha" 10675
"/Engine/EngineMaterials/DefaultBloomKernel" 10676
"/NNEDenoiser/NNEDT_Oidn2-3_Balanced_Alpha" 10677
"/NNEDenoiser/NNEDT_Oidn2-3_Balanced" 10678
"/NNEDenoiser/NNEDTOM_Output_Default" 10679
"/Engine/EditorResources/BSPVertex" 10680
"/NNEDenoiser/NNEDTIM_ColorAlbedoNormal_Alpha" 10681
"/Engine/EngineMaterials/FastBlueNoise_vec2_128x128x64" 10682
"/Engine/EngineMaterials/FastBlueNoise_scalar_128x128x64" 10683
"/NNEDenoiser/NNE_oidn2-3-0_rt_hdr_alb_nrm_small__dyn__fp16_opset11_ForwardAlpha" 10684
"../../../Engine/Plugins/NNE/NNEDenoiser/Content/NNE_oidn2-3-0_rt_hdr_calb_cnrm_large__dyn__fp16_opset11_DenoiseAlpha.uasset" 10685
"/NNEDenoiser/NNE_oidn2-3-0_rt_hdr_alb_nrm_small__dyn__fp16_opset11_DenoiseAlpha" 10686
"../../../Engine/Content/EngineResources/Development/ZenLogo_64.uasset" 10687
"../../../Engine/Content/EngineMaterials/Hair/Hair_Coverage.uasset" 10688
"../../../Engine/Content/EngineMaterials/EnergyConservation/Diffuse_Energy.uasset" 10689
"/Engine/EngineDebugMaterials/DebugEditorMaterial" 10690
"../../../Engine/Content/EngineSounds/Master.uasset" 10691
"../../../Engine/Plugins/NNE/NNEDenoiser/Content/NNE_oidn2-3-0_rt_hdr_calb_cnrm_large__dyn__fp16_opset11_ForwardAlpha.uasset" 10692
"../../../Engine/Content/EngineResources/FilmGrains/Marcie_Grain_v3_128_M2_000.uasset" 10693
"../../../Engine/Content/EngineMaterials/FastBlueNoise_scalar_128x128x8.uasset" 10694
"../../../Engine/Plugins/NNE/NNEDenoiser/Content/NNE_oidn2-3-0_rt_hdr_alb_nrm__dyn__fp16_opset11_DenoiseAlpha.uasset" 10695
"../../../Engine/Content/EngineMaterials/SMAAAreaTex.uasset" 10696
"../../../Engine/Content/EngineMaterials/EnergyConservation/Sheen_Energy.uasset" 10697
"../../../Engine/Content/EngineMaterials/SMAASearchTex.uasset" 10698
"../../../Engine/Plugins/Interchange/Runtime/Content/Pipelines/DefaultAssetsPipeline.uasset" 10699
"../../../Engine/Plugins/NNE/NNEDenoiser/Content/NNE_oidn2-3-0_rt_hdr_alb_nrm__dyn__fp16_opset11_ForwardAlpha.uasset" 10700
"../../../Engine/Plugins/Interchange/Runtime/Content/Pipelines/DefaultGLTFAssetsPipeline.uasset" 10701
"../../../Engine/Plugins/Interchange/Runtime/Content/Pipelines/DefaultGLTFPipeline.uasset" 10702
"../../../Engine/Plugins/Interchange/Runtime/Content/Pipelines/DefaultFBXOBJAssetsPipeline.uasset" 10703
"../../../Engine/Plugins/Interchange/Runtime/Content/Pipelines/DefaultMaterialPipeline.uasset" 10704
"../../../Engine/Plugins/Interchange/Runtime/Content/Pipelines/DefaultAudioPipeline.uasset" 10705
"../../../Engine/Plugins/Interchange/Runtime/Content/Pipelines/DefaultTexturePipeline.uasset" 10706
"../../../Engine/Plugins/Interchange/Runtime/Content/Pipelines/DefaultSceneAssetsPipeline.uasset" 10707
"../../../Engine/Plugins/Interchange/Runtime/Content/Pipelines/DefaultMaterialXPipeline.uasset" 10708
"../../../Engine/Plugins/Interchange/Runtime/Content/Pipelines/DefaultGLTFSceneAssetsPipeline.uasset" 10709
"../../../Engine/Plugins/Interchange/Runtime/Content/Pipelines/DefaultFBXOBJSceneAssetsPipeline.uasset" 10710
"../../../Engine/Plugins/Interchange/Assets/Content/Functions/MX_SurfaceUnlit.uasset" 10711
"../../../Engine/Plugins/Interchange/Runtime/Content/Pipelines/DefaultSceneLevelPipeline.uasset" 10712
"/NNEDenoiser/NNED_Oidn2-3_Balanced" 10713
"/Engine/EngineMaterials/EnergyConservation/Diffuse_Energy" 10714
"/Engine/EngineMaterials/EnergyConservation/Sheen_Energy" 10715
"/Engine/EngineMaterials/FastBlueNoise_scalar_128x128x8" 10716
"/NNEDenoiser/NNE_oidn2-3-0_rt_hdr_calb_cnrm_large__dyn__fp16_opset11_DenoiseAlpha" 10717
"../../../Engine/Plugins/Interchange/Assets/Content/Functions/MX_OrenNayarBSDF.uasset" 10718
"../../../Engine/Plugins/Interchange/Assets/Content/Substrate/MX_SimpleVolume.uasset" 10719
"../../../Engine/Plugins/Interchange/Assets/Content/Functions/MX_UsdPreviewSurface.uasset" 10720
"../../../Engine/Plugins/Interchange/Assets/Content/Functions/MX_DielectricBSDF.uasset" 10721
"../../../Engine/Plugins/Interchange/Assets/Content/Functions/MX_BurleyDiffuseBSDF.uasset" 10722
"../../../Engine/Plugins/Interchange/Assets/Content/Functions/MX_TranslucentBSDF.uasset" 10723
"/NNEDenoiser/NNE_oidn2-3-0_rt_hdr_alb_nrm__dyn__fp16_opset11_ForwardAlpha" 10724
"/NNEDenoiser/NNE_oidn2-3-0_rt_hdr_alb_nrm__dyn__fp16_opset11_DenoiseAlpha" 10725
"/InterchangeAssets/Functions/MX_SurfaceUnlit" 10726
"/Interchange/Pipelines/DefaultFBXOBJSceneAssetsPipeline" 10727
"/Interchange/Pipelines/DefaultGLTFSceneAssetsPipeline" 10728
"/Interchange/Pipelines/DefaultSceneLevelPipeline" 10729
"/Interchange/Pipelines/DefaultSceneAssetsPipeline" 10730
"/Engine/EngineResources/Development/ZenLogo_64" 10731
"/Engine/EngineResources/FilmGrains/Marcie_Grain_v3_128_M2_000" 10732
"/Interchange/Pipelines/DefaultAudioPipeline" 10733
"/Interchange/Pipelines/DefaultTexturePipeline" 10734
"/Interchange/Pipelines/DefaultMaterialPipeline" 10735
"/Interchange/Pipelines/DefaultFBXOBJAssetsPipeline" 10736
"/Interchange/Pipelines/DefaultMaterialXPipeline" 10737
"/Interchange/Pipelines/DefaultGLTFPipeline" 10738
"/NNEDenoiser/NNE_oidn2-3-0_rt_hdr_calb_cnrm_large__dyn__fp16_opset11_ForwardAlpha" 10739
"/Interchange/Pipelines/DefaultAssetsPipeline" 10740
"/Interchange/Pipelines/DefaultGLTFAssetsPipeline" 10741
"/Engine/EngineSounds/Master" 10742
"/Engine/EngineMaterials/SMAASearchTex" 10743
"/Engine/EngineMaterials/SMAAAreaTex" 10744
"/Engine/EngineMaterials/Hair/Hair_Coverage" 10745
"/InterchangeAssets/Functions/MX_DielectricBSDF" 10746
"/InterchangeAssets/Functions/MX_TranslucentBSDF" 10747
"/InterchangeAssets/Functions/MX_BurleyDiffuseBSDF" 10748
"/InterchangeAssets/Functions/MX_OrenNayarBSDF" 10749
"/InterchangeAssets/Substrate/MX_SimpleVolume" 10750
"../../../Engine/Plugins/Interchange/Assets/Content/Functions/MX_SubsurfaceBSDF.uasset" 10751
"../../../Engine/Plugins/Interchange/Assets/Content/Functions/MX_ChiangHairBSDF.uasset" 10752
"../../../Engine/Plugins/Interchange/Assets/Content/Functions/MX_MeasuredEDF.uasset" 10753
"../../../Engine/Plugins/Interchange/Assets/Content/Functions/MX_UniformEDF.uasset" 10754
"../../../Engine/Plugins/Interchange/Assets/Content/Functions/MX_SheenBSDF.uasset" 10755
"../../../Engine/Plugins/Interchange/Assets/Content/Functions/MX_AbsorptionVDF.uasset" 10756
"../../../Engine/Plugins/Interchange/Assets/Content/Functions/MX_ConicalEDF.uasset" 10757
"../../../Engine/Plugins/Interchange/Assets/Content/Functions/MX_GeneralizedSchlickBSDF.uasset" 10758
"../../../Engine/Plugins/Interchange/Assets/Content/Functions/MX_ConductorBSDF.uasset" 10759
"../../../Engine/Plugins/Interchange/Assets/Content/Functions/MX_AnisotropicVDF.uasset" 10760
"../../../Engine/Plugins/Animation/ControlRig/Content/Controls/ControlRigGizmoMaterial.uasset" 10761
"/InterchangeAssets/Functions/MX_UsdPreviewSurface" 10762
"/ControlRig/Controls/ControlRigGizmoMaterial" 10763
"/InterchangeAssets/Functions/MX_AnisotropicVDF" 10764
"/InterchangeAssets/Functions/MX_AbsorptionVDF" 10765
"C:/Users/Administrator/AppData/Local/UnrealEngine/Common/DerivedDataCache/Buckets/BulkDataList/5a/7e/8915db032298a7bc797053baa94764f79eba.udd" 10766
"C:/Users/Administrator/AppData/Local/UnrealEngine/Common/DerivedDataCache/Buckets/BulkDataList/fd/91/996093d35309c7a20ce753f00423474122fd.udd" 10767
"/InterchangeAssets/Functions/MX_MeasuredEDF" 10768
"/InterchangeAssets/Functions/MX_ConicalEDF" 10769
"/InterchangeAssets/Functions/MX_UniformEDF" 10770
"/InterchangeAssets/Functions/MX_ChiangHairBSDF" 10771
"/InterchangeAssets/Functions/MX_SheenBSDF" 10772
"/InterchangeAssets/Functions/MX_SubsurfaceBSDF" 10773
"/InterchangeAssets/Functions/MX_GeneralizedSchlickBSDF" 10774
"/InterchangeAssets/Functions/MX_ConductorBSDF" 10775
"../../../../../../Game projects/Grand-City-Mobile-RP-UE5/Content/Characters/Mannequins/Textures/Manny/T_Manny_02_MRA.uasset" 10776
"../../../../../../Game projects/Grand-City-Mobile-RP-UE5/Content/Characters/Mannequins/Textures/Manny/T_Manny_02_D.uasset" 10777
"../../../../../../Game projects/Grand-City-Mobile-RP-UE5/Content/Characters/Mannequins/Textures/Manny/T_Manny_02_BN.uasset" 10778
"C:/Users/Administrator/AppData/Local/UnrealEngine/Common/DerivedDataCache/Buckets/LegacyTEXTURE/f9/10/2633f3f537d00ddd854c5d247ba8dea91acb.udd" 10779
"C:/Users/Administrator/AppData/Local/UnrealEngine/Common/DerivedDataCache/Buckets/LegacyTEXTURE/71/1a/5bda49a3e503acaa43648c40ad2387113843.udd" 10780
"C:/Users/Administrator/AppData/Local/UnrealEngine/Common/DerivedDataCache/Buckets/LegacyTEXTURE/81/8f/abc4ca605d322d311970871660f3eaf50499.udd" 10781
"C:/Users/Administrator/AppData/Local/UnrealEngine/Common/DerivedDataCache/Buckets/LegacyTEXTURE/91/81/c90c4a45207e6e53e3fcc938a1b4fc3e0d7b.udd" 10782
"C:/Users/Administrator/AppData/Local/UnrealEngine/Common/DerivedDataCache/Content/e3/22/4528faa7d89d69a41c37c56e23a3856263a7.udd" 10783
"C:/Users/Administrator/AppData/Local/UnrealEngine/Common/DerivedDataCache/Buckets/LegacyTEXTURE/61/32/c41f2fe647bfa12d7616cf3b796c82c8f2bb.udd" 10784
"C:/Users/Administrator/AppData/Local/UnrealEngine/Common/DerivedDataCache/Buckets/LegacyTEXTURE/d9/17/a5fc0e859cda8c825a1856ba2639ce93ce14.udd" 10785
"C:/Users/Administrator/AppData/Local/UnrealEngine/Common/DerivedDataCache/Buckets/LegacyTEXTURE/ce/f1/ceac1f3e22f5ddecf479c6348a6b72e0f68b.udd" 10786
"C:/Game projects/Grand-City-Mobile-RP-UE5/DerivedDataCache/VT/TEXTURE_7C16439390E24F1F9468894FB4D4BC55_VTCHUNK38740DBD4108040D6985AA56705D97D46F27920C" 10787
"C:/Game projects/Grand-City-Mobile-RP-UE5/DerivedDataCache/VT/TEXTURE_7C16439390E24F1F9468894FB4D4BC55_VTCHUNK02D4C3BCAD7DFA48AB32B8281FB06B8B83DB6275" 10788
"C:/Game projects/Grand-City-Mobile-RP-UE5/DerivedDataCache/VT/TEXTURE_7C16439390E24F1F9468894FB4D4BC55_VTCHUNK52AB67146A7E80270710A3669AC643DE53297736" 10789
"C:/Users/Administrator/AppData/Local/UnrealEngine/Common/DerivedDataCache/Buckets/LegacyTEXTURE/56/bb/f62dd383ce5b5e36b4b87babedafd79f4abd.udd" 10790
"C:/Game projects/Grand-City-Mobile-RP-UE5/Saved/Cooked/Android/GrandCityMobile/Metadata/CookedSettings.txt" 10791
